ticker,yf_bars,al_bars,bar_coverage,vol_coverage,matched_bars,close_mae_bps
CHSN,1515,226,0.1419141914191419,0.0017144194702097902,215,58.160554619809005
EDBL,4150,791,0.18650602409638553,0.001896222554090563,774,54.316399031254036
PMAX,1340,114,0.06791044776119402,0.0019173074155015904,91,54.98810785734849
ERNA,1289,190,0.1404189294026377,0.0021881091784551002,181,55.74476511531672
SUGP,2914,371,0.11427590940288264,0.002251574258082247,333,45.531655262209384
VIVK,6556,1160,0.17571690054911532,0.0024491852545629237,1152,1431.850751633152
YHC,4209,476,0.11142789261107151,0.0025841700872372675,469,50.18862342159235
RUBI,2491,191,0.07426736250501806,0.002691730185695607,185,99.61443836664108
KIDZ,6055,1488,0.24178364987613543,0.0027260731792051805,1464,58.39890762644758
CYCU,3857,1027,0.24812030075187969,0.002785909685096274,957,73.27866590770728
DXST,1170,161,0.13418803418803418,0.0028464559117426904,157,43.52299298680058
EZRA,1515,293,0.1782178217821782,0.0029680990927927284,270,68.70858331395006
IOTR,955,215,0.20732984293193718,0.003238212340593554,198,60.01866223143333
JZXN,3473,525,0.14857471926288512,0.0032787523185643006,516,80.5265871244318
EHGO,3750,515,0.1352,0.0033072787929815032,507,53.435785871930044
ZCMD,5043,1111,0.21673606979972238,0.003435650431637032,1093,80.39711311958219
BJDX,4489,870,0.1777678770327467,0.0035100105107741023,798,46.420515241488225
HIHO,1723,284,0.16192687173534534,0.0035466335114383548,279,61.67935736980166
JLHL,4731,561,0.1170999788628197,0.003570523983201165,554,99.354149358265
TGHL,3550,780,0.21070422535211267,0.003640014203360255,748,59.27517075293384
RDGT,3094,299,0.09146735617323852,0.003753494602899126,283,59.35014521297348
LGCL,3097,489,0.14368743945753956,0.0038042063970233396,445,51.450376056851866
KUST,4771,1013,0.20561727101236638,0.003808377604140388,981,57.242833279603005
WOK,2587,214,0.07383069192114418,0.003896555177368972,191,49.643254587538415
CRE,1449,213,0.12491373360938578,0.003919149271656089,181,85.11775126036025
PSNYW,531,35,0.05273069679849341,0.004031453601045916,28,139.35021475719435
DCX,1710,245,0.13391812865497077,0.004073797526437784,229,69.42013822432762
EVGN,1740,210,0.11666666666666667,0.004094490220700807,203,51.52829161199064
KWM,2440,447,0.17049180327868851,0.004134454065764317,416,50.93528611996611
WBUY,2157,425,0.18776077885952713,0.004134636890229613,405,54.92409440713551
ELPW,6390,1301,0.19984350547730828,0.0041700907735729474,1277,45.86456137141646
VCIG,3448,476,0.12848027842227377,0.004190025621523787,443,71.34521908655137
ONMD,1734,172,0.09054209919261823,0.004250073477895853,157,70.40800547259914
RPGL,1551,317,0.16956802063185042,0.004342709361177344,263,52.935268520886886
MIMI,1776,285,0.14808558558558557,0.004450046000614902,263,47.65293084049214
POLA,1298,268,0.1856702619414484,0.0044651311874746216,241,54.45621188808144
STAK,4784,858,0.17600334448160534,0.004522614508214131,842,90.94232208630383
VMAR,5675,737,0.1275770925110132,0.00453052424773035,724,61.11106341570289
TDTH,2520,523,0.19404761904761905,0.004723989992963336,489,66.65157693221917
BNRG,3390,439,0.12094395280235988,0.004742765863039509,410,72.81098464037625
CISS,3178,831,0.25204531151667714,0.004766351417846791,801,70.42422032373129
MSS,3701,404,0.10078357200756552,0.004881996348634279,373,158.33152636625985
WFF,519,87,0.1329479768786127,0.004954712080246368,69,95.3600499205893
LICN,2049,305,0.14153245485602733,0.004989710856309956,290,89.68269107466112
SNTG,769,62,0.07802340702210664,0.005007126720429187,60,94.77134716435458
GMEX,3393,782,0.20837017388741527,0.005015608176673929,707,51.344053386209644
OMH,3887,1241,0.3110367892976589,0.005100095367445462,1209,80.99706886032185
CYAB,1385,93,0.05415162454873646,0.005212141264086683,75,76.21496012717515
SLGB,2283,522,0.21287779237844942,0.0053164788412069066,486,62.25619373434201
WLDS,2946,603,0.2023082145281738,0.005350477276384343,596,82.05517504932548
ZYBT,2351,494,0.20416843896214376,0.005400761137650348,480,81.84425217023451
NXTC,3563,1098,0.2879595846197025,0.005499726400368657,1026,51.75590428793667
LEDS,2336,602,0.23501712328767124,0.00553780791973769,549,74.73221498340864
ADVB,2541,577,0.2243211334120425,0.005599071162615246,570,92.80954006375822
LIMN,6370,1430,0.21554160125588698,0.005690905073191104,1373,38.24205554994106
BTOG,1672,137,0.07416267942583732,0.005893163775868892,124,90.63892328778141
ZBAO,5163,1834,0.34921557234166184,0.005894761064009786,1803,69.92991505399772
XWEL,856,53,0.04789719626168224,0.005939826233172429,41,109.30262160142544
LHAI,4517,685,0.14611467788355104,0.006315654954830013,660,53.052057037234476
RKTO,4613,777,0.14914372425753306,0.0063470425214590745,688,39.62367627658327
SOBR,4017,907,0.22404779686333084,0.006545719080874229,900,68.36358284619783
BIYA,5449,1483,0.26885667094879795,0.0066006600792929615,1465,68.68613695280689
TRUG,1929,322,0.14618973561430793,0.006610336475533937,282,56.11808639672969
CIGL,752,281,0.30319148936170215,0.006797774903994079,228,150.4658330897966
LOBO,788,35,0.03680203045685279,0.006843665349260624,29,88.67497872524643
HAO,5005,1058,0.200999000999001,0.006874339055429658,1006,71.12907511755499
LUCY,4102,862,0.20112140419307656,0.007010451153496846,825,53.58431991972916
PPCB,1606,210,0.1133250311332503,0.007188394214781566,182,76.59147583499613
CJMB,3563,749,0.20853213584058378,0.007296041962938214,743,64.09559921558214
VIVS,4218,641,0.14509246088193456,0.007399213921003332,612,49.48526054905758
CNET,959,62,0.06465067778936393,0.00740926058364124,62,204.26726930100654
IMNN,1088,134,0.09466911764705882,0.0075076371922497285,103,53.60264689699317
FUSE,781,245,0.3111395646606914,0.007808393983786913,243,81.93418649537539
XCUR,1268,139,0.09069400630914827,0.008075775676674108,115,78.73576958383076
TVRD,4405,1517,0.3287173666288309,0.008360022235143847,1448,43.17185363797896
NEUP,1068,176,0.14700374531835206,0.00840214465858347,157,40.14409429315822
BRAI,2027,159,0.06956092747903306,0.008403317828728624,141,88.30677413671795
GCTK,4377,852,0.18939913182545123,0.00842494587461503,829,62.28272034647208
DAIC,1422,164,0.09845288326300984,0.008547888609732993,140,75.59086320351977
VSME,781,31,0.03841229193341869,0.008657053340886059,30,251.0965198301861
PCSA,1493,289,0.174146014735432,0.008760400282860147,260,54.72002820032012
AKAN,898,83,0.08240534521158129,0.008765672649282134,74,128.64330126270556
CCTG,1922,240,0.10926118626430802,0.009007652856339709,210,75.2608706930961
GLXG,1039,136,0.11742059672762271,0.009045961310444222,122,70.68830551178259
YDES,1203,98,0.06151288445552785,0.00918514405452373,74,152.035800574135
ZTG,853,48,0.04337631887456037,0.00940663059063602,37,107.53089794019273
ELAB,4239,986,0.20665251238499646,0.01028524690955333,876,32.813198918639486
PLUR,315,16,0.0380952380952381,0.011223150463825183,12,63.90036648320487
ENTX,2855,793,0.2637478108581436,0.011228757251422,753,42.95688670793528
FFAI,7670,2859,0.3704041720990874,0.011316149815462691,2841,2389.4374044459173
LVWR,5494,1797,0.32708409173643976,0.011333531336535871,1797,45.936583510423915
GVH,2747,399,0.13396432471787403,0.011341638459250908,368,78.41654131457902
PFSA,2095,128,0.057756563245823386,0.012400614519759729,121,2690.1942204762618
CLIK,937,94,0.08110992529348986,0.012450541247951977,76,81.35970306983259
GIPR,2042,165,0.06513222331047992,0.012531743151071008,133,3667.392224022072
NXXT,5997,1125,0.17725529431382359,0.01261099151782751,1063,32.78875290484343
SUNE,3170,1125,0.3410094637223975,0.01296011189741939,1081,39.979420933445056
YYGH,3625,403,0.1006896551724138,0.013099251690297405,365,52.3459181401397
CTSO,586,9,0.008532423208191127,0.01319917555918815,5,131.03153599766438
AMSS,1467,162,0.09815950920245399,0.013451719389912157,144,79.7571761517187
GRML,7272,1730,0.23074807480748075,0.013806075001160961,1678,27.67752597827483
VTIX,3477,674,0.17371297095197008,0.013829781290488426,604,48.58292381315699
CPOP,4383,808,0.1784166096281086,0.01394121376390897,782,63.27908300851822
PMA,1359,281,0.20014716703458427,0.01429890481417092,272,71.7361405069392
ANY,2683,326,0.10920611256056653,0.014686655534899767,293,51.59087066873954
FCHL,764,92,0.112565445026178,0.01491972508838285,86,190.009585431848
CHR,860,26,0.02441860465116279,0.015544240666589769,21,162.02015554910992
PRZO,2768,294,0.08200867052023121,0.015746460815051794,227,44.63220846015188
ACTU,2363,252,0.0876005078290309,0.01707068654883005,207,67.2945743694203
AZIO,1580,437,0.15126582278481013,0.017120747543866062,239,39.531918441432914
KMRK,938,42,0.021321961620469083,0.01794280886516962,20,106.80277364937805
NPT,614,38,0.04071661237785016,0.018388197863885996,25,99.43322988653658
LSH,346,18,0.03757225433526012,0.018691617117426645,13,266.04614199994444
MOBX,3833,1223,0.2598486824941299,0.01879230324744502,996,19.765027923492514
SORA,550,32,0.056363636363636366,0.01926944407846491,31,181.28928345069662
YMAT,1963,123,0.052980132450331126,0.019457249226326127,104,4811.384241083919
WXM,1140,64,0.043859649122807015,0.02011564763281313,50,124.30853595959393
AQB,285,12,0.03859649122807018,0.020179866968696662,11,88.43171696749368
FGL,1061,127,0.10933081998114987,0.020498002781499852,116,104.30458987425395
MGIH,664,45,0.061746987951807226,0.020552745535448006,41,95.82288472988522
HODO,2449,366,0.13352388730093917,0.020690236282824306,327,86.41164866989692
ONCO,2307,135,0.04811443433029909,0.022026058415190886,111,51.59816180913026
WRAP,5140,1832,0.33715953307393,0.022448864205164648,1733,26.131026119805696
MTVA,1634,320,0.15789473684210525,0.023000081984129003,258,38.198353407734395
QTEX,6379,1618,0.2393792130427967,0.0231637647250074,1527,26.13025038245192
AURE,421,33,0.07600950118764846,0.02325550639153287,32,221.47727032497073
LESL,4374,1213,0.25171467764060357,0.023723178193781187,1101,51.88479749157424
VANI,2821,689,0.22970577809287487,0.023924998174325876,648,28.58180662320253
CODX,2228,315,0.11490125673249552,0.02397753680524837,256,55.24022239193093
DGNX,4134,1065,0.23173681664247703,0.024460758653819227,958,35.67903861004013
OFAL,1935,133,0.059948320413436694,0.025575192113400484,116,1252.1079993693688
LASE,6426,2099,0.30127606598194834,0.025896222605233776,1936,28.961291861754546
ZDAI,517,12,0.019342359767891684,0.02598752598752599,10,168.96335549627025
CTNT,2758,347,0.11022480058013052,0.026013879207808975,304,41.00027008515536
SBFM,863,70,0.06257242178447277,0.026112900264710324,54,43.97261491024902
EPSM,433,18,0.03926096997690531,0.02619922876020337,17,143.66440434781407
NEXM,392,24,0.05102040816326531,0.02652478385039709,20,35.59214224441676
AGPU,3365,622,0.16523031203566121,0.027449717665863484,556,36.66128929675821
WETH,1118,40,0.03488372093023256,0.028627413819944093,39,67.96944438856804
OBAI,2745,373,0.11147540983606558,0.029080931728268436,306,45.058071136396954
GCL,1011,46,0.03165182987141444,0.02922732708746133,32,97.2352212447282
IVF,1350,63,0.04,0.029574736549659086,54,51.121758115703216
SEER,3771,1229,0.2781755502519226,0.030620978067256936,1049,15.524036124753417
ADGM,553,35,0.054249547920433995,0.030876138224807403,30,116.53982624506173
HOUR,748,55,0.06550802139037433,0.031050770161477965,49,67.53909096961598
AMPG,7323,2690,0.3570940871227639,0.031138913884812568,2615,19.458118434871405
AIHS,546,64,0.10256410256410256,0.03181718481480614,56,56.495544280824106
UK,423,34,0.06382978723404255,0.032425496608877696,27,81.5864305478285
CNCK,1071,237,0.1792717086834734,0.032623299609505226,192,79.95725397361313
BYSI,369,13,0.016260162601626018,0.03273438889877246,6,45.142838270830026
VRXA,3366,353,0.08348187759952466,0.032829818865662795,281,63.7659560950676
BGMS,496,20,0.024193548387096774,0.033210078489051394,12,170.41452375960534
GDC,3861,234,0.05387205387205387,0.03399606601013182,208,52.74272611910245
BMR,892,81,0.07286995515695067,0.03412058290864676,65,59.927589631343906
XCH,1094,142,0.10054844606946983,0.03424397397701424,110,141.25499262956046
AUID,1656,124,0.059782608695652176,0.035031098067830405,99,55.67610247850185
MDIA,235,13,0.03829787234042553,0.035115722266560255,9,88.44910087905838
BTOC,553,29,0.023508137432188065,0.03511747108477354,13,152.96656264297914
CLRB,656,77,0.07317073170731707,0.0354565740924858,48,40.06565578038738
CVKD,740,70,0.06891891891891892,0.03578963685058085,51,65.23271208372908
ICCM,1300,123,0.06384615384615384,0.03617248047469387,83,50.910425978649734
NVNI,1076,50,0.03810408921933085,0.03671020580794565,41,94.06574776775227
PEW,4260,1323,0.31009389671361504,0.037381354034963274,1321,12.857587389603024
TLSA,2491,475,0.14171015656362906,0.03807313517793662,353,59.672407237566425
DOGZ,328,8,0.012195121951219513,0.03916474210931486,4,13.290550055043983
REVB,487,27,0.039014373716632446,0.03942975427350427,19,100.0457486758079
CAST,4065,948,0.1928659286592866,0.039662480664936,784,45.80854186490991
IPST,257,12,0.0311284046692607,0.039735757214523416,8,32.06796890642516
PYPD,2860,459,0.13496503496503495,0.0402979715067598,386,33.4373441080285
TWAV,587,72,0.0919931856899489,0.040385115565528276,54,59.04408899436753
CRDL,3447,895,0.2181607194662025,0.04086316136064751,752,23.429051734226
AMC,8189,5450,0.665404811332275,0.04135011474757728,5449,15.095212189475294
INEO,1021,85,0.06856023506366307,0.04141003652422681,70,98.62515523472489
AIRJ,6482,2142,0.30792965134217837,0.041643053751128534,1996,14.073248590047525
CANG,2812,398,0.14118065433854907,0.04194420903339834,397,391.95215145438465
AIBZ,4426,700,0.14527790329868956,0.04198911560702876,643,25.748362996534965
FTCI,2084,525,0.1765834932821497,0.04214581822972924,368,35.7858037062537
USDE,4342,739,0.1575310916628282,0.04245213518484638,684,38.49882353965984
FTFT,1664,60,0.03365384615384615,0.04248110502997133,56,58.29164533264284
HCWB,768,106,0.08723958333333333,0.04263974640209538,67,76.87939949210818
REBN,674,55,0.06676557863501484,0.04288118720840513,45,76.82780386925495
ORKT,319,17,0.034482758620689655,0.04301907173981271,11,121.61346321668121
WKSP,2342,229,0.0721605465414176,0.04317415275859065,169,63.517395400866505
ALLR,1001,166,0.1068931068931069,0.04382614273203103,107,53.17475015624841
KEEL,8187,6931,0.8463417613289361,0.04414160733827967,6929,9.398746106182061
IPCX,407,24,0.05405405405405406,0.04416238330011539,22,113.4591146333291
ENVB,1007,160,0.13704071499503476,0.044462429540044375,138,47.856258031756056
ONEG,465,19,0.03655913978494624,0.044565596844755744,17,48.53908597058992
GOVX,1825,122,0.04986301369863014,0.044742951844879586,91,50.664108841006865
MODD,1654,156,0.07859733978234583,0.045149034536951564,130,62.683609287903806
CABR,430,53,0.09302325581395349,0.046655028870686184,40,138.5261650535645
AIXC,433,24,0.046189376443418015,0.046659699111636734,20,101.55909097529698
WHLR,3733,331,0.07741762657380123,0.046744487863570716,289,119.09752602435674
INVZ,5700,1690,0.2828070175438597,0.04678897445476756,1612,22.492923606722854
NXTS,922,34,0.03470715835140998,0.04732211497394721,32,106.48823971550483
NYXH,1626,371,0.14698646986469865,0.04868797985723645,239,25.87656490268247
GCTS,6782,2319,0.3419345325862577,0.04926488667131686,2319,10.828457014165856
PBM,858,82,0.07459207459207459,0.04926782136598057,64,65.96612370517173
STIM,5718,2308,0.36901014340678556,0.04953087205153609,2110,20.73576084710557
PETZ,124,3,0.016129032258064516,0.04975743251648215,2,0.00027826630388805285
FABC,2365,498,0.18562367864693446,0.04997952631061652,439,35.70406910519399
AIMD,508,37,0.051181102362204724,0.0504001224947013,26,55.435795840372066
HDRN,917,49,0.04471101417666303,0.05042846226621061,41,70.03517006660432
BZFD,3595,1240,0.2714881780250348,0.05064385487560066,976,24.743082830683946
DLXY,522,17,0.0210727969348659,0.0506574024585783,11,118.35210341589953
ANNA,2612,449,0.14203675344563552,0.05099001987622838,371,42.05425836471512
NTRP,905,128,0.12265193370165746,0.05115132807249011,111,56.93290301039233
DFSC,790,67,0.07468354430379746,0.05136290027068878,59,121.00180644299104
AHMA,1086,58,0.040515653775322284,0.05147226507478704,44,90.48044355282327
LZMH,580,20,0.03103448275862069,0.051610127826941986,18,85.5856309777157
CLPS,190,9,0.04736842105263158,0.05190196820590462,9,118.58087323203345
OIO,676,67,0.060650887573964495,0.05214087421621897,41,59.37135112789096
BYRN,6064,2271,0.35191292875989444,0.052269173528884744,2134,15.700502429015321
MGX,1733,366,0.13848817080207732,0.05365651458137347,240,29.38517681672607
NAMM,2552,473,0.14890282131661442,0.05445680190847488,380,29.84958035785849
NRGV,8026,4847,0.6037876900074757,0.055014874132409484,4846,9.085080403135478
CRNT,4052,1493,0.2828232971372162,0.056465641223053115,1146,14.290308103789428
CRIS,1225,110,0.05795918367346939,0.057022181580977514,71,53.30419964069572
PLYX,1049,143,0.09818875119161107,0.057049368055821566,103,58.659765011450986
ABLV,215,5,0.009302325581395349,0.05773005426625101,2,190.93414786105376
SLMT,901,86,0.06881243063263041,0.058896557194986515,62,92.31124996576168
QH,615,14,0.01951219512195122,0.05927961157740223,12,57.976869628177944
BAER,3024,1122,0.25595238095238093,0.05943188752329554,774,18.453093857981447
APRE,547,49,0.06946983546617916,0.059635576197056686,38,79.00931806109895
SLNH,8016,3978,0.4921407185628742,0.060532343466492215,3945,26.428216849557806
JYD,585,42,0.06324786324786325,0.06057478868063212,37,67.74468012482916
HMR,793,44,0.04287515762925599,0.06058211306526175,34,58.6443348790886
HSDT,1459,344,0.16518163125428376,0.06109949934380013,241,20.08246826771506
NWTG,400,19,0.0325,0.06149099710098673,13,128.23662631994492
HYFT,2068,480,0.17166344294003869,0.06185686705102603,355,25.377434318463205
USIO,1533,207,0.10437051532941943,0.06204128586949575,160,39.16488731280465
BRLS,408,16,0.029411764705882353,0.06215191878815945,12,300.16992338521044
GLBS,1748,255,0.10125858123569793,0.0632123588836079,177,28.83333406355199
BTBT,8165,5006,0.6126148193508879,0.06445815008688632,5002,20.968197792135097
HOVR,5887,2053,0.31153388822829964,0.0649846520658645,1834,18.62150963500559
PERF,3528,409,0.11564625850340136,0.06570003043885438,408,3.9803702356154633
OPK,6948,3320,0.42731721358664365,0.06576023177091123,2969,18.959597507259332
MIST,4396,1426,0.24863512283894448,0.06642098032740852,1093,22.292675063933277
NGEN,3932,1859,0.35910478128179046,0.06648735674305474,1412,21.04711728828019
VIP,932,828,0.17060085836909872,0.06653958394221081,159,28.087176896266662
CNTB,3645,1725,0.36570644718792866,0.066623387162217,1333,19.778794518276634
KOPN,7945,5025,0.6259282567652612,0.06740614919429477,4973,9.627704378240026
LPSN,1104,60,0.042572463768115944,0.06757950241074992,47,16.805611355847006
IZM,1217,52,0.03944124897288414,0.06820220918089691,48,96.95312374875606
NAUT,5165,1710,0.2693126815101646,0.06840919784653889,1391,20.262588861704348
DFDV,5016,2017,0.3484848484848485,0.0684369561336446,1748,13.024629312632968
BNC,2460,570,0.16910569105691056,0.06970533794335264,416,22.481178713067838
WBX,1198,80,0.0667779632721202,0.07001380480526294,80,60.43722061847281
LPCN,507,78,0.10256410256410256,0.07046483318633417,52,39.006454187043246
NEOV,5639,1982,0.31725483241709523,0.07098097570318757,1789,18.3668950449915
WNW,1039,13,0.009624639076034648,0.07149130182932525,10,100.2269030375753
ACON,1307,253,0.07115531752104055,0.07210606442285576,93,35.34212511592621
AMTX,5261,2091,0.3267439650256605,0.0725821552676975,1719,16.379335396289857
DUOT,5439,1876,0.314396028681743,0.07263391455931383,1710,13.208050489324272
GITS,403,17,0.022332506203473945,0.07301371296974772,9,138.42646062051435
EVTL,7668,3158,0.4118414188836724,0.07307688055042862,3158,15.061222169251959
QTI,421,69,0.1330166270783848,0.0735390836236085,56,45.72618155517183
PETS,1306,245,0.14241960183767227,0.07374814822204376,186,12.27185063879077
LUNG,2894,1393,0.3724948168624741,0.07388895200001006,1078,23.755923106535434
SIDU,8057,4151,0.5114807000124115,0.07390234636467247,4121,16.086385155099816
PWCM,1122,249,0.07308377896613191,0.07447010369113659,82,70.04894157812296
MNOV,472,40,0.059322033898305086,0.07480001295462642,28,27.01833282474856
ANVS,4784,1435,0.29974916387959866,0.07483647315915985,1434,9.825237678414798
DOMH,1087,159,0.10119595216191353,0.07574340751823452,110,32.784901342491864
FNUC,2464,516,0.1643668831168831,0.07627862150389991,405,20.50967386592224
NNBR,6536,3732,0.5298347613219094,0.07653080944046153,3463,12.285565498699665
CSTE,1294,326,0.18624420401854713,0.07691341005146773,241,31.95887121591671
BRR,4157,1863,0.36468607168631223,0.0775801802180811,1516,21.874620577274595
UFG,527,26,0.03795066413662239,0.07783326817105467,20,54.00134817283121
ISPR,1133,189,0.1297440423654016,0.07837013210213409,147,63.20949569607593
PRPL,1303,66,0.03607060629316961,0.08040089187998674,47,50.26583296732716
ISPC,796,68,0.05778894472361809,0.08047123409116096,46,38.80039210941259
VLN,6193,1870,0.3019538188277087,0.08089861849007855,1870,9.68421344385132
HTCR,530,50,0.07735849056603773,0.0810648861496319,41,107.61759894041157
WCT,872,62,0.0481651376146789,0.08127198644365033,42,104.306304208087
PRLD,3633,1077,0.22873658133773742,0.08276150003819209,831,17.805760701373263
EVEX,6505,2118,0.3255956956187548,0.08282075756357082,2118,8.54898549261783
MNDR,797,29,0.028858218318695106,0.08295169077131426,23,84.17297443814354
SINT,493,45,0.06288032454361055,0.08324145077720208,31,40.80483481766039
EEIQ,219,18,0.0593607305936073,0.08387120300477702,13,158.30620668328095
SXTP,667,48,0.05997001499250375,0.08463990351481737,40,92.94066787511045
OCG,1292,51,0.033281733746130034,0.08482392347602857,43,74.76857189977608
PRQR,4217,1717,0.31965852501778513,0.0859679654421954,1348,17.51314569019914
BHST,487,55,0.10061601642710473,0.08598163310984389,49,67.5164653278816
RFL,1699,133,0.07828134196586227,0.08607799357300006,133,34.31560456567958
UROY,7209,2998,0.3953391593841032,0.08615813077370611,2850,11.982552801429573
DFLI,2778,718,0.18214542836573075,0.0868285354562612,506,20.63657531155876
OXBR,544,14,0.02022058823529412,0.08739255014326648,11,74.09976595140897
SCWO,820,109,0.08292682926829269,0.08766313458636014,68,37.05379518273831
RBBN,4644,2034,0.3423772609819121,0.08776510719538796,1590,13.089559863289331
REKR,5608,867,0.14407988587731813,0.08790534702955814,808,19.317666941905856
DARE,1734,469,0.1908881199538639,0.08799515587155246,331,29.104473745785175
ARQ,2902,989,0.24913852515506546,0.08825875434548482,723,13.567046851278311
FUFU,3189,422,0.10159924741298212,0.08847731700116382,324,30.310162231930345
SMHI,2105,375,0.17814726840855108,0.08989155592038077,375,13.203070745725121
GEVO,7485,2674,0.3409485637942552,0.09096460276400281,2552,19.485121266278664
PALI,6716,3787,0.5119118522930316,0.09373467228835633,3438,14.248254817080904
BRCC,4757,1269,0.26655455118772337,0.09441454834331339,1268,12.995012356388413
ESLA,354,21,0.0423728813559322,0.09650649176817026,15,155.12236858578987
MTEK,483,35,0.053830227743271224,0.09722053941405966,26,49.104322348526736
RAIN,372,33,0.053763440860215055,0.09932049431398092,20,60.24634623527963
LPL,7316,3450,0.4714324767632586,0.10024067384408446,3449,5.26255504962614
FOFO,531,25,0.018832391713747645,0.10124760076775433,10,36.09278738844712
GRNQ,119,4,0.008403361344537815,0.10214504596527069,1,0.00032885320244702143
KOS,8174,5216,0.6379985319305114,0.10259476145878471,5215,10.285680502397382
OVID,6243,3423,0.4723690533397405,0.10503068655469772,2949,12.609252413437591
CURV,2750,630,0.2290909090909091,0.10506098258081258,630,14.099860159389333
CCC,8132,6465,0.7926709296606,0.10684533876165807,6446,4.986492341536991
IBG,431,37,0.07888631090487239,0.10880325568830444,34,42.435593415906666
MNDO,598,32,0.04180602006688963,0.10915719337210322,25,47.88523065566266
OGG,3482,2830,0.408385985066054,0.10974588739161423,1422,8.982850946255326
AIFA,358,28,0.036312849162011177,0.11116006520685554,13,82.74718961173906
AP,2792,409,0.14648997134670488,0.11228062620295971,409,14.92930142338685
IKT,4616,2711,0.44302426343154244,0.11244608883454923,2045,15.0212844380863
DPU,157,26,0.03821656050955414,0.11285076771802435,6,85.32115449400912
TVGN,346,22,0.04046242774566474,0.1145001900418092,14,34.50854074428007
LITS,1075,162,0.08651162790697674,0.11489959956610303,93,21.0441736084183
ETS,583,44,0.04631217838765009,0.11690084550345888,27,58.27893509760453
GDHG,476,25,0.031512605042016806,0.11866055960319909,15,57.36437198039817
YIBO,322,13,0.037267080745341616,0.12117039586919105,12,100.52285577481594
IBIO,4614,2378,0.405938448201127,0.12268167618741599,1873,18.60947448121759
ACCL,490,26,0.03877551020408163,0.12428814336994953,19,49.90574200744277
AIRE,866,40,0.03464203233256351,0.1245203542886818,30,66.50366959599273
UPLD,390,31,0.046153846153846156,0.12804668726398902,18,52.24921545858532
BRLT,567,32,0.03880070546737213,0.13357986665068197,22,57.38420584221047
CURX,518,20,0.02895752895752896,0.13574790455567018,15,90.75365251557648
WIT,7857,3771,0.47995418098510884,0.1383495054098373,3771,8.634814680569592
ZSTK,425,18,0.03058823529411765,0.156825508987325,13,79.86378321597233
BTBD,286,10,0.024475524475524476,0.16122728161031855,7,91.42456837007524
SJ,276,42,0.08333333333333333,0.1818419936637813,23,53.17536905613792
VGAS,436,32,0.05045871559633028,0.19659862313799803,22,79.93729339013468
NHTC,602,19,0.011627906976744186,0.20983843425719165,7,66.8697174499555
