ticker,date,prior_close,open_price,gap_pct,high,low,close_price,volume,avg_volume,volume_ratio,daily_gain_high_from_open,daily_drawdown_low_from_open,close_vs_open_pct,intraday_open,max_gain_from_open,max_drawdown_from_open,max_drawdown_before_peak,risk_reward,time_of_peak,minutes_to_peak,time_of_low,intraday_high,intraday_low,intraday_close,intraday_source,bars,gap_bucket,price_bucket,trade_outcome,trade_entry_price,trade_exit_price,trade_exit_time,trade_return_pct,trade_minutes_held,trade_bars_held,trade_mfe_pct,trade_mae_pct
ANGH,2025-12-31,2.319999933242798,4.090000152587891,76.29311509811387,4.190000057220459,3.559999942779541,3.7699999809265137,43264100,214160.0,202.0176503548749,2.44498535212266,12.958439854164784,-7.823964785402302,,,,,,,,,,,,,,50%+,$3-7,no_data,,,,,,,,
ALT,2026-01-05,3.509999990463257,4.09499979019165,16.66666100620656,4.53000020980835,3.9600000381469727,4.090000152587891,27007100,5726050.0,4.716532339046987,10.622721414018454,3.296697410535389,-0.122091278630463,,,,,,,,,,,,,,10-20%,$3-7,no_data,,,,,,,,
AIFC,2026-01-05,1.2100000381469729,1.309999942779541,8.264454667762736,1.5499999523162842,1.2899999618530271,1.5099999904632568,8258100,4076130.0,2.0259658058010905,18.320612215258137,1.5267161679471504,15.267179879363834,,,,,,,,,,,,,,5-10%,$1-3,no_data,,,,,,,,
ACRV,2026-01-07,3.009999990463257,3.309999942779541,9.966775856039536,3.559999942779541,2.859999895095825,2.950000047683716,3058200,607830.0,5.031340999950644,7.552870221202024,13.595167838759313,-10.876129949220443,,,,,,,,,,,,,,5-10%,$3-7,no_data,,,,,,,,
ALLO,2026-01-09,1.4900000095367432,1.659999966621399,11.409393019904112,1.8799999952316284,1.659999966621399,1.7100000381469729,12310500,2917860.0,4.219016676605458,13.25301403818676,0.0,3.012052562105707,,,,,,,,,,,,,,10-20%,$1-3,no_data,,,,,,,,
ALLO,2026-01-12,1.7100000381469729,1.840000033378601,7.6023387328401375,1.840000033378601,1.649999976158142,1.6699999570846558,8560000,4043760.0,2.116841751241419,0.0,10.326089879008403,-9.239134413589756,,,,,,,,,,,,,,5-10%,$1-3,no_data,,,,,,,,
AMPG,2026-01-12,3.2799999713897705,3.5,6.707318003939286,4.070000171661377,3.5,3.880000114440918,1957900,550760.0,3.5549059481443823,16.285719190325057,0.0,10.85714612688337,,,,,,,,,,,,,,5-10%,$3-7,no_data,,,,,,,,
ALP,2026-01-13,0.9100000262260436,1.8200000524520872,100.0,3.299999952316284,1.2999999523162842,1.2999999523162842,174313000,5485270.0,31.778381009503633,81.31867347312391,28.571433249971985,-28.571433249971985,,,,,,,,,,,,,,50%+,$1-3,no_data,,,,,,,,
AIFC,2026-01-14,1.809999942779541,2.1600000858306885,19.337025089275247,2.4000000953674316,2.049999952316284,2.369999885559082,22006000,4606090.0,4.777587932498062,11.11111111111111,5.092598571453328,9.722212564062572,,,,,,,,,,,,,,10-20%,$1-3,no_data,,,,,,,,
ACCL,2026-01-16,2.990000009536743,4.329999923706055,44.81605049817123,4.630000114440918,2.4600000381469727,2.5,24515400,166440.0,147.2927180966114,6.928410993552457,43.18706509256808,-42.26327842841518,,,,,,,,,,,,,,20-50%,$3-7,no_data,,,,,,,,
AISP,2026-01-16,3.5999999046325684,3.859999895095825,7.222222148636239,4.320000171661377,3.7300000190734863,4.320000171661377,4448000,807910.0,5.5055637385352325,11.917105934380658,3.367872527341392,11.917105934380658,,,,,,,,,,,,,,5-10%,$3-7,no_data,,,,,,,,
ACRS,2026-01-20,2.619999885559082,2.950000047683716,12.59542658545632,4.889999866485596,2.950000047683716,4.429999828338623,34893400,992260.0,35.16558160159636,65.76270465911114,0.0,50.16948327905876,,,,,,,,,,,,,,10-20%,$1-3,no_data,,,,,,,,
ADTN,2026-01-22,9.289999961853027,9.829999923706056,5.812701443168966,10.350000381469728,9.789999961853027,9.899999618530272,2469400,1052860.0,2.345421043633531,5.289933487279459,0.4069172142775233,0.7121026995677517,,,,,,,,,,,,,,5-10%,$7-10,no_data,,,,,,,,
ABOS,2026-01-26,1.9800000190734863,2.4100000858306885,21.71717487954443,3.009999990463257,2.009999990463257,2.0799999237060547,12221700,201390.0,60.686727245642786,24.896260716345907,16.597513739488438,-13.692952297588324,,,,,,,,,,,,,,20-50%,$1-3,no_data,,,,,,,,
ABOS,2026-01-27,2.0799999237060547,2.240000009536743,7.692312100935427,2.7279999256134033,2.2300000190734863,2.7200000286102295,6491700,1395100.0,4.653214823310157,21.785710446384503,0.4464281437804522,21.428572188834753,,,,,,,,,,,,,,5-10%,$1-3,no_data,,,,,,,,
AIMD,2026-01-28,1.7200000286102295,2.049999952316284,19.18604175679559,2.4600000381469727,1.940000057220459,2.130000114440918,34376000,118240.0,290.73071718538563,20.000004652069943,5.36584866607128,3.902447023681246,,,,,,,,,,,,,,10-20%,$1-3,no_data,,,,,,,,
AMTX,2026-01-28,1.600000023841858,1.7000000476837158,6.2500013969838415,1.8450000286102295,1.7000000476837158,1.830000042915344,2829800,767600.0,3.686555497655029,8.52941040349258,0.0,7.647058328542757,,,,,,,,,,,,,,5-10%,$1-3,no_data,,,,,,,,
ALXO,2026-01-30,1.5700000524520874,1.825000047683716,16.24203737021279,1.9299999475479128,1.6299999952316284,1.7400000095367432,2238200,221430.0,10.1079347875175,5.7534190203152225,10.68493410175966,-4.657536215128018,,,,,,,,,,,,,,10-20%,$1-3,no_data,,,,,,,,
ACCL,2026-02-02,1.2999999523162842,1.590000033378601,22.307699361496685,1.659999966621399,1.2300000190734863,1.5199999809265137,17576500,2766660.0,6.352967115583411,4.40251143228309,22.64150985834563,-4.402518929722526,,,,,,,,,,,,,,20-50%,$1-3,no_data,,,,,,,,
ACRE,2026-02-10,5.110000133514404,5.610000133514404,9.784735556476882,5.889999866485596,5.320000171661377,5.710000038146973,2141500,592060.0,3.6170320575617336,4.991082465372146,5.169339660449452,1.7825294519186234,,,,,,,,,,,,,,5-10%,$3-7,no_data,,,,,,,,
AMWL,2026-02-13,4.329999923706055,4.550000190734863,5.080837665246653,5.889999866485596,4.550000190734863,5.400000095367432,717500,147230.0,4.873327446851865,29.4505410896326,0.0,18.68131580221508,,,,,,,,,,,,,,5-10%,$3-7,no_data,,,,,,,,
AIFA,2026-02-19,1.8359999656677248,2.328000068664551,26.79739173186168,3.5339999198913574,2.25,2.3340001106262207,36267400,108918.3,332.9780211406164,51.80411579277248,3.3505183146019086,0.2577337536382387,,,,,,,,,,,,,,20-50%,$1-3,no_data,,,,,,,,
ANPA,2026-02-24,8.180000305175781,8.850000381469727,8.190709673568254,16.34000015258789,8.850000381469727,12.510000228881836,3732200,454090.0,8.219075513664691,84.63276212734235,0.0,41.35592869663007,,,,,,,,,,,,,,5-10%,$7-10,no_data,,,,,,,,
ANNA,2026-03-02,2.8499999046325684,3.3299999237060547,16.84210649597792,3.690000057220459,3.119999885559082,3.640000104904175,344700,118820.0,2.9010267631711835,10.810815067939988,6.306307596345451,9.309314963980894,,,,,,,,,,,,,,10-20%,$3-7,no_data,,,,,,,,
ANNA,2026-03-03,3.640000104904175,4.260000228881836,17.032969948059463,4.349999904632568,2.877000093460083,3.549999952316284,745200,153080.0,4.868042853409982,2.112668331343154,32.46479016703627,-16.666672263346626,,,,,,,,,,,,,,10-20%,$3-7,no_data,,,,,,,,
ADVB,2026-03-04,4.260000228881836,5.369999885559082,26.056328568991617,5.820000171661377,3.900000095367432,4.590000152587891,6307200,174653.5,36.11264589601697,8.37989377453114,27.374298352310035,-14.525135001748405,,,,,,,,,,,,,,20-50%,$3-7,no_data,,,,,,,,
ALTO,2026-03-05,2.5999999046325684,3.549999952316284,36.53846471267351,4.199999809265137,3.119999885559082,4.019999980926514,27238200,805370.0,33.82072836087761,18.309855371258365,12.112678099520483,13.239437603472826,,,,,,,,,,,,,,20-50%,$3-7,no_data,,,,,,,,
ANNA,2026-03-05,3.2200000286102295,3.660000085830689,13.664597928912611,3.9700000286102295,3.450000047683716,3.839999914169311,676900,256320.0,2.640839575530587,8.469943593162025,5.737705825744816,4.918027981350978,,,,,,,,,,,,,,10-20%,$3-7,no_data,,,,,,,,
ANNA,2026-03-06,3.839999914169311,4.199999809265137,9.374997477667971,5.449999809265137,3.5799999237060547,4.090000152587891,4041400,323560.0,12.490419087649896,29.76190611348407,14.761902707504213,-2.6190395636349435,,,,,,,,,,,,,,5-10%,$3-7,no_data,,,,,,,,
ANTX,2026-03-09,2.8499999046325684,3.0199999809265137,5.964915157281814,6.909999847412109,2.9700000286102295,5.25,57968400,955590.0,60.6624179826076,128.8079434123762,1.6556275705983468,73.84106070058117,,,,,,,,,,,,,,5-10%,$3-7,no_data,,,,,,,,
ACXP,2026-03-10,1.955000042915344,2.0899999141693115,6.9053641069312794,3.130000114440918,2.0799999237060547,2.9000000953674316,34350000,807800.0,42.522901708343646,49.760777176154264,0.4784684628674455,38.75599112261503,,,,,,,,,,,,,,5-10%,$1-3,no_data,,,,,,,,
ACXP,2026-03-11,2.9000000953674316,3.4800000190734863,19.999996711467983,6.300000190734863,3.299999952316284,6.03000020980835,107122500,4237930.0,25.277081027765913,81.03448724727802,5.17241568306443,73.27586714823565,,,,,,,,,,,,,,10-20%,$3-7,no_data,,,,,,,,
ACTG,2026-03-11,4.150000095367432,4.559999942779541,9.879514168440252,5.099999904632568,4.5,5.0,2766200,243270.0,11.370904756032392,11.842104575200306,1.31578823536055,9.649124182932722,,,,,,,,,,,,,,5-10%,$3-7,no_data,,,,,,,,
AIFF,2026-03-13,1.7400000095367432,1.899999976158142,9.19540033014122,2.8299999237060547,1.850000023841858,2.75,80566200,38462360.0,2.094676457710863,48.947366274624954,2.6315764707211,44.73684392147119,,,,,,,,,,,,,,5-10%,$1-3,no_data,,,,,,,,
AIRS,2026-03-16,1.850000023841858,2.865000009536743,54.86486338454501,3.259999990463257,2.490000009536743,2.805000066757202,77428100,1006630.0,76.91813277967078,13.78708480319982,13.089005192032644,-2.09423883350153,,,,,,,,,,,,,,50%+,$1-3,no_data,,,,,,,,
ABOS,2026-03-16,3.2699999809265137,3.5,7.033639768044241,3.5999999046325684,3.2100000381469727,3.3399999141693115,9318300,335350.0,27.786789920978084,2.857140132359096,8.285713195800781,-4.571431023733957,,,,,,,,,,,,,,5-10%,$3-7,no_data,,,,,,,,
ALDX,2026-03-16,4.125,4.380000114440918,6.181820956143466,4.449999809265137,4.065000057220459,4.230000019073486,3732800,1641650.0,2.2738098863947855,1.5981665067411492,7.191781940413647,-3.4246596221054735,,,,,,,,,,,,,,5-10%,$3-7,no_data,,,,,,,,
ANNA,2026-03-19,3.660000085830689,3.900000095367432,6.557377155969979,4.25,3.5999999046325684,3.7899999618530273,2040900,895750.0,2.278425900083729,8.974356309588597,7.692312394843655,-2.8205161749884735,,,,,,,,,,,,,,5-10%,$3-7,no_data,,,,,,,,
ANNA,2026-03-20,3.7899999618530273,3.9800000190734863,5.013194172370469,7.840000152587891,3.849999904632568,7.070000171661377,115438600,1032150.0,111.8428522986,96.98492751296476,3.2663345180380428,77.63819441657238,,,,,,,,,,,,,,5-10%,$3-7,no_data,,,,,,,,
AIIO,2026-03-23,2.0999999046325684,2.259999990463257,7.61905205222775,2.259999990463257,1.7999999523162842,1.940000057220459,302320,110086.0,2.7462165942990024,0.0,20.3539840746938,-14.159289141289069,,,,,,,,,,,,,,5-10%,$1-3,no_data,,,,,,,,
ANNA,2026-03-24,5.454999923706055,6.909999847412109,26.67277624300216,8.619999885559082,6.849999904632568,7.679999828338623,60936000,12907680.0,4.720910341750028,24.746744948010257,0.8683059928288106,11.143270592326992,,,,,,,,,,,,,,20-50%,$3-7,no_data,,,,,,,,
AIFF,2026-03-26,1.6799999475479126,2.059999942779541,22.619048041416143,3.1500000953674316,2.009999990463257,3.0199999809265137,109821900,11816440.0,9.293992099143228,52.912630236152445,2.427182218695582,46.601944893826186,,,,,,,,,,,,,,20-50%,$1-3,no_data,,,,,,,,
ADVB,2026-04-07,4.420000076293945,7.135000228881836,61.42534175846321,7.590000152587891,6.039999961853027,6.519999980926514,14958000,553290.0,27.03464729165537,6.377013442329773,15.346884819938008,-8.619484628267521,,,,,,,,,,,,,,50%+,$7-10,no_data,,,,,,,,
ACIU,2026-04-08,3.109999895095825,3.2899999618530273,5.787783692245301,3.4000000953674316,3.109999895095825,3.2100000381469727,507600,216590.0,2.3435985040860614,3.3434691425482237,5.471126712591834,-2.4316086514784128,,,,,,,,,,,,,,5-10%,$3-7,no_data,,,,,,,,
ALOY,2026-04-09,7.989999771118164,8.420000076293945,5.381731132585561,9.925000190734863,8.329999923706055,9.880000114440918,3122100,1353050.0,2.307453530911644,17.874110460855746,1.0688854129738217,17.339667754368836,,,,,,,,,,,,,,5-10%,$7-10,no_data,,,,,,,,
ALLO,2026-04-13,2.7200000286102295,4.090000152587891,50.36765108703531,4.460000038146973,3.009999990463257,3.059999942779541,87821000,4790940.0,18.33064075108434,9.046451632158735,26.4058709494492,-25.18337827338787,,,,,,,,,,,,,,50%+,$3-7,no_data,,,,,,,,
ACET,2026-04-14,6.349999904632568,6.840000152587891,7.716539453769886,7.099999904632568,6.789999961853027,7.0,387100,136470.0,2.8365208470726166,3.801165880768405,0.7309969242609722,2.3391790035497877,,,,,,,,,,,,,,5-10%,$3-7,no_data,,,,,,,,
AIFA,2026-04-15,1.968000054359436,3.1080000400543213,57.92682694137138,5.754000186920166,2.538000106811523,2.8320000171661377,80163817,1783018.2,44.95961791079867,85.1351387633701,18.339765955499647,-8.880309502292018,,,,,,,,,,,,,,50%+,$3-7,no_data,,,,,,,,
ACHV,2026-04-16,3.549999952316284,4.050000190734863,14.084513947453484,5.25,3.9800000190734863,4.809999942779541,14059300,676540.0,20.781180713631123,29.629623524718884,1.7283992188819028,18.765425092653576,,,,,,,,,,,,,,10-20%,$3-7,no_data,,,,,,,,
ACTU,2026-04-20,2.309999942779541,2.490000009536743,7.792210875148959,3.0999999046325684,2.4000000953674316,2.619999885559082,1011500,189210.0,5.345911949685535,24.497987661024705,3.6144543704662766,5.220878535117955,,,,,,,,,,,,,,5-10%,$1-3,no_data,,,,,,,,
ACON,2026-04-22,3.5299999713897705,3.7200000286102295,5.382437925223424,3.9200000762939458,3.559999942779541,3.7300000190734863,888900,155280.0,5.724497681607419,5.376345326492771,4.301077543014524,0.2688169458695616,,,,,,,,,,,,,,5-10%,$3-7,no_data,,,,,,,,
ACB,2026-04-23,3.799999952316284,4.130000114440918,8.684214901726056,4.130000114440918,3.25,3.2799999713897705,7156300,1529990.0,4.677350832358381,0.0,21.30750823381138,-20.5811166948651,,,,,,,,,,,,,,5-10%,$3-7,no_data,,,,,,,,
ABTS,2026-04-30,1.1100000143051147,1.4700000286102295,32.432433303208825,1.5199999809265137,1.2100000381469729,1.3200000524520874,20981700,618600.0,33.9180407371484,3.4013572342277603,17.687073836934992,-10.2040798121586,,,,,,,,,,,,,,20-50%,$1-3,no_data,,,,,,,,
ADT,2026-04-30,7.170000076293945,7.599999904632568,5.9972081417449985,7.739999771118164,7.40500020980835,7.53000020980835,13549500,6558480.0,2.0659512569985727,1.84210352950477,2.565785490409769,-0.9210486276657786,,,,,,,,,,,,,,5-10%,$7-10,no_data,,,,,,,,
ADAM,2026-04-30,7.75,8.1899995803833,5.6774139404296875,9.31999969482422,8.020000457763672,8.979999542236328,3510800,710790.0,4.9392928994499075,13.797315901547735,2.0756914692256037,9.64590967434524,,,,,,,,,,,,,,5-10%,$7-10,no_data,,,,,,,,
ANGX,2026-05-01,2.569999933242798,2.819999933242798,9.72762671182457,3.1500000953674316,2.7699999809265137,3.1500000953674316,3780500,1540670.0,2.4538025664159098,11.702133685696838,1.773047996451114,11.702133685696838,,,,,,,,,,,,,,5-10%,$1-3,no_data,,,,,,,,
ACCO,2026-05-01,3.2100000381469727,3.450000047683716,7.47663572226271,3.9600000381469727,3.450000047683716,3.950000047683716,3395200,618780.0,5.486925886421669,14.782608214908985,0.0,14.492753422878742,,,,,,,,,,,,,,5-10%,$3-7,no_data,,,,,,,,
ADVB,2026-05-04,5.269999980926514,6.139999866485596,16.508536787624966,6.760000228881836,5.320000171661377,5.960000038146973,4631200,141540.0,32.72007912957468,10.09772599150096,13.355044180050918,-2.931593359164861,,,,,,,,,,,,,,10-20%,$3-7,no_data,,,,,,,,
AHMA,2026-05-06,1.100000023841858,1.7599999904632568,59.999995665116835,1.8240000009536743,1.4600000381469729,1.600000023841858,85656900,156940.0,545.7939339875112,3.636364252114102,17.045451928515064,-9.090907243657693,,,,,,,,,,,,,,50%+,$1-3,no_data,,,,,,,,
ACVA,2026-05-07,5.21999979019165,6.173999786376953,18.27586273045189,6.699999809265137,5.940000057220459,6.5,13348400,3566130.0,3.743105270980026,8.519598981017339,3.790083207855286,5.280210963764082,,,,,,,,,,,,,,10-20%,$3-7,no_data,,,,,,,,
ACH,2026-05-11,3.5799999237060547,3.9700000286102295,10.893857911048292,4.690000057220459,3.380000114440918,3.890000104904175,2799600,680370.0,4.114819877419639,18.13602074109502,14.861458688096072,-2.015111413841982,,,,,,,,,,,,,,10-20%,$3-7,no_data,,,,,,,,
AIRJ,2026-05-11,3.549999952316284,3.8299999237060542,7.887323243682798,3.875,3.559999942779541,3.819999933242798,1416500,388570.0,3.645417814036081,1.174936741262426,7.049607997517956,-0.2610963619440614,,,,,,,,,,,,,,5-10%,$3-7,no_data,,,,,,,,
AIIO,2026-05-13,1.2799999713897705,1.4450000524520874,12.890631621121576,2.7899999618530273,1.399999976158142,2.609999895095825,85701900,32275990.0,2.6552833855754696,93.07957512655778,3.1141920180267535,80.6228235540058,,,,,,,,,,,,,,10-20%,$1-3,no_data,,,,,,,,
AIIO,2026-05-14,2.609999895095825,4.385000228881836,68.00767835742928,9.199999809265137,3.259999990463257,5.639999866485596,166489500,40832960.0,4.077331156007304,109.80614205375112,25.655648339736835,28.620286706889896,,,,,,,,,,,,,,50%+,$3-7,no_data,,,,,,,,
AMST,2026-05-19,0.7860000133514404,2.4200000762939453,207.88804518911655,2.6700000762939453,1.649999976158142,1.7300000190734863,149220900,2500600.0,59.6740382308246,10.33057818671051,31.81818495291135,-28.51239815980271,,,,,,,,,,,,,,50%+,$1-3,no_data,,,,,,,,
AMPG,2026-05-20,3.990000009536743,4.519999980926514,13.283207271252762,4.730000019073486,4.199999809265137,4.429999828338623,18598300,3436220.0,5.412429937547654,4.646018562679875,7.079649845391881,-1.9911538267184308,,,,,,,,,,,,,,10-20%,$3-7,no_data,,,,,,,,
AIFA,2026-05-22,3.6659998893737793,4.745999813079834,29.459900608195017,5.940000057220459,3.180000066757202,3.5339999198913574,2628467,109863.2,23.924908431576725,25.158033947873236,32.99620328696144,-25.537293319065057,,,,,,,,,,,,,,20-50%,$3-7,no_data,,,,,,,,
ACXP,2026-05-22,1.9299999475479128,2.059999942779541,6.73575123133008,2.2200000286102295,1.9700000286102295,1.9700000286102295,249400,110330.0,2.260491253512191,7.766994673543616,4.368927993652047,-4.368927993652047,,,,,,,,,,,,,,5-10%,$1-3,no_data,,,,,,,,
AIRJ,2026-05-22,3.940000057220459,4.204999923706055,6.725884838502881,4.715000152587891,4.190000057220459,4.369999885559082,2557700,864820.0,2.9574940450035845,12.12842421248726,0.3567150239654618,3.923899282918547,,,,,,,,,,,,,,5-10%,$3-7,no_data,,,,,,,,
AEMD,2026-05-26,2.200000047683716,2.5299999713897705,14.999996206977237,2.7200000286102295,2.2699999809265137,2.450000047683716,10521300,168380.0,62.48544957833472,7.509883769527825,10.276679581163576,-3.1620523561551437,,,,,,,,,,,,,,10-20%,$1-3,no_data,,,,,,,,
AEMD,2026-05-27,2.450000047683716,2.8299999237060547,15.51019871944897,3.180000066757202,2.6500000953674316,3.069999933242798,16047700,1204940.0,13.318256510697628,12.367496554303834,6.360418133965971,8.48056593663963,,,,,,,,,,,,,,10-20%,$1-3,no_data,,,,,,,,
AHMA,2026-05-27,1.1399999856948853,1.2000000476837158,5.263163398397555,1.399999976158142,1.2000000476837158,1.2300000190734863,353300,142270.0,2.483306389259858,16.666660043928623,0.0,2.499997516473233,,,,,,,,,,,,,,5-10%,$1-3,no_data,,,,,,,,
AIRO,2026-05-28,7.289999961853027,8.029999732971191,10.150888545821958,9.170000076293944,8.020000457763672,8.890000343322754,2667100,602160.0,4.42922146937691,14.196766889566767,0.1245239793279505,10.709846064133709,,,,,,,,,,,,,,10-20%,$7-10,no_data,,,,,,,,
AIIO,2026-06-01,2.369999885559082,3.0399999618530273,28.27004677833107,3.4000000953674316,2.880000114440918,2.9200000762939453,39019700,13141260.0,2.9692510459423223,11.842109803677983,5.2631529414422,-3.9473647060816504,,,,,,,,,,,,,,20-50%,$3-7,no_data,,,,,,,,
AIRJ,2026-06-01,4.489999771118164,4.875,8.574615779678707,5.46999979019165,4.829999923706055,5.199999809265137,3955700,1474280.0,2.68314024472963,12.205123901367188,0.9230784880809294,6.6666627541566505,,,,,,,,,,,,,,5-10%,$3-7,no_data,,,,,,,,
AISP,2026-06-02,2.9800000190734863,3.140000104904175,5.369130362637857,3.315000057220459,3.069999933242798,3.1600000858306885,1519100,693130.0,2.1916523595862247,5.573246702857189,2.2293047555013756,0.6369420464437858,,,,,,,,,,,,,,5-10%,$3-7,no_data,,,,,,,,
ACCL,2026-06-04,1.4800000190734863,1.840000033378601,24.324324977406615,2.1600000858306885,1.2999999523162842,1.309999942779541,15559000,256740.0,60.60216561501908,17.39130688299524,29.347829960131623,-28.804352227422296,1.7999999523162842,20.00000794728618,27.777778513637607,8.333332229543586,2.400001271565957,11:30,120.0,13:45,2.1600000858306885,1.2999999523162842,1.309999942779541,yfinance,77.0,20-50%,$1-3,TP,1.7799999713897705,1.9579999685287477,09:45,10.000000000000007,10.0,3.0,10.674160689570835,1.1235944521335182
ACCL,2026-06-05,1.309999942779541,1.6100000143051147,22.90076981904575,2.0999999046325684,1.4550000429153442,1.5499999523162842,5544200,1811850.0,3.0599663327538154,30.434775526318266,9.627327329973308,-3.726711891659637,1.590000033378601,32.07546292752368,8.49056525969968,7.547169952781877,4.249998758236616,10:40,70.0,15:05,2.0999999046325684,1.4550000429153442,1.5500999689102173,yfinance,78.0,20-50%,$1-3,SL,1.5503000020980835,1.4727850019931792,09:50,-5.000000000000009,15.0,4.0,3.205832527672926,5.179640932669858
ABAT,2026-06-08,3.109999895095825,4.0,28.617367682475503,4.25,3.359999895095825,3.799999952316284,67703700,6933110.0,9.76527128518082,6.25,16.00000262260437,-5.0000011920928955,4.005000114440918,6.117350276113114,16.097379074457315,16.097379074457315,0.3800215083348496,11:50,140.0,09:35,4.25,3.360300064086914,3.799299955368042,yfinance,78.0,20-50%,$3-7,TP,3.484999895095825,3.833499884605408,09:50,10.000000000000002,15.0,4.0,10.760402045569899,3.578187511121355
AHMA,2026-06-09,1.0800000429153442,2.799999952316284,159.25924454206358,5.400000095367432,1.3600000143051147,1.4700000286102295,73324600,142600.0,514.1977559607293,92.85714954746024,51.428570090507954,-47.49999808413639,2.8001999855041504,92.84337273486597,51.43203980624765,36.433112613230094,2.5483239304991856,11:50,140.0,15:55,5.400000095367432,1.3600000143051147,1.4800000190734863,yfinance,71.0,50%+,$1-3,TP,3.5799999237060547,3.9379999160766603,09:40,10.000000000000005,0.0,1.0,20.111739731085148,2.5139641365171492
AMPG,2026-06-09,6.570000171661377,7.099999904632568,8.066966805530063,7.739999771118164,6.059999942779541,6.840000152587891,15956100,6320240.0,2.5246034960697696,9.01408274763514,14.647886983413253,-3.661968387845112,7.099999904632568,9.01408274763514,14.647886983413253,0.2408430642254663,37.42720504168874,09:30,0.0,12:10,7.739999771118164,6.059999942779541,6.824999809265137,yfinance,78.0,5-10%,$7-10,SL,7.545000076293945,7.167750072479247,09:35,-5.000000000000009,0.0,1.0,0.33134652239409285,5.102720013104964
ACTU,2026-06-09,1.8200000524520872,1.9299999475479128,6.043950105804791,2.2899999618530273,1.8849999904632568,2.009999990463257,282300,105280.0,2.6814209726443767,18.652850989063445,2.331604057390195,4.145080056452086,1.9299999475479128,18.652850989063445,2.331604057390195,2.331604057390195,8.00000794729355,14:05,275.0,10:05,2.2899999618530273,1.8849999904632568,2.0,yfinance,59.0,5-10%,$1-3,TP,1.9198999404907227,2.111889934539795,13:55,10.000000000000005,260.0,39.0,13.026727618903802,1.817800464046343
AGMH,2026-06-09,1.1799999475479126,1.25,5.932208098614778,1.409999966621399,1.149999976158142,1.25,3807000,108480.0,35.094026548672566,12.799997329711916,8.000001907348633,0.0,1.25,12.799997329711916,8.000001907348633,8.000001907348633,1.5999992847444335,10:15,45.0,09:30,1.409999966621399,1.149999976158142,1.2400000095367432,yfinance,57.0,5-10%,$1-3,TP,1.1799999475479126,1.297999942302704,10:15,10.000000000000012,40.0,9.0,19.491527906542338,0.0
AHMA,2026-06-15,1.350000023841858,1.850000023841858,37.037036382939434,2.4600000381469727,1.7999999523162842,1.9299999475479128,49683700,7651380.0,6.493429943356623,32.972973321283526,2.7027065341188257,4.324320144597644,1.8450000286102295,32.7913284385806,2.4390284875953205,2.4390284875953205,13.444422074344086,09:50,20.0,09:30,2.450000047683716,1.7999999523162842,1.9450000524520872,yfinance,78.0,20-50%,$1-3,TP,1.927299976348877,2.120029973983765,09:35,10.000000000000014,0.0,1.0,19.337932887513386,1.4164894165802169
AIOT,2026-06-15,4.21999979019165,4.46999979019165,5.924170910649413,4.5,3.7200000286102295,4.139999866485596,4539500,1833400.0,2.4760008726955385,0.6711456647979699,16.778518943717106,-7.382548975285433,4.46999979019165,0.6711456647979699,16.55480550003419,13.870244175839206,0.0483874441062147,09:30,0.0,09:35,4.5,3.7300000190734863,4.131999969482422,yfinance,78.0,5-10%,$3-7,SL,3.9539999961853027,3.7562999963760375,09:35,-5.000000000000003,0.0,1.0,1.542738248840257,5.665148642587877
AHMA,2026-06-16,1.9299999475479128,3.005000114440918,55.69949202634983,3.380000114440918,2.359999895095825,2.690000057220459,39379300,12608770.0,3.123167446150576,12.47920085586316,21.46423277142189,-10.48253062309999,3.009999990463257,12.292362961792431,21.59468762215487,5.312290715418118,2.313947714893636,09:40,10.0,11:45,3.380000114440918,2.359999895095825,2.6649999618530273,yfinance,78.0,50%+,$3-7,SL,3.050100088119507,2.897595083713531,09:35,-5.0000000000000115,0.0,1.0,6.226022619943474,6.232588686651429
ABSI,2026-06-24,7.409999847412109,9.510000228881836,28.340086703282957,11.0,8.670000076293945,10.074999809265137,38227100,5805190.0,6.5849868824276205,15.66771540754584,8.832808962893747,5.941110060832587,9.505000114440918,15.728562520348982,8.784850374471429,8.784850374471429,1.7904189428263706,13:40,250.0,10:10,11.0,8.670000076293945,10.074999809265137,yfinance,78.0,20-50%,$7-10,SL,10.649999618530273,10.117499637603759,09:35,-5.00000000000001,0.0,1.0,0.6572831080363496,5.807509652706725
ALZN,2026-07-01,1.2000000476837158,1.3200000524520874,10.0,1.3200000524520874,1.059999942779541,1.1200000047683716,2335700,336850.0,6.933946860620455,0.0,19.696977222808385,-15.151518161850626,1.3200000524520874,0.0,19.696977222808385,8.333334085917201,0.0,09:30,0.0,14:40,1.3200000524520874,1.059999942779541,1.1150000095367432,yfinance,75.0,10-20%,$1-3,SL,1.211400032043457,1.1508300304412842,09:35,-5.0,0.0,1.0,0.0,9.19597203689052
AMPL,2026-07-01,7.650000095367432,8.239999771118164,7.712413965955572,9.18000030517578,8.09000015258789,8.550000190734863,8560700,2230900.0,3.8373302254695414,11.407773788445864,1.820383770592248,3.762141119266467,8.239999771118164,11.407773788445864,1.820383770592248,1.820383770592248,6.2666861640578295,11:45,135.0,09:30,9.18000030517578,8.09000015258789,8.539999961853027,yfinance,78.0,5-10%,$7-10,TP,8.199999809265137,9.019999790191651,11:45,10.000000000000009,130.0,27.0,11.951225837875596,0.7317008211950168
AMPG,2026-07-07,5.920000076293945,6.619999885559082,11.824320950065808,7.159999847412109,6.019999980926514,6.25,11107900,2875230.0,3.863308326638217,8.15709926265992,9.06344282484676,-5.589122234974695,6.619999885559082,8.15709926265992,9.06344282484676,1.963747986227329,4.153842203719327,09:40,10.0,15:05,7.159999847412109,6.019999980926514,6.21999979019165,yfinance,78.0,10-20%,$3-7,SL,6.789999961853027,6.450499963760375,11:10,-5.000000000000011,95.0,20.0,5.4491883304533495,5.743738861217352
AGEN,2026-07-13,3.3499999046325684,5.420000076293945,61.79105165940047,8.699999809265137,4.909999847412109,6.119999885559082,174277900,1193580.0,146.01275155414802,60.516599387466606,9.40959818640004,12.91512545039996,5.419899940490723,60.51956502498514,9.407924476045704,9.407924476045704,6.432828535037564,10:20,50.0,09:30,8.699999809265137,4.909999847412109,6.114999771118164,yfinance,78.0,50%+,$3-7,SL,5.554999828338623,5.277249836921691,09:35,-5.000000000000009,0.0,1.0,0.9901045342107709,9.090902848052723
ADVB,2026-07-20,5.03000020980835,6.710000038146973,33.39959757979083,9.420000076293944,6.210000038146973,8.899999618530273,52863100,289210.0,182.7844818643892,40.387481709990624,7.451564786251172,32.63784751017809,6.75,39.55555668583623,7.999999434859665,7.999999434859665,4.944444935017687,15:20,350.0,09:30,9.420000076293944,6.210000038146973,9.050000190734863,yfinance,78.0,20-50%,$3-7,TP,6.278500080108643,6.906350088119507,09:35,10.000000000000004,0.0,1.0,15.790391851002308,1.0910255807543863
AMC,2026-07-20,1.940000057220459,2.200000047683716,13.402060968790517,2.4800000190734863,2.0999999046325684,2.4600000381469727,186756900,43182130.0,4.324865401498259,12.727271150951577,4.545460949259217,11.818181128541315,2.200000047683716,12.727271150951577,4.545460949259217,4.545460949259217,2.799995708471715,15:55,385.0,09:30,2.4800000190734863,2.0999999046325684,2.4549999237060547,yfinance,78.0,10-20%,$1-3,TP,2.200900077819824,2.4209900856018067,12:25,10.000000000000005,170.0,35.0,10.863736241832628,4.584495870762381
ADVB,2026-07-22,7.079999923706055,8.319999694824219,17.514121249722855,18.729999542236328,8.079999923706055,12.25,29586600,5756660.0,5.139542720952774,125.12019506308464,2.884612739438744,47.2355823236459,8.319999694824219,125.12019506308464,2.8834091840674025,2.8834091840674025,43.39314577842443,13:45,255.0,09:30,18.729999542236328,8.080100059509277,12.110099792480469,yfinance,76.0,10-20%,$7-10,TP,10.0600004196167,11.066000461578371,09:40,10.000000000000018,0.0,1.0,10.039753807942704,0.49602438220913997
AIRJ,2026-07-22,3.7699999809265137,4.3979997634887695,16.657819250384158,4.769999980926514,4.309999942779541,4.599999904632568,6157400,874460.0,7.041374105162043,8.458395576234642,2.000905535279555,4.593000273005009,4.3979997634887695,8.292413301393843,2.000905535279555,2.000905535279555,4.144330232079285,13:25,235.0,09:30,4.762700080871582,4.309999942779541,4.590000152587891,yfinance,78.0,10-20%,$3-7,EOD,4.432799816131592,4.590000152587891,15:55,3.546299020411983,380.0,77.0,7.44225497256691,2.544659112728728
AMBP,2026-07-23,4.710000038146973,5.159999847412109,9.554136000435737,5.429999828338623,4.670000076293945,4.71999979019165,4454700,2211410.0,2.0144161417376245,5.232557924627199,9.496119876125835,-8.527133144027744,5.159999847412109,5.2306265492587585,9.496119876125835,2.519372896279413,2.0761621104137857,09:30,0.0,15:50,5.429900169372559,4.670000076293945,4.71999979019165,yfinance,78.0,5-10%,$3-7,SL,5.164999961853027,4.906749963760376,10:30,-5.0,55.0,12.0,2.807356863454701,5.51790608939058
AGPU,2026-07-27,6.849999904632568,7.869999885559082,14.890510877769511,8.239999771118164,6.630000114440918,7.210000038146973,3409500,653890.0,5.214179755004665,4.7013963270572185,15.75603289897729,-8.386275184363909,7.869999885559082,4.7013963270572185,15.628971244719498,15.628971244719498,0.300812910424009,13:00,210.0,09:30,8.239999771118164,6.639999866485596,7.170000076293945,yfinance,78.0,10-20%,$7-10,TP,6.889999866485596,7.578999853134156,10:00,10.000000000000007,25.0,6.0,10.268505001980362,0.7256852665689323
ALT,2026-07-28,2.9600000381469727,3.1619999408721924,6.824320950065807,3.309999942779541,2.815000057220459,2.990000009536743,17142600,2660720.0,6.442842538861662,4.680582058028912,10.974063571804448,-5.439593123079107,3.1619999408721924,4.680582058028912,10.974063571804448,3.54206169039379,1.321428723481252,09:30,0.0,13:10,3.309999942779541,2.815000057220459,3.0,yfinance,78.0,5-10%,$3-7,SL,3.065000057220459,2.9117500543594357,10:30,-5.0000000000000115,55.0,12.0,3.735727361786847,5.2202310878841205
AMIX,2026-07-29,2.75,4.315000057220459,56.909092989834875,7.25,3.930000066757202,4.570000171661377,70058500,2049370.0,34.18538380087539,68.01853774876064,8.922363507713547,5.909620186776505,4.300000190734863,68.60464368400379,8.60465366431597,2.0930267115292787,32.777720086466324,09:40,10.0,13:55,7.25,3.930000066757202,4.565000057220459,yfinance,78.0,50%+,$3-7,TP,5.267199993133545,5.7939199924469,09:35,10.000000000000004,0.0,1.0,13.153099292158629,0.0
ALOY,2026-07-29,7.329999923706055,7.739999771118164,5.593449545423911,8.5,7.380000114440918,7.489999771118164,7176100,2278820.0,3.1490420480775136,9.819124694522335,4.651158492543967,-3.229974255721245,7.730000019073486,9.961189896850808,4.527812467903709,1.1642969258191282,8.555540838384266,10:10,40.0,15:55,8.5,7.380000114440918,7.480000019073486,yfinance,78.0,5-10%,$7-10,SL,7.949900150299072,7.552405142784118,15:35,-5.000000000000006,360.0,73.0,6.919581872738781,5.030251349121221
ADAM,2026-07-30,8.649999618530273,9.119999885559082,5.433529338220556,9.390000343322754,8.850000381469727,8.9399995803833,1800500,747960.0,2.4072142895341995,2.960531372277754,2.960520915322399,-1.9736875815185024,9.109999656677246,3.062571820001137,2.8539987377162084,1.3172326024307497,2.3250045696937907,10:00,30.0,13:15,9.388999938964844,8.850000381469727,8.9399995803833,yfinance,77.0,5-10%,$7-10,EOD,9.119999885559082,8.9399995803833,15:55,-1.9736875815185024,380.0,76.0,2.94956202611039,2.960520915322399
