ticker,date,prior_close,open_price,gap_pct,high,low,close_price,volume,avg_volume,volume_ratio,daily_gain_high_from_open,daily_drawdown_low_from_open,close_vs_open_pct,gap_bucket,price_bucket
ZCMD,2026-07-06,1.1100000143051147,2.509999990463257,126.12612235276175,3.109999895095825,1.8700000047683716,2.240000009536743,36467700.0,5011226.6,7.277200356495554,23.90437876144492,25.49800749508226,-10.756971392525037,50%+,$1-3
KIDZ,2026-07-06,0.6800000071525574,1.1749999523162842,72.7941088172186,1.6799999475479126,1.0,1.0499999523162842,188297900.0,1719990.0,109.4761597451148,42.97872474259416,14.89361356749894,-10.638298304062632,50%+,$1-3
SEER,2026-07-06,1.6200000047683716,2.244999885559082,38.58023944142354,2.3399999141693115,2.1500000953674316,2.190000057220459,29238400.0,871280.0,33.557983656229915,4.231627325298113,4.231616705316321,-2.449881119923808,20-50%,$1-3
LUCY,2026-07-06,0.7599999904632568,1.0499999523162842,38.15789019632202,1.5700000524520874,0.9710000157356262,1.2400000095367432,195702200.0,64160.0,3050.2213216957607,49.52382130958109,7.523803825551162,18.095244366566085,20-50%,$1-3
SJ,2026-07-06,0.8669999837875366,1.024999976158142,18.223759553071027,1.149999976158142,0.959999978542328,0.9789999723434448,70400.0,94190.0,0.7474254167109035,12.195122234882314,6.341463329535306,-4.487805354602287,10-20%,$1-3
PEW,2026-07-06,2.3499999046325684,2.7300000190734863,16.170218292001696,3.0,2.6500000953674316,2.8499999046325684,10789200.0,296990.0,36.328495908953165,9.890109122348903,2.930400115279312,4.395600172918968,10-20%,$1-3
CRE,2026-07-06,2.490000009536743,2.859999895095825,14.859433098071328,3.2200000286102295,2.5199999809265137,2.75,3692300.0,169450.0,21.789908527589255,12.587417717452132,11.888109323092117,-3.846150319251659,10-20%,$1-3
QTEX,2026-07-06,1.4299999475479126,1.600000023841858,11.888117659406376,1.75,1.5700000524520874,1.659999966621399,11295400.0,11208150.0,1.00778451394744,9.374998370185518,1.8749981839210064,3.749996367842013,10-20%,$1-3
BJDX,2026-07-06,1.1399999856948853,1.2400000095367432,8.77193202602569,2.0899999141693115,1.0950000286102295,1.159999966621399,27566800.0,506220.0,54.45616530362293,68.54837887865206,11.693546758978238,-6.451616314521787,5-10%,$1-3
ELAB,2026-07-06,1.1799999475479126,1.2799999713897705,8.474578668385705,1.4500000476837158,1.2599999904632568,1.340000033378601,14846900.0,4126880.0,3.597608847361687,13.281256257323689,1.5624985448084443,4.687504947651288,5-10%,$1-3
GRNQ,2026-07-06,1.4900000095367432,1.6100000143051147,8.05369154364508,1.6200000047683716,1.4299999475479126,1.4299999475479126,13400.0,82950.0,0.161543098251959,0.621117414559334,11.180128270675278,-11.180128270675278,5-10%,$1-3
PMAX,2026-07-06,1.8200000524520872,1.940000057220459,6.593406665384184,1.950000047683716,1.8200000524520872,1.8799999952316284,38300.0,106820.0,0.3585470885601947,0.5154634107374384,6.18556707365782,-3.0927866092331895,5-10%,$1-3
VCIG,2026-07-06,2.319999933242798,2.4700000286102295,6.465521538087627,2.559999942779541,2.049999952316284,2.119999885559082,44300.0,94460.0,0.4689815795045522,3.64372117922407,17.00405147486021,-14.170046113241488,5-10%,$1-3
NYXH,2026-07-06,1.7200000286102295,1.830000042915344,6.395349562522706,1.8600000143051147,1.7200000286102295,1.7699999809265137,481800.0,130200.0,3.700460829493088,1.6393426604503258,6.010929602486536,-3.2786918350693264,5-10%,$1-3
CSTE,2026-07-06,2.2100000381469727,2.3499999046325684,6.334835478237455,2.4600000381469727,2.1500000953674316,2.3499999046325684,293200.0,224280.0,1.3072944533618691,4.680856935251802,8.510630526872616,0.0,5-10%,$1-3
RAIN,2026-07-06,1.965000033378601,2.0850000381469727,6.106870367938101,2.0850000381469727,1.9299999475479128,1.950000047683716,15900.0,79110.0,0.2009859689040576,0.0,7.434056967059586,-6.474819568024421,5-10%,$1-3
CNET,2026-07-06,1.0299999713897705,1.090000033378601,5.82524889858715,1.090000033378601,1.0299999713897705,1.0399999618530271,12900.0,418140.0,0.0308509111780743,0.0,5.504592674447205,-4.587162384811293,5-10%,$1-3
ONCO,2026-07-06,0.9559999704360962,1.0099999904632568,5.648537834423529,1.2100000381469729,0.9800000190734864,1.100000023841858,2369400.0,496820.0,4.769131677468701,19.801985106156465,2.9702942250534496,8.910894478060415,5-10%,$1-3
AIXC,2026-07-06,1.100000023841858,1.159999966621399,5.454540134461573,1.159999966621399,1.0399999618530271,1.090000033378601,65900.0,106560.0,0.6184309309309309,0.0,10.344828294942287,-6.034477177329475,5-10%,$1-3
VRXA,2026-07-06,2.0399999618530273,2.1500000953674316,5.39216350839958,2.299999952316284,2.049999952316284,2.190000057220459,1037000.0,1004550.0,1.0323030212532975,6.976737223038021,4.651169237927759,1.8604632594768056,5-10%,$1-3
WRAP,2026-07-06,1.409999966621399,1.4800000190734863,4.964542844622862,1.8200000524520872,1.465000033378601,1.6799999475479126,2431900.0,212000.0,11.47122641509434,22.972974932219852,1.0135125338900728,13.513508506549265,,$1-3
ESLA,2026-07-06,0.9829999804496764,1.0299999713897705,4.781280963870793,1.0299999713897705,0.949999988079071,1.0199999809265137,37100.0,49920.0,0.7431891025641025,0.0,7.766988886684739,-0.9708728874782327,,$1-3
CANG,2026-07-06,2.0999999046325684,2.200000047683716,4.761911790117163,2.299999952316284,2.0999999046325684,2.299999952316284,79460.0,355945.0,0.2232367360125862,4.545450112051311,4.545460949259217,4.545450112051311,,$1-3
YDES,2026-07-06,1.899999976158142,1.9800000190734863,4.2105286273269735,3.049999952316284,1.955999970436096,2.3399999141693115,4861600.0,128730.0,37.76586654237551,54.040400148253006,1.2121236568785807,18.18181270848079,,$1-3
HMR,2026-07-06,1.2000000476837158,1.25,4.166662527455388,1.2799999713897705,1.1399999856948853,1.159999966621399,135000.0,148690.0,0.9079292487726142,2.3999977111816406,8.80000114440918,-7.200002670288086,,$1-3
TDTH,2026-07-07,1.8200000524520872,3.0,64.83516008464383,3.1600000858306885,2.369999885559082,2.559999942779541,40655800.0,2371800.0,17.14132726199511,5.333336194356283,21.000003814697266,-14.6666685740153,50%+,$3-7
CPOP,2026-07-07,0.9200000166893004,1.2899999618530271,40.217384614318114,1.2999999523162842,0.800000011920929,1.0199999809265137,44147360.0,1555775.0,28.376442608989088,0.7751930820906612,37.98449336604904,-20.930231698508795,20-50%,$1-3
BJDX,2026-07-07,1.159999966621399,1.5299999713897705,31.896553053016792,1.7999999523162842,1.2599999904632568,1.4500000476837158,89791200.0,3254870.0,27.586723893734614,17.647057906887415,17.647057906887415,-5.22875328117732,20-50%,$1-3
XWEL,2026-07-07,1.090000033378601,1.1799999475479126,8.256872606723206,1.1799999475479126,0.8500000238418579,0.949999988079071,3239800.0,51000.0,63.52549019607843,0.0,27.96609647244543,-19.49152285530103,5-10%,$1-3
AIHS,2026-07-07,1.340000033378601,1.4450000524520874,7.835822123731233,1.47599995136261,1.350000023841858,1.4199999570846558,65900.0,44200.0,1.490950226244344,2.1453216460385107,6.574396204970342,-1.7301103432493186,5-10%,$1-3
CRE,2026-07-07,2.75,2.940000057220459,6.909092989834872,3.680000066757202,2.8299999237060547,3.2799999713897705,3672000.0,521500.0,7.041227229146692,25.170067861711388,3.7415010671258577,11.564622705849704,5-10%,$1-3
PALI,2026-07-07,2.0399999618530273,2.1700000762939453,6.372554748620328,2.1700000762939453,1.9900000095367432,2.0799999237060547,5411600.0,6053840.0,0.8939119633158458,0.0,8.294933660307374,-4.147472323669141,5-10%,$1-3
TVRD,2026-07-07,2.009999990463257,2.130000114440918,5.970155450100474,3.859999895095825,2.059999942779541,3.0999999046325684,70894200.0,733510.0,96.65062507668608,81.22064261527035,3.286392859173652,45.53989380635577,5-10%,$1-3
BNRG,2026-07-07,0.9629999995231628,1.0199999809265137,5.919001187079422,1.0299999713897705,0.8989999890327454,0.9700000286102296,710800.0,750680.0,0.9468748334843076,0.9803912402207476,11.862744525137968,-4.901956201103737,5-10%,$1-3
BTBD,2026-07-07,1.0700000524520874,1.128999948501587,5.51400870628849,1.128999948501587,1.0579999685287476,1.0700000524520874,7000.0,46290.0,0.1512205659969756,0.0,6.288749620145759,-5.2258546271684425,5-10%,$1-3
IBG,2026-07-07,1.0099999904632568,1.059999942779541,4.950490375089083,1.059999942779541,1.0199999809265137,1.0499999523162842,37500.0,97420.0,0.3849312256210224,0.0,3.773581510593208,-0.943395377648302,,$1-3
NTRP,2026-07-07,2.049999952316284,2.1500000953674316,4.878055872057842,2.1500000953674316,2.0199999809265137,2.0299999713897705,20100.0,72370.0,0.2777393947768412,0.0,6.046516682535364,-5.5814008676661615,,$1-3
ABLV,2026-07-07,1.1100000143051147,1.159999966621399,4.504500150622547,1.190000057220459,1.118000030517578,1.1399999856948853,97100.0,112370.0,0.8641096378036842,2.5862147812329632,3.620684251065048,-1.72413633637985,,$1-3
ISPR,2026-07-07,1.1200000047683716,1.1699999570846558,4.464281437804522,1.225000023841858,1.0099999904632568,1.100000023841858,226200.0,315410.0,0.7171617894169494,4.700860579025012,13.675211323945549,-5.982900496613692,,$1-3
OIO,2026-07-07,2.2899999618530273,2.390000104904175,4.366818546591988,2.4000000953674316,2.2049999237060547,2.2100000381469727,6300.0,31020.0,0.2030947775628626,0.4184096244488565,7.740593015812339,-7.531383215751747,,$1-3
SXTP,2026-07-07,1.6799999475479126,1.75,4.16666991890433,1.7799999713897705,1.600000023841858,1.6200000047683716,45300.0,64740.0,0.6997219647822057,1.7142840794154577,8.57142720903669,-7.428571156093053,,$1-3
NPT,2026-07-07,2.4700000286102295,2.569999933242798,4.048579088026744,3.5999999046325684,2.200000047683716,2.680000066757202,1196600.0,110060.0,10.872251499182264,40.07782093947869,14.39688308054624,4.280160948315953,,$1-3
LUCY,2026-07-08,1.2699999809265137,1.7100000381469729,34.645674317212354,1.7200000286102295,1.0,1.0700000524520874,43396400.0,20402270.0,2.1270378247126422,0.5847947508874469,41.520469140828695,-37.42689891331324,20-50%,$1-3
DCX,2026-07-08,1.0199999809265137,1.215000033378601,19.117652558675516,1.225000023841858,0.9200000166893004,0.959999978542328,17173700.0,1615890.0,10.628013045442447,0.8230444599618197,24.27983609753341,-20.987658257686128,10-20%,$1-3
NXTC,2026-07-08,1.7799999713897705,1.940000057220459,8.988769011370557,1.940000057220459,1.600000023841858,1.7799999713897705,81600.0,100060.0,0.8155106935838496,0.0,17.525774399498584,-8.247426861416132,5-10%,$1-3
DXST,2026-07-08,2.25,2.450000047683716,8.888891008165148,2.450000047683716,2.2300000190734863,2.2799999713897705,65400.0,429250.0,0.1523587652882935,0.0,8.979592829731672,-6.938778489195016,5-10%,$1-3
AQB,2026-07-08,0.9700000286102296,1.0499999523162842,8.247414571799014,1.0499999523162842,0.9010000228881836,0.9399999976158142,374500.0,44370.0,8.440387649312598,0.0,14.19047011377562,-10.476186637705242,5-10%,$1-3
LHAI,2026-07-08,1.2899999618530271,1.3949999809265137,8.139536602982412,1.6799999475479126,1.3600000143051147,1.4600000381469729,27376900.0,36982180.0,0.7402727475773467,20.430105413486185,2.5089582150498013,4.659502373418533,5-10%,$1-3
XCUR,2026-07-08,1.899999976158142,2.0369999408721924,7.210524549114385,2.0369999408721924,1.6799999475479126,1.7000000476837158,31600.0,43710.0,0.7229466941203386,0.0,17.525773376872134,-16.54393239914291,5-10%,$1-3
NYXH,2026-07-08,1.6799999475479126,1.7799999713897705,5.952382557381357,1.7949999570846558,1.625,1.6699999570846558,397400.0,190930.0,2.0813910857382285,0.8426958391001386,8.707863701185973,-6.179776183885556,5-10%,$1-3
VGAS,2026-07-08,1.0399999618530271,1.100000023841858,5.769236941309597,1.100000023841858,0.9900000095367432,1.0099999904632568,25500.0,79540.0,0.3205934121196882,0.0,10.00000108372079,-8.181821038900267,5-10%,$1-3
YDES,2026-07-08,2.0,2.109999895095825,5.49999475479126,2.1500000953674316,1.909999966621399,1.9600000381469729,180500.0,639790.0,0.282123821879054,1.8957441829536132,9.478670067201271,-7.108998313103723,5-10%,$1-3
PCSA,2026-07-08,1.8899999856948853,1.9800000190734863,4.761906564010437,2.0309998989105225,1.6699999570846558,1.8899999856948853,50700.0,64530.0,0.7856810785681079,2.5757514821086125,15.656568636493793,-4.5454561874557635,,$1-3
ANNA,2026-07-08,2.7200000286102295,2.8399999141693115,4.411760452090707,2.990000009536743,2.700000047683716,2.75,1312100.0,173800.0,7.549482163406214,5.281693658476961,4.929572912559228,-3.1690111580737894,,$1-3
ABLV,2026-07-08,1.1399999856948853,1.190000057220459,4.385971241490521,1.2000000476837158,1.059999942779541,1.090000033378601,49400.0,114700.0,0.4306887532693984,0.8403352926397583,10.92437883949061,-8.403362943984458,,$1-3
ANVS,2026-07-08,1.919999957084656,2.0,4.166668994973155,2.1700000762939453,1.9299999475479128,1.9900000095367432,1794100.0,931110.0,1.926840008162301,8.500003814697266,3.50000262260437,-0.4999995231628418,,$1-3
RAIN,2026-07-08,1.919999957084656,2.0,4.166668994973155,2.0399999618530273,1.899999976158142,1.919999957084656,12200.0,60160.0,0.2027925531914893,1.9999980926513672,5.0000011920928955,-4.000002145767212,,$1-3
KOS,2026-07-08,2.2100000381469727,2.299999952316284,4.072394236009792,2.380000114440918,2.200000047683716,2.2899999618530273,24752400.0,18245160.0,1.3566556829318022,3.478267990573966,4.347822030685715,-0.4347822030685715,,$1-3
RKTO,2026-07-09,0.8019999861717224,1.1449999809265137,42.768079883900256,1.190000057220459,0.8569999933242798,0.9100000262260436,146260500.0,963670.0,151.77446636296656,3.930137733061973,25.152837764170915,-20.524013852848466,20-50%,$1-3
PMA,2026-07-09,1.25,1.7400000095367432,39.20000076293945,1.7450000047683716,1.2899999618530271,1.2899999618530271,27735200.0,42310.0,655.5235168990782,0.2873560462197707,25.86207156421359,-25.86207156421359,20-50%,$1-3
RPGL,2026-07-09,1.7799999713897705,2.4200000762939453,35.955062651179816,2.5799999237060547,2.1500000953674316,2.369999885559082,22439400.0,890990.0,25.1847944421374,6.611563734210188,11.157023653486783,-2.0661235189477742,20-50%,$1-3
TDTH,2026-07-09,1.830000042915344,2.1700000762939453,18.579236360943053,2.7799999713897705,1.840000033378601,2.5899999141693115,11581800.0,6618720.0,1.7498549568496629,28.110593255720943,15.207374714886548,19.35483055800933,10-20%,$1-3
SUNE,2026-07-09,2.109999895095825,2.430000066757202,15.165885666873184,2.8299999237060547,2.2799999713897705,2.559999942779541,21971100.0,1272190.0,17.270297675661656,16.460899010700285,6.172843261177539,5.349788989751828,10-20%,$1-3
BJDX,2026-07-09,1.340000033378601,1.5,11.94029571909666,1.6150000095367432,1.3700000047683716,1.399999976158142,12904800.0,12507490.0,1.031765765953041,7.666667302449544,8.666666348775227,-6.66666825612386,10-20%,$1-3
VCIG,2026-07-09,2.240000009536743,2.440000057220459,8.928573519295567,2.440000057220459,2.059999942779541,2.190000057220459,40100.0,83200.0,0.4819711538461538,0.0,15.57377481678412,-10.245901399067549,5-10%,$1-3
WRAP,2026-07-09,1.590000033378601,1.7300000190734863,8.805030362005615,2.5999999046325684,1.7200000286102295,2.359999895095825,61946900.0,533020.0,116.21871599564744,50.289010171515294,0.5780341244511894,36.41617740326614,5-10%,$1-3
MGIH,2026-07-09,1.4800000190734863,1.6100000143051147,8.783783348395588,1.7000000476837158,1.4500000476837158,1.6699999570846558,253500.0,105900.0,2.3937677053824364,5.590064135337639,9.937886037252976,3.726704487356004,5-10%,$1-3
OIO,2026-07-09,2.1600000858306885,2.299999952316284,6.481475042708381,2.299999952316284,2.1600000858306885,2.2200000286102295,8200.0,28030.0,0.2925437031751695,0.0,6.086950842960002,-3.478257624548573,5-10%,$1-3
DCX,2026-07-09,0.959999978542328,1.0199999809265137,6.250000388051082,1.090000033378601,0.9459999799728394,1.0800000429153442,856700.0,3332470.0,0.2570765828349542,6.862750368730701,7.254902189944813,5.882359128509954,5-10%,$1-3
MDIA,2026-07-09,0.9810000061988832,1.0399999618530271,6.014266593407434,1.0399999618530271,0.930999994277954,0.9900000095367432,7500.0,79000.0,0.0949367088607595,0.0,10.480766497420037,-4.8076878990645735,5-10%,$1-3
NAUT,2026-07-09,1.7799999713897705,1.8799999952316284,5.617978957818797,1.9450000524520872,1.830000042915344,1.899999976158142,2249700.0,1713810.0,1.3126892712727782,3.457449860921438,2.6595719384628964,1.0638287753851583,5-10%,$1-3
PLUR,2026-07-09,1.899999976158142,2.0,5.263159215615413,2.0,1.7799999713897705,1.7799999713897705,71600.0,47750.0,1.499476439790576,0.0,11.000001430511476,-11.000001430511476,5-10%,$1-3
ISPC,2026-07-09,2.2899999618530273,2.4100000858306885,5.240180173652019,2.634999990463257,2.369999885559082,2.5399999618530273,315800.0,60930.0,5.182996881667488,9.336095295408027,1.6597592882582417,5.394185534957356,5-10%,$1-3
HOVR,2026-07-09,1.6799999475479126,1.7599999904632568,4.761907465063339,1.8200000524520872,1.7200000286102295,1.7599999904632568,974900.0,1099530.0,0.8866515693068857,3.409094449656088,2.272725117600642,0.0,,$1-3
NEXM,2026-07-09,2.3399999141693115,2.450000047683716,4.700860579025012,2.450000047683716,2.309999942779541,2.309999942779541,16200.0,26140.0,0.6197398622800306,0.0,5.714289884873023,-5.714289884873023,,$1-3
SINT,2026-07-09,1.7899999618530271,1.8739999532699585,4.692737050674205,1.8739999532699585,1.6799999475479126,1.7000000476837158,27400.0,32810.0,0.8351112465711673,0.0,10.35218839699188,-9.2849471678283,,$1-3
LUCY,2026-07-09,1.0700000524520874,1.1200000047683716,4.67289251077145,1.1299999952316284,0.8999999761581421,1.0700000524520874,4342800.0,24734770.0,0.1755747071834506,0.8928562875609045,19.642859613712943,-4.464281437804522,,$1-3
NAMM,2026-07-09,1.559999942779541,1.6299999952316284,4.487183014081674,1.649999976158142,1.559999942779541,1.6100000143051147,340900.0,291290.0,1.1703113735452642,1.226992698467561,4.294481758089831,-1.226992698467561,,$1-3
CLIK,2026-07-09,1.3899999856948853,1.4470000267028809,4.1007224168783205,1.4470000267028809,1.399999976158142,1.4199999570846558,14000.0,75730.0,0.1848672916941766,0.0,3.248102949371231,-1.865934286106903,,$1-3
CLRB,2026-07-09,2.690000057220459,2.799999952316284,4.089215344087636,2.809999942779541,2.6700000762939453,2.7699999809265137,19800.0,93520.0,0.2117194183062446,0.3571425226269879,4.642852794150843,-1.0714275678809635,,$1-3
CNTB,2026-07-09,2.2200000286102295,2.309999942779541,4.054050135560291,2.7799999713897705,2.265000104904175,2.6600000858306885,2467000.0,614720.0,4.013209266007288,20.34632208885231,1.9480449779240905,15.151521719520249,,$1-3
HAO,2026-07-10,1.0700000524520874,1.6299999952316284,52.33644068485845,1.899999976158142,0.3100000023841858,0.3589999973773956,93035100.0,702140.0,132.50220753695845,16.564416056218807,80.9815948901194,-77.97546021916519,50%+,$1-3
JZXN,2026-07-10,1.1699999570846558,1.6200000047683716,38.46154394783075,3.234999895095825,1.5700000524520874,2.1700000762939453,146268100.0,183690.0,796.2768795252872,99.69135096134563,3.0864168005624912,33.9506215991779,20-50%,$1-3
PMA,2026-07-10,1.2899999618530271,1.600000023841858,24.03101326790191,2.0999999046325684,1.399999976158142,1.6200000047683716,25480600.0,2810230.0,9.067087035580718,31.249992083758233,12.500002793967685,1.2499987892806712,20-50%,$1-3
CHSN,2026-07-10,1.0399999618530271,1.2799999713897705,23.076924840374172,1.5,1.1299999952316284,1.190000057220459,42513300.0,50630.0,839.6859569425242,17.187502619344798,11.71874839928929,-7.031243451638002,20-50%,$1-3
ELAB,2026-07-10,1.059999942779541,1.2549999952316284,18.396232356461887,1.559999942779541,1.0299999713897705,1.1200000047683716,35602100.0,6492470.0,5.483598692023221,24.302784757510732,17.928288820457798,-10.756971392525037,10-20%,$1-3
WOK,2026-07-10,2.0199999809265137,2.369999885559082,17.326728115711855,2.630000114440918,2.059999942779541,2.299999952316284,13929300.0,701470.0,19.857299670691543,10.970474322217193,13.080166993611993,-2.95358382375132,10-20%,$1-3
BGMS,2026-07-10,0.9200000166893004,1.0199999809265137,10.86956113295211,1.0199999809265137,0.8899999856948853,0.8999999761581421,61500.0,201510.0,0.305195771921989,0.0,12.745097810055189,-11.76470656983444,10-20%,$1-3
YYGH,2026-07-10,1.3700000047683716,1.5149999856948853,10.583940176776064,1.559999942779541,1.2999999523162842,1.4299999475479126,3848200.0,1315450.0,2.9253867497814436,2.9702942250534496,14.191421479122129,-5.610563627034338,10-20%,$1-3
PERF,2026-07-10,1.7400000095367432,1.9149999618530271,10.057468468800533,1.940000057220459,1.899999976158142,1.919999957084656,4319500.0,49230.0,87.7412147064798,1.305488034748606,0.7832890858321843,0.2610963619440614,10-20%,$1-3
VCIG,2026-07-10,2.190000057220459,2.4000000953674316,9.589042587218197,2.4000000953674316,2.059999942779541,2.240000009536743,49500.0,81310.0,0.6087812077235273,0.0,14.166672461562458,-6.666669978035689,5-10%,$1-3
NAUT,2026-07-10,1.899999976158142,2.065000057220459,8.684214901726056,2.065000057220459,1.8700000047683716,1.8899999856948853,1710300.0,1899920.0,0.9001957977177987,0.0,9.443101551995223,-8.474579500066849,5-10%,$1-3
DOGZ,2026-07-10,1.0,1.0799000263214111,7.990002632141113,1.0799000263214111,0.959999978542328,0.9879999756813048,15100.0,33710.0,0.4479382972411747,0.0,11.102884050064588,-8.510051708504538,5-10%,$1-3
HDRN,2026-07-10,1.8799999952316284,2.0299999713897705,7.978722156308363,2.0399999618530273,1.8799999952316284,1.9450000524520872,21800.0,69750.0,0.3125448028673835,0.4926103745908273,7.389161491241287,-4.187188184022032,5-10%,$1-3
SCWO,2026-07-10,2.0399999618530273,2.190000057220459,7.352945988841075,2.190000057220459,2.0199999809265137,2.0399999618530273,31800.0,65360.0,0.4865361077111383,0.0,7.762560358546697,-6.849319244210947,5-10%,$1-3
GDHG,2026-07-10,1.5099999904632568,1.6200000047683716,7.284769205287714,1.6299999952316284,1.3300000429153442,1.5700000524520874,187100.0,93880.0,1.9929697486152536,0.6172833601124982,17.901232160458648,-3.0864168005624912,5-10%,$1-3
BRLS,2026-07-10,0.9580000042915344,1.0199999809265137,6.471813815995733,1.0299999713897705,0.9700000286102296,1.0299999713897705,14400.0,33490.0,0.42997909823828,0.9803912402207476,4.901956201103737,0.9803912402207476,5-10%,$1-3
ONEG,2026-07-10,1.159999966621399,1.2350000143051147,6.465521538087627,1.25,1.1399999856948853,1.1399999856948853,41500.0,160490.0,0.2585830892890522,1.2145737264080234,7.692309919824755,-7.692309919824755,5-10%,$1-3
EEIQ,2026-07-10,2.630000114440918,2.799999952316284,6.463871881294748,2.799999952316284,2.6700000762939453,2.740000009536743,7700.0,122400.0,0.0629084967320261,0.0,4.642852794150843,-2.142855135761927,5-10%,$1-3
AZIO,2026-07-10,1.830000042915344,1.940000057220459,6.010929602486536,2.0299999713897705,1.8700000047683716,1.940000057220459,720800.0,438300.0,1.644535706137349,4.639170696636946,3.608250019970628,0.0,5-10%,$1-3
BNC,2026-07-10,2.7699999809265137,2.9000000953674316,4.693144957980662,3.1500000953674316,2.880000114440918,2.9100000858306885,518200.0,462380.0,1.1207232146719148,8.620689371678274,0.6896544920278584,0.3448272460139292,,$1-3
DFSC,2026-07-10,1.9299999475479128,2.0160000324249268,4.455963068096363,2.3440001010894775,1.9700000286102295,2.0399999618530273,299100.0,124070.0,2.4107358749093253,16.26984441414016,2.281746184267993,1.1904726707386255,,$1-3
LUCY,2026-07-10,1.0700000524520874,1.1150000095367432,4.205603259694305,1.190000057220459,1.0199999809265137,1.0800000429153442,14672400.0,25163870.0,0.5830740661114526,6.72646161813726,8.520181865262927,-3.1390104324699157,,$1-3
BMR,2026-07-10,1.4299999475479126,1.4900000095367432,4.195808684588798,1.5099999904632568,1.3899999856948853,1.434999942779541,179000.0,54790.0,3.2670195291111517,1.342280590503612,6.711410953141468,-3.6912796245083417,,$1-3
FTFT,2026-07-10,1.919999957084656,2.0,4.166668994973155,2.0799999237060547,1.9600000381469729,2.0,72050.0,40187.5,1.792846034214619,3.9999961853027344,1.9999980926513672,0.0,,$1-3
EHGO,2026-07-13,1.6399999856948853,2.130000114440918,29.878056891470916,2.8399999141693115,2.009999990463257,2.119999885559082,29092300.0,7345230.0,3.960706472091412,33.33332213997341,5.633808334754891,-0.4694942884761673,20-50%,$1-3
PLUR,2026-07-13,1.7200000286102295,1.909999966621399,11.046507840159196,1.909999966621399,1.600000023841858,1.6299999952316284,50300.0,57660.0,0.8723551855705862,0.0,16.23036377994814,-14.65968462214493,10-20%,$1-3
NGEN,2026-07-13,1.8799999952316284,2.059999942779541,9.5744653193861,2.059999942779541,1.899999976158142,1.9299999475479128,1128100.0,778630.0,1.4488267855078791,0.0,7.766988886684739,-6.31067955546739,5-10%,$1-3
VCIG,2026-07-13,2.240000009536743,2.4100000858306885,7.58928908795421,2.4100000858306885,2.0799999237060547,2.119999885559082,23200.0,79300.0,0.2925598991172761,0.0,13.692952297588324,-12.033202902216829,5-10%,$1-3
ACCL,2026-07-13,1.7999999523162842,1.899999976158142,5.555557027275219,1.899999976158142,1.8200000524520872,1.899999976158142,22100.0,28140.0,0.7853589196872779,0.0,4.2105223531537606,0.0,5-10%,$1-3
ZSTK,2026-07-13,2.240000009536743,2.3499999046325684,4.910709581584975,2.3499999046325684,2.009999990463257,2.180000066757202,24300.0,36200.0,0.6712707182320442,0.0,14.46808204115531,-7.234035947841723,,$1-3
BYSI,2026-07-13,1.440000057220459,1.5099999904632568,4.861106282031287,1.6449999809265137,1.2899999618530271,1.3300000429153442,37500.0,40320.0,0.9300595238095238,8.94039677588606,14.569538410575428,-11.920526402963084,,$1-3
HOUR,2026-07-13,2.0799999237060547,2.180000066757202,4.807699361496682,2.180000066757202,1.9700000286102295,2.069999933242798,87200.0,99390.0,0.8773518462621994,0.0,9.633028977808808,-5.04587752962925,,$1-3
PRQR,2026-07-13,1.7300000190734863,1.809999942779541,4.624272995609515,1.850000023841858,1.6799999475479126,1.7000000476837158,783900.0,1680450.0,0.4664821922699277,2.209949299826521,7.182320405601388,-6.077342462613727,,$1-3
AHMA,2026-07-13,1.7799999713897705,1.8600000143051147,4.494384505685279,1.8600000143051147,1.7200000286102295,1.7899999618530271,81400.0,1560750.0,0.0521544129424955,0.0,7.526880893449264,-3.7634436512754017,,$1-3
EPSM,2026-07-13,1.2000000476837158,1.25,4.166662527455388,1.350000023841858,1.190000057220459,1.2899999618530271,22500.0,104630.0,0.2150434865717289,8.000001907348633,4.799995422363281,3.1999969482421875,,$1-3
LHAI,2026-07-14,1.0,1.440000057220459,44.0000057220459,1.4700000286102295,1.149999976158142,1.2200000286102295,93359400.0,39987760.0,2.3346994180219145,2.083331263727694,20.138893717968713,-15.277779157514871,20-50%,$1-3
VMAR,2026-07-14,1.409999966621399,1.809999942779541,28.36879330689705,2.25,1.2400000095367432,1.3200000524520874,94208800.0,6136920.0,15.3511533472817,24.309396195050116,31.4917100145027,-27.07181800099846,20-50%,$1-3
BJDX,2026-07-14,1.2200000286102295,1.4600000381469729,19.672131467909935,1.559999942779541,1.2100000381469729,1.25,17264700.0,14070070.0,1.2270514645627206,6.8493083575181215,17.12328722383454,-14.383563880827294,10-20%,$1-3
YYGH,2026-07-14,1.1799999475479126,1.3200000524520874,11.864416197229556,1.7599999904632568,1.125,1.1449999809265137,12865900.0,1444970.0,8.903921880731088,33.333327312662384,14.772730659354682,-13.257580649370905,10-20%,$1-3
MGIH,2026-07-14,1.5,1.6399999856948853,9.333332379659016,1.9800000190734863,1.5199999809265137,1.659999966621399,950800.0,131510.0,7.22986845106836,20.731709533188777,7.317073525310204,1.219511042741837,5-10%,$1-3
PLUR,2026-07-14,1.6299999952316284,1.7699999809265137,8.588956202726294,1.7699999809265137,1.559999942779541,1.6799999475479126,72700.0,60770.0,1.1963139707092316,0.0,11.86440906270786,-5.08474770330168,5-10%,$1-3
SOBR,2026-07-14,1.2000000476837158,1.2999999523162842,8.333325054910777,1.4500000476837158,0.9300000071525574,1.1699999570846558,18431100.0,28125020.0,0.6553275339893092,11.538469297646351,28.461535287326495,-10.0,5-10%,$1-3
BRR,2026-07-14,1.7200000286102295,1.830000042915344,6.395349562522706,2.0999999046325684,1.7699999809265137,1.9299999475479128,2801600.0,937900.0,2.9870988378291927,14.754090458221608,3.2786918350693264,5.464475534834419,5-10%,$1-3
SCWO,2026-07-14,1.919999957084656,2.0399999618530273,6.250000388051082,2.0399999618530273,1.950000047683716,2.009999990463257,40000.0,57870.0,0.6912044237083117,0.0,4.411760580993364,-1.4705868603311214,5-10%,$1-3
SXTP,2026-07-14,1.4500000476837158,1.5399999618530271,6.206890428250726,1.5399999618530271,1.4199999570846558,1.4600000381469729,32600.0,117850.0,0.2766228256257955,0.0,7.792208294861243,-5.194800369332063,5-10%,$1-3
BTBT,2026-07-14,1.6399999856948853,1.7350000143051147,5.792684721882908,1.7599999904632568,1.6200000047683716,1.649999976158142,25796200.0,24260500.0,1.063300426619402,1.4409208041508192,6.628242569946136,-4.899137604965153,5-10%,$1-3
LITS,2026-07-14,0.949999988079071,1.0,5.263159215615413,1.0099999904632568,0.9700000286102296,1.0,119600.0,199730.0,0.5988083913282932,0.9999990463256836,2.999997138977051,0.0,5-10%,$1-3
IKT,2026-07-14,1.9600000381469729,2.059999942779541,5.10203585134164,2.359999895095825,1.9299999475479128,2.059999942779541,4077400.0,795580.0,5.125065989592499,14.563104885891246,6.31067955546739,0.0,5-10%,$1-3
OGG,2026-07-14,2.3499999046325684,2.4600000381469727,4.680856935251802,2.4600000381469727,2.375,2.380000114440918,1275100.0,2334540.0,0.5461889708465051,0.0,3.4552860499547005,-3.2520293685164203,,$1-3
IVF,2026-07-14,1.1299999952316284,1.1799999475479126,4.424774559935741,1.3200000524520874,1.1299999952316284,1.1299999952316284,310100.0,816000.0,0.3800245098039215,11.864416197229556,4.237284282951545,-4.237284282951545,,$1-3
CISS,2026-07-14,1.6100000143051147,1.6799999475479126,4.347821901915338,1.7400000095367432,1.5199999809265137,1.5700000524520874,451800.0,68510.0,6.594657714202306,3.5714323727453214,9.523807834335411,-6.547613007749101,,$1-3
HDRN,2026-07-14,1.950000047683716,2.0299999713897705,4.102560089733415,2.063999891281128,1.899999976158142,1.950000047683716,129500.0,60360.0,2.1454605699138503,1.6748729246572618,6.403940742059635,-3.9408829967266183,,$1-3
VIVS,2026-07-15,0.8299999833106995,1.4900000095367432,79.51807704783789,1.5700000524520874,0.8399999737739563,0.8500000238418579,115453600.0,202950.0,568.8770633160877,5.369130362637857,43.62416319479614,-42.953018899232625,50%+,$1-3
KUST,2026-07-15,1.0099999904632568,1.4900000095367432,47.52475481245546,1.5700000524520874,1.190000057220459,1.309999942779541,84885400.0,5576640.0,15.22160297239915,5.369130362637857,20.134224858801,-12.080541315779325,20-50%,$1-3
SOBR,2026-07-15,1.1699999570846558,1.6799999475479126,43.589744373499634,2.630000114440918,1.5499999523162842,2.069999933242798,176508400.0,29961900.0,5.891095024013831,56.54763074722726,7.738095195858385,23.214285587575155,20-50%,$1-3
GEVO,2026-07-15,1.4299999475479126,1.5700000524520874,9.790217485269109,1.6200000047683716,1.5099999904632568,1.590000033378601,6397900.0,2466690.0,2.593718708066275,3.1847102322189293,3.82165987161084,1.2738840928875717,5-10%,$1-3
XCUR,2026-07-15,1.7200000286102295,1.8700000047683716,8.720928701340952,1.9900000095367432,1.5499999523162842,1.6200000047683716,9336800.0,1282070.0,7.282597674073958,6.417112538095177,17.112302226529906,-13.36898392312926,5-10%,$1-3
BYSI,2026-07-15,1.3300000429153442,1.4299999475479126,7.518789579387514,1.4299999475479126,1.2549999952316284,1.2699999809265137,24900.0,36090.0,0.6899418121363259,0.0,12.237759352114994,-11.18880926504636,5-10%,$1-3
ZSTK,2026-07-15,1.8200000524520872,1.950000047683716,7.142856675002801,2.180000066757202,1.840000033378601,1.919999957084656,59000.0,40240.0,1.4662027833001987,11.79487248457707,5.6410262366801955,-1.538466146946781,5-10%,$1-3
REBN,2026-07-15,1.3700000047683716,1.4600000381469729,6.569345479222648,1.4850000143051147,1.3849999904632568,1.399999976158142,24600.0,26350.0,0.9335863377609108,1.7123270893795304,5.13698943315821,-4.109593179530491,5-10%,$1-3
CLIK,2026-07-15,1.399999976158142,1.4900000095367432,6.428573922235181,1.6299999952316284,1.4600000381469729,1.4800000190734863,113200.0,51340.0,2.204908453447604,9.395972134148693,2.0134208857554183,-0.671140295251806,5-10%,$1-3
LEDS,2026-07-15,2.240000009536743,2.380000114440918,6.2500046566128535,2.7100000381469727,2.0999999046325684,2.569999933242798,3156500.0,4589990.0,0.6876921300482136,13.86554234614289,11.764714132130369,7.983185280077705,5-10%,$1-3
BTBD,2026-07-15,1.149999976158142,1.2200000286102295,6.086961208985396,1.2200000286102295,1.1699999570846558,1.190000057220459,8000.0,25340.0,0.3157063930544593,0.0,4.0983664223788265,-2.459013990675489,5-10%,$1-3
MTEK,2026-07-15,1.0399999618530271,1.100000023841858,5.769236941309597,1.100000023841858,1.0549999475479126,1.0700000524520874,11700.0,94530.0,0.1237702316724849,0.0,4.090915938054087,-2.7272700672307866,5-10%,$1-3
ONEG,2026-07-15,1.1799999475479126,1.24399995803833,5.423729943667547,1.24399995803833,1.159999966621399,1.159999966621399,14100.0,91930.0,0.1533775698901338,0.0,6.752411113372638,-6.752411113372638,5-10%,$1-3
CANG,2026-07-15,2.0,2.0999999046325684,4.999995231628418,2.0999999046325684,2.0,2.0,23580.0,76988.0,0.3062814984153374,0.0,4.7619004368509765,-4.7619004368509765,,$1-3
BHST,2026-07-15,2.7899999618530273,2.9200000762939453,4.659502373418533,2.990000009536743,2.75,2.8499999046325684,52900.0,40100.0,1.319201995012469,2.3972579251313424,5.821920268910022,-2.3972660901509615,,$1-3
AMC,2026-07-15,1.9600000381469729,2.049999952316284,4.591832266207476,2.140000104904175,2.0,2.069999933242798,40665700.0,43378400.0,0.937464267930583,4.390251447869544,2.43902212094149,0.9756088483765962,,$1-3
GLBS,2026-07-15,2.7300000190734863,2.8499999046325684,4.395600172918968,2.950000047683716,2.799999952316284,2.859999895095825,93000.0,142770.0,0.6513973523849548,3.508777066574668,1.7543843505051042,0.3508768701010208,,$1-3
MGIH,2026-07-15,1.659999966621399,1.7300000190734863,4.216870714434931,1.7699999809265137,1.559999942779541,1.7549999952316284,141200.0,226480.0,0.6234546096785588,2.3121364978047576,9.826593897090826,1.4450853111279736,,$1-3
SJ,2026-07-15,0.959999978542328,1.0,4.166668994973155,1.0299999713897705,0.9200000166893004,0.9200000166893004,4200.0,49630.0,0.0846262341325811,2.999997138977051,7.999998331069946,-7.999998331069946,,$1-3
ACTU,2026-07-15,1.7300000190734863,1.7999999523162842,4.046238871158326,1.809999942779541,1.600000023841858,1.7200000286102295,272500.0,715080.0,0.3810762432175421,0.5555550404536735,11.111107431811954,-4.444440323629388,,$1-3
TGHL,2026-07-16,0.8149999976158142,1.284999966621399,57.66870802214894,1.7000000476837158,1.2200000286102295,1.5199999809265137,139392600.0,12690770.0,10.98377797407092,32.29572699160924,5.058361066115143,18.28793933146872,50%+,$1-3
DXST,2026-07-16,2.0799999237060547,2.619999885559082,25.961537579812916,3.184999942779541,2.490000009536743,2.990000009536743,24495600.0,435520.0,56.24448934606907,21.56488862211891,4.961827545828239,14.122142753403471,20-50%,$1-3
EHGO,2026-07-16,1.7100000381469729,2.049999952316284,19.88303547277985,2.200000047683716,1.8600000143051147,1.9800000190734863,4704400.0,9816590.0,0.4792295491611649,7.317077992999332,9.268289874665095,-3.4146309693180865,10-20%,$1-3
OIO,2026-07-16,1.9700000286102295,2.190000057220459,11.167513980465896,2.190000057220459,1.850000023841858,1.899999976158142,124200.0,30390.0,4.086870681145114,0.0,15.52511527374698,-13.242012487907608,10-20%,$1-3
HOVR,2026-07-16,1.7100000381469729,1.8899999856948853,10.526312487277371,1.909999966621399,1.4600000381469729,1.5,4114200.0,897350.0,4.584833119741461,1.0582000570312384,22.75132014828122,-20.634920034218744,10-20%,$1-3
AMSS,2026-07-16,1.350000023841858,1.4600000381469729,8.148149063884787,1.5,1.2100000381469729,1.2400000095367432,954100.0,88060.0,10.834658187599365,2.7397233430072485,17.12328722383454,-15.068494716579108,5-10%,$1-3
CLIK,2026-07-16,1.4800000190734863,1.5809999704360962,6.824320950065807,2.130000114440918,1.5570000410079956,1.7300000190734863,5878100.0,56680.0,103.70677487649964,34.724867442811394,1.518022130100391,9.424418179861863,5-10%,$1-3
VANI,2026-07-16,1.409999966621399,1.4900000095367432,5.673762043203308,1.4900000095367432,1.340000033378601,1.350000023841858,650600.0,1888480.0,0.3445098703719393,0.0,10.0671124294005,-9.395972134148693,5-10%,$1-3
ONEG,2026-07-16,1.159999966621399,1.2200000286102295,5.1724192858027385,1.2200000286102295,1.1699999570846558,1.1799999475479126,30600.0,79850.0,0.3832185347526612,0.0,4.0983664223788265,-3.278695092153664,5-10%,$1-3
STIM,2026-07-16,1.840000033378601,1.9299999475479128,4.891299594383921,2.3299999237060547,1.7000000476837158,1.7799999713897705,11882800.0,1227010.0,9.684354650736342,20.725387928965837,11.91709358108607,-7.772019701281277,,$1-3
SORA,2026-07-16,1.600000023841858,1.6699999570846558,4.374995762482349,2.140000104904175,1.559999942779541,1.690000057220459,23100.0,33540.0,0.6887298747763864,28.143722149550555,6.58682737316613,1.1976108173510196,,$1-3
PPCB,2026-07-16,1.6299999952316284,1.7000000476837158,4.294481758089831,1.7444000244140625,1.4700000286102295,1.590000033378601,323200.0,6000300.0,0.0538639734679932,2.6117632638212296,13.529412507185864,-6.470588895276324,,$1-3
CJMB,2026-07-17,0.8610000014305115,1.2699999809265137,47.50290114012401,1.3899999856948853,1.1399999856948853,1.2200000286102295,48093000.0,1436720.0,33.474163372125396,9.448819415007154,10.23622025071122,-3.9370041785203256,20-50%,$1-3
PMAX,2026-07-17,1.758999943733215,2.059999942779541,17.111995945121976,2.130000114440918,1.7100000381469729,1.909999966621399,10036500.0,957240.0,10.48483139024696,3.3980666798915684,16.990287104586827,-7.281552442945623,10-20%,$1-3
TRUG,2026-07-17,1.1699999570846558,1.3600000143051147,16.23932172560853,1.830000042915344,1.100000023841858,1.190000057220459,14304500.0,263300.0,54.32776300797569,34.55882526959926,19.11764615650409,-12.499996712979184,10-20%,$1-3
VCIG,2026-07-17,1.0800000429153442,1.2400000095367432,14.8148111355159,1.2400000095367432,0.9169999957084656,0.9200000166893004,1570100.0,276390.0,5.680740981945801,0.0,26.048388011621753,-25.806450837608686,10-20%,$1-3
GLXG,2026-07-17,1.0700000524520874,1.190000057220459,11.214953166906032,1.600000023841858,1.0,1.0499999523162842,10179100.0,324590.0,31.3598693736714,34.453777050990716,15.96639059532916,-11.764714132130369,10-20%,$1-3
GIPR,2026-07-17,1.2400000095367432,1.350000023841858,8.870968827347841,1.7599999904632568,1.0,1.1200000047683716,7392300.0,181659.0,40.693276963981965,30.370367361521417,25.92592723412113,-17.037038149002957,5-10%,$1-3
ENVB,2026-07-17,1.3600000143051147,1.440000057220459,5.882356034843122,1.440000057220459,1.2999999523162842,1.340000033378601,176200.0,100840.0,1.7473224910749705,0.0,9.722229120907686,-6.944445824181537,5-10%,$1-3
ZSTK,2026-07-17,1.8700000047683716,1.9800000190734863,5.882353691156271,1.9800000190734863,1.649999976158142,1.7000000476837158,37400.0,44240.0,0.8453887884267631,0.0,16.666668673557044,-14.141412560227783,5-10%,$1-3
SCWO,2026-07-17,2.200000047683716,2.319999933242798,5.454540134461573,2.319999933242798,2.059999942779541,2.0899999141693115,29700.0,57410.0,0.5173314753527261,0.0,11.206896463132214,-9.913794210847326,5-10%,$1-3
NPT,2026-07-17,2.559999942779541,2.6700000762939453,4.296880311449177,2.6700000762939453,2.4600000381469727,2.5,48300.0,215720.0,0.223901353606527,0.0,7.865169743308028,-6.36704387401784,,$1-3
AQB,2026-07-17,0.9700000286102296,1.0099999904632568,4.123707285899507,1.0099999904632568,0.949999988079071,0.9700000286102296,7900.0,64320.0,0.1228233830845771,0.0,5.940594351556933,-3.9603923000712657,,$1-3
CRDL,2026-07-17,1.2300000190734863,1.2799999713897705,4.065036710645526,1.2799999713897705,1.1799999475479126,1.2100000381469729,1416000.0,1004790.0,1.4092496939659034,0.0,7.812502037268178,-5.468744906829556,,$1-3
ZYBT,2026-07-20,0.6980000138282776,1.2699999809265137,81.94841773154461,8.010000228881836,1.190000057220459,8.010000228881836,166017500.0,98510.0,1685.2857577910872,530.7086889118087,6.29920668563252,530.7086889118087,50%+,$1-3
VMAR,2026-07-20,0.9300000071525574,1.1200000047683716,20.430107113391298,1.1200000047683716,0.8820000290870667,0.9330000281333924,8457400.0,16024300.0,0.5277859251262146,0.0,21.249997738216617,-16.696426414181392,20-50%,$1-3
AMC,2026-07-20,1.940000057220459,2.200000047683716,13.402060968790517,2.4800000190734863,2.0999999046325684,2.4600000381469727,186756900.0,43182130.0,4.324865401498259,12.727271150951577,4.545460949259217,11.818181128541315,10-20%,$1-3
HTCR,2026-07-20,2.509999990463257,2.7899999618530273,11.155377388590844,2.7899999618530273,2.450000047683716,2.450000047683716,14800.0,35270.0,0.4196200737170399,0.0,12.186377018567937,-12.186377018567937,10-20%,$1-3
ISPR,2026-07-20,1.75,1.909999966621399,9.14285523550851,1.909999966621399,1.649999976158142,1.649999976158142,78700.0,137950.0,0.5704965567234506,0.0,13.61256518360946,-13.61256518360946,5-10%,$1-3
RDGT,2026-07-20,1.409999966621399,1.5199999809265137,7.801419638944644,1.600000023841858,1.3700000047683716,1.5800000429153442,12045200.0,934470.0,12.88987340417563,5.263160784158717,9.868419607920645,3.947372548798166,5-10%,$1-3
CJMB,2026-07-20,1.2200000286102295,1.2999999523162842,6.557370641801303,1.4600000381469729,1.190000057220459,1.2100000381469729,3911300.0,6225420.0,0.6282788952391967,12.307699361496685,8.461530702353649,-6.923070574652987,5-10%,$1-3
ACTU,2026-07-20,1.440000057220459,1.5299999713897705,6.2499937911830825,1.5299999713897705,1.3700000047683716,1.399999976158142,139900.0,734100.0,0.1905734913499523,0.0,10.45751435381162,-8.496731873370125,5-10%,$1-3
SCWO,2026-07-20,2.0899999141693115,2.2200000286102295,6.220101424864778,2.2200000286102295,2.0199999809265137,2.0899999141693115,33100.0,53860.0,0.6145562569624954,0.0,9.00901104082059,-5.855860935384808,5-10%,$1-3
PLUR,2026-07-20,1.8600000143051147,1.9700000286102295,5.913979218231894,1.9700000286102295,1.7100000381469729,1.8200000524520872,53100.0,79450.0,0.6683448709880428,0.0,13.197968867375009,-7.61421187714206,5-10%,$1-3
WFF,2026-07-20,2.0999999046325684,2.2200000286102295,5.714291877487359,2.509999990463257,2.2200000286102295,2.440000057220459,10000.0,486870.0,0.0205393636905128,13.06306117638088,0.0,9.9099110709451,5-10%,$1-3
SLNH,2026-07-20,1.1299999952316284,1.190000057220459,5.309740021417584,1.4199999570846558,1.1799999475479126,1.3600000143051147,24473600.0,15215880.0,1.608424882425466,19.32772174830132,0.840345310226634,14.285709992462769,5-10%,$1-3
TWAV,2026-07-20,1.1699999570846558,1.2300000190734863,5.128210614497419,1.25,1.159999966621399,1.1799999475479126,42500.0,55250.0,0.7692307692307693,1.6260146842582102,5.691061086715743,-4.065046402457533,5-10%,$1-3
RFL,2026-07-20,2.1500000953674316,2.259999990463257,5.116273963561215,2.2699999809265137,2.1010000705718994,2.1700000762939453,155500.0,212540.0,0.7316269878611085,0.4424774559935741,7.0353947151462375,-3.9822971039421664,5-10%,$1-3
ABLV,2026-07-20,1.0099999904632568,1.059999942779541,4.950490375089083,1.0700000524520874,1.0,1.0,56900.0,59710.0,0.9529392061631218,0.9434066238083006,5.660372265889812,-5.660372265889812,,$1-3
WLDS,2026-07-20,1.3300000429153442,1.3899999856948853,4.511273747632508,1.5,1.3200000524520874,1.3300000429153442,50100.0,47060.0,1.064598385040374,7.913670175336283,5.035966472172563,-4.316542690433626,,$1-3
HODO,2026-07-20,1.149999976158142,1.2000000476837158,4.347832396711109,1.3899999856948853,1.090000033378601,1.2899999618530271,195500.0,1340590.0,0.1458313130785699,15.833327538437544,9.16666749450892,7.4999925494197,,$1-3
IBIO,2026-07-20,1.3799999952316284,1.440000057220459,4.347830593924006,1.440000057220459,1.350000023841858,1.3700000047683716,394900.0,972670.0,0.4059958670463775,0.0,6.25000206960564,-4.861114560453843,,$1-3
PWCM,2026-07-20,2.6500000953674316,2.759999990463257,4.150939288195509,2.759999990463257,2.25,2.450000047683716,1202700.0,64224.4,18.726527612558467,0.0,18.47826058787975,-11.231882023575968,,$1-3
SLGB,2026-07-21,0.5090000033378601,1.1200000047683716,120.03929222470882,1.2400000095367432,0.8100000023841858,0.9800000190734864,182220900.0,1007540.0,180.85723643726303,10.714286094417377,27.678571523604344,-12.499998669539185,50%+,$1-3
HIHO,2026-07-21,0.9300000071525574,1.3799999952316284,48.38709512023186,1.3799999952316284,1.0099999904632568,1.0700000524520874,52282900.0,3190010.0,16.38957244648136,0.0,26.81159464107595,-22.463764047151937,20-50%,$1-3
CHR,2026-07-21,1.7100000381469729,1.9600000381469729,14.619882714792826,2.180000066757202,1.7799999713897705,1.9900000095367432,333800.0,40960.0,8.1494140625,11.22449103716459,9.183676696627934,1.530610755402492,10-20%,$1-3
RDGT,2026-07-21,1.5800000429153442,1.7999999523162842,13.924044520594196,1.7999999523162842,1.3700000047683716,1.4700000286102295,19824500.0,1882440.0,10.531278553366906,0.0,23.88888660772341,-18.333329580448193,10-20%,$1-3
LASE,2026-07-21,1.090000033378601,1.2300000190734863,12.8440349915345,1.2999999523162842,1.090000033378601,1.149999976158142,26438400.0,2775810.0,9.524571206242502,5.691051394903735,11.38211248161948,-6.504068428844849,10-20%,$1-3
PWCM,2026-07-21,2.450000047683716,2.740000009536743,11.83673290648299,3.0199999809265137,2.5399999618530273,2.5999999046325684,950300.0,180687.6,5.259353713259792,10.218977022453023,7.299271787868723,-5.109492861930496,10-20%,$1-3
FCHL,2026-07-21,1.1299999952316284,1.2400000095367432,9.734514581353324,1.2400000095367432,1.1410000324249268,1.159999966621399,11800.0,33250.0,0.3548872180451128,0.0,7.983869060517365,-6.451616314521787,5-10%,$1-3
CRNT,2026-07-21,2.119999885559082,2.309999942779541,8.962267333818867,2.380000114440918,2.2100000381469727,2.2799999713897705,5332200.0,389400.0,13.69337442218798,3.0303105365945693,4.3290003077767185,-1.2987000923330156,5-10%,$1-3
EVTL,2026-07-21,1.600000023841858,1.7400000095367432,8.749998975545182,1.7549999952316284,1.6299999952316284,1.6399999856948853,3107400.0,2125670.0,1.4618449712325996,0.862068138659312,6.321839867943513,-5.747127775503971,5-10%,$1-3
SORA,2026-07-21,1.690000057220459,1.830000042915344,8.284022541699972,1.8899999856948853,1.6100000143051147,1.6100000143051147,8700.0,42910.0,0.2027499417385224,3.2786853209006517,12.021859204973072,-12.021859204973072,5-10%,$1-3
WLDS,2026-07-21,1.3300000429153442,1.440000057220459,8.270677500430452,1.559999942779541,1.3899999856948853,1.5099999904632568,58700.0,43010.0,1.3647988839804697,8.333325054910777,3.472227051302047,4.861106282031287,5-10%,$1-3
DPU,2026-07-21,2.049999952316284,2.200000047683716,7.317077992999332,2.2200000286102295,2.049999952316284,2.0510001182556152,12000.0,145280.0,0.0825991189427312,0.9090900224102624,6.818186005284872,-6.7727239181188255,5-10%,$1-3
AIFA,2026-07-21,2.0299999713897705,2.140000104904175,5.418725865256857,2.140000104904175,2.0199999809265137,2.049999952316284,6700.0,30180.0,0.222001325381047,0.0,5.607482153980293,-4.205614400748857,5-10%,$1-3
RFL,2026-07-21,2.1700000762939453,2.2799999713897705,5.069119411446729,2.384000062942505,2.1500000953674316,2.309999942779541,52700.0,179230.0,0.2940355967192992,4.561407581480858,5.701749019895717,1.31578823536055,5-10%,$1-3
AIMD,2026-07-21,1.590000033378601,1.6699999570846558,5.031441636894959,1.6699999570846558,1.5199999809265137,1.559999942779541,36500.0,58760.0,0.6211708645336964,0.0,8.98203473130618,-6.58682737316613,5-10%,$1-3
FABC,2026-07-21,2.630000114440918,2.759999990463257,4.9429608504018665,2.869999885559082,2.7300000190734863,2.7300000190734863,180300.0,296280.0,0.6085459700283515,3.985503459272189,1.0869554888924151,-1.0869554888924151,,$1-3
POLA,2026-07-21,1.5099999904632568,1.5800000429153442,4.635765092330359,1.5800000429153442,1.5099999904632568,1.5199999809265137,16600.0,26830.0,0.6187103988073053,0.0,4.430382946251475,-3.797472174628627,,$1-3
OXBR,2026-07-21,1.559999942779541,1.6299999952316284,4.487183014081674,1.6369999647140503,1.5,1.5,12400.0,63680.0,0.1947236180904522,0.4294459817729727,7.975459853492514,-7.975459853492514,,$1-3
LEDS,2026-07-21,2.75,2.869999885559082,4.3636322021484375,2.9800000190734863,2.4000000953674316,2.509999990463257,308700.0,5575560.0,0.0553666358177474,3.832757418141013,16.376299962816667,-12.543550851943552,,$1-3
VLN,2026-07-21,1.659999966621399,1.7300000190734863,4.216870714434931,1.8049999475479128,1.7200000286102295,1.7699999809265137,1102700.0,1112120.0,0.9915296910405352,4.3352559333839205,0.5780341244511894,2.3121364978047576,,$1-3
EVEX,2026-07-21,2.4200000762939453,2.5199999809265137,4.132227333881368,2.5399999618530273,2.4000000953674316,2.450000047683716,963400.0,1057130.0,0.911335408133342,0.7936500427734288,4.761900256640573,-2.7777751497070007,,$1-3
PFSA,2026-07-21,1.950000047683716,2.0299999713897705,4.102560089733415,2.450000047683716,1.850000023841858,2.0,590100.0,257130.0,2.2949480807373703,20.689659222330263,8.866992615013771,-1.477831123772482,,$1-3
ZCMD,2026-07-22,1.4700000286102295,2.259999990463257,53.741492957650536,11.960000038146973,2.130000114440918,4.289999961853027,129211400.0,938850.0,137.62731000692335,429.20354374406,5.752206927916463,89.8230079626531,50%+,$1-3
KUST,2026-07-22,0.959999978542328,1.1699999570846558,21.874998253770137,1.850000023841858,1.100000023841858,1.409999966621399,52362700.0,10077690.0,5.195903029364865,58.11966595721854,5.982900496613692,20.512822080332597,20-50%,$1-3
SNTG,2026-07-22,2.0899999141693115,2.3499999046325684,12.44019144214157,2.859999895095825,2.009999990463257,2.130000114440918,4453700.0,412620.0,10.793708496922108,21.702128134468897,14.46808204115531,-9.361693579559876,10-20%,$1-3
YDES,2026-07-22,2.2699999809265137,2.5299999713897705,11.45374416951036,2.5399999618530273,1.940000057220459,2.2100000381469727,42000.0,56290.0,0.7461360810090603,0.3952565445193929,23.3201549739629,-12.648218848279932,10-20%,$1-3
HIHO,2026-07-22,1.0700000524520874,1.190000057220459,11.214953166906032,1.2400000095367432,1.0099999904632568,1.149999976158142,6114100.0,8408970.0,0.7270926165749194,4.201676463198792,15.126055302689402,-3.361351188145909,10-20%,$1-3
OGG,2026-07-22,2.240000009536743,2.490000009536743,11.160714238197828,2.5,2.2300000190734863,2.25,6086500.0,1755310.0,3.4674786789797816,0.4016060411629196,10.44176664527921,-9.638554562953372,10-20%,$1-3
MGIH,2026-07-22,1.5099999904632568,1.6699999570846558,10.596024346484407,1.830000042915344,1.600000023841858,1.659999966621399,177100.0,253390.0,0.6989226094163148,9.580843709122188,4.191612876745086,-0.5988018395350123,10-20%,$1-3
AMSS,2026-07-22,1.1699999570846558,1.2799999713897705,9.401710969221485,1.2999999523162842,1.149999976158142,1.190000057220459,63800.0,177160.0,0.3601264393768345,1.5624985448084443,10.156249854480844,-7.031243451638002,5-10%,$1-3
TLSA,2026-07-22,1.0,1.090000033378601,9.000003337860107,1.090000033378601,0.9100000262260436,0.949999988079071,418800.0,289650.0,1.4458829621957534,0.0,16.513761618394014,-12.844040459850367,5-10%,$1-3
LICN,2026-07-22,1.149999976158142,1.25,8.695654427396825,1.7300000190734863,0.7049999833106995,0.902999997138977,23670000.0,98640.0,239.96350364963504,38.400001525878906,43.60000133514404,-27.760000228881836,5-10%,$1-3
CODX,2026-07-22,2.359999895095825,2.549999952316284,8.05085024009055,2.6089999675750732,2.255000114440918,2.2799999713897705,450200.0,112710.0,3.9943217105846864,2.3137261318454767,11.568621309479008,-10.588234744132448,5-10%,$1-3
MGX,2026-07-22,1.2200000286102295,1.2999999523162842,6.557370641801303,1.2999999523162842,1.2000000476837158,1.2400000095367432,534200.0,213600.0,2.500936329588015,0.0,7.692300638503319,-4.61538038310199,5-10%,$1-3
IPST,2026-07-22,2.309999942779541,2.4600000381469727,6.493510782815945,2.4600000381469727,2.319999933242798,2.4200000762939453,5200.0,27690.0,0.1877934272300469,0.0,5.691061086715743,-1.6260146842582102,5-10%,$1-3
DPU,2026-07-22,2.0510001182556152,2.180000066757202,6.28961194850159,2.180000066757202,2.0,2.115000009536743,18200.0,145160.0,0.12537889225682,0.0,8.256883543354942,-2.9816539096325805,5-10%,$1-3
CABR,2026-07-22,1.340000033378601,1.4199999570846558,5.970143411440622,1.4199999570846558,1.2799999713897705,1.3200000524520874,73400.0,70810.0,1.0365767546956643,0.0,9.8591542201391,-7.042247017941754,5-10%,$1-3
SORA,2026-07-22,1.6100000143051147,1.690000057220459,4.9689467207783045,2.200000047683716,1.690000057220459,2.049999952316284,158900.0,43600.0,3.6444954128440368,30.177513206837,0.0,21.301768219340573,,$1-3
YHC,2026-07-22,1.8600000143051147,1.950000047683716,4.838711434753648,2.240000009536743,1.7599999904632568,1.850000023841858,633900.0,526550.3,1.2038735900444837,14.87179255187713,9.743592439710362,-5.1282062254635195,,$1-3
NWTG,2026-07-22,1.0499999523162842,1.100000023841858,4.761911790117163,1.1100000143051147,1.0499999523162842,1.100000023841858,7600.0,126660.0,0.0600031580609505,0.9090900224102624,4.545460949259217,0.0,,$1-3
OVID,2026-07-22,2.4100000858306885,2.5179998874664307,4.481319410348336,2.5179998874664307,2.3299999237060547,2.380000114440918,1086600.0,1550800.0,0.7006706216146505,0.0,7.466241944495812,-5.480531342055212,,$1-3
EZRA,2026-07-22,2.2899999618530273,2.390000104904175,4.366818546591988,2.390000104904175,2.125,2.2200000286102295,239100.0,83610.0,2.8597057768209546,0.0,11.08787001140319,-7.11297359130289,,$1-3
CJMB,2026-07-22,1.440000057220459,1.5,4.166662527455388,1.7899999618530271,1.3270000219345093,1.6799999475479126,1931100.0,6840850.0,0.2822894815702727,19.33333079020182,11.533331871032717,11.999996503194172,,$1-3
AURE,2026-07-22,1.7000000476837158,1.7699999809265137,4.11764301643251,1.840000033378601,1.7000000476837158,1.7400000095367432,11500.0,188360.0,0.0610533021873009,3.95480526589868,3.954798530910498,-1.6949136561044988,,$1-3
DFSC,2026-07-22,1.7000000476837158,1.7699999809265137,4.11764301643251,1.77400004863739,1.649999976158142,1.649999976158142,58300.0,66890.0,0.8715802063088653,0.2259925284735095,6.779661359406179,-6.779661359406179,,$1-3
TWAV,2026-07-22,1.2200000286102295,1.2699999809265137,4.0983566511258145,1.2799999713897705,1.2100000381469729,1.2699999809265137,26500.0,52110.0,0.5085396277106121,0.787400835704065,4.7244050142243905,0.0,,$1-3
WHLR,2026-07-23,0.3230000138282776,1.3650000095367432,322.6006040552194,1.3650000095367432,1.0499999523162842,1.1649999618530271,233640.0,932550.0,0.2505388451021393,0.0,23.076927107668254,-14.65201804295901,50%+,$1-3
WBUY,2026-07-23,0.7580000162124634,1.340000033378601,76.7810032609559,1.3899999856948853,0.944000005722046,1.1200000047683716,174469200.0,416400.0,418.9942363112392,3.7313396321503887,29.552240133763497,-16.417912173892542,50%+,$1-3
LGCL,2026-07-23,0.9520000219345092,1.590000033378601,67.01680638070212,1.899999976158142,1.3200000524520874,1.7599999904632568,64305100.0,1366040.0,47.0740973909988,19.49685133784684,16.98113051939936,10.691820975841226,50%+,$1-3
ZYBT,2026-07-23,1.3799999952316284,1.7599999904632568,27.536231633670887,2.069999933242798,1.559999942779541,1.7999999523162842,15572600.0,21451770.0,0.7259354356307195,17.613633207915225,11.36363913451346,2.272725117600642,20-50%,$1-3
WLDS,2026-07-23,1.4800000190734863,1.7200000286102295,16.216216651604412,2.5799999237060547,1.593999981880188,2.2300000190734863,29969400.0,42550.0,704.3337250293772,49.999993069227465,7.325583990359018,29.65116174302276,10-20%,$1-3
GITS,2026-07-23,2.049999952316284,2.240000009536743,9.268295689752524,2.2899999618530273,2.0899999141693115,2.190000057220459,38800.0,39200.0,0.9897959183673468,2.232140718902261,6.696432800393305,-2.232140718902261,5-10%,$1-3
CJMB,2026-07-23,1.6799999475479126,1.7999999523162842,7.142857649699376,2.9800000190734863,1.7999999523162842,2.3499999046325684,32626300.0,7015570.0,4.650555835092516,65.5555610009183,0.0,30.555553715905976,5-10%,$1-3
SNTG,2026-07-23,2.130000114440918,2.2799999713897705,7.042246426743713,2.440000057220459,2.049999952316284,2.3299999237060547,255900.0,857430.0,0.2984500192435534,7.017547712211622,10.08772026138624,2.1929803922675832,5-10%,$1-3
PALI,2026-07-23,1.899999976158142,2.0299999713897705,6.842105098048074,2.200000047683716,1.9700000286102295,2.0199999809265137,5911900.0,2919070.0,2.0252683217600125,8.374388112801821,2.955662247544964,-0.4926103745908273,5-10%,$1-3
PETS,2026-07-23,1.9600000381469729,2.0799999237060547,6.122443021609968,2.1500000953674316,2.0299999713897705,2.049999952316284,523600.0,116310.0,4.50176253116671,3.36539299177731,2.4038439495322868,-1.442306369719372,5-10%,$1-3
HODO,2026-07-23,1.0099999904632568,1.0700000524520874,5.940600253006966,1.2400000095367432,0.9850000143051147,1.2000000476837158,293900.0,1358220.0,0.2163861524642547,15.88784567767748,7.943928409366017,12.14953166906032,5-10%,$1-3
CODX,2026-07-23,2.2799999713897705,2.4100000858306885,5.7017594768510715,2.4100000858306885,2.1649999618530273,2.2100000381469727,122100.0,141420.0,0.8633856597369538,0.0,10.165979885980525,-8.298756869744219,5-10%,$1-3
GDHG,2026-07-23,1.3200000524520874,1.3949999809265137,5.681812537439166,1.4800000190734863,1.312000036239624,1.4299999475479126,6200.0,111270.0,0.0557203199424822,6.09319278201842,5.949816904783309,2.5089582150498013,5-10%,$1-3
OXBR,2026-07-23,1.4700000286102295,1.5499999523162842,5.442171574764416,1.6399999856948853,1.5,1.5199999809265137,7600.0,56730.0,0.1339679182090604,5.806453944989295,3.225803474481751,-1.9354820846890508,5-10%,$1-3
WNW,2026-07-23,2.569999933242798,2.700000047683716,5.058370343102898,2.799999952316284,2.4800000190734863,2.490000009536743,151300.0,324900.0,0.4656817482302247,3.7037001061669086,8.148149063884787,-7.777779053268096,5-10%,$1-3
AIMD,2026-07-23,1.5399999618530271,1.616000056266785,4.935071188073869,1.616000056266785,1.5099999904632568,1.5099999904632568,14700.0,55140.0,0.2665941240478781,0.0,6.559409784205375,-6.559409784205375,,$1-3
ONEG,2026-07-23,1.0399999618530271,1.090000033378601,4.807699361496682,1.090000033378601,1.0099999904632568,1.0299999713897705,45800.0,50270.0,0.9110801670976726,0.0,7.339453253719029,-5.504592674447205,,$1-3
CHSN,2026-07-23,1.1399999856948853,1.190000057220459,4.385971241490521,1.340000033378601,1.1299999952316284,1.25,370800.0,4407480.0,0.0841297067712162,12.605039407183252,5.042021773425426,5.04201175583855,,$1-3
MNDO,2026-07-23,0.959999978542328,1.0,4.166668994973155,1.0199999809265137,0.949999988079071,0.949999988079071,8700.0,41620.0,0.2090341182123979,1.9999980926513672,5.0000011920928955,-5.0000011920928955,,$1-3
KOS,2026-07-23,2.6500000953674316,2.759999990463257,4.150939288195509,2.7899999618530273,2.6700000762939453,2.740000009536743,14185800.0,19276740.0,0.7359024399353833,1.0869554888924151,3.260866466677246,-0.7246369925949435,,$1-3
LVWR,2026-07-24,0.7699999809265137,1.2649999856948853,64.28571649738947,1.7699999809265137,1.2300000190734863,1.4600000381469729,104994900.0,1163680.0,90.22660868967414,39.92094869109612,2.7667958116357503,15.415024083575045,50%+,$1-3
BNRG,2026-07-24,0.7820000052452087,1.024999976158142,31.074164869952497,1.0700000524520874,0.6399999856948853,0.6710000038146973,48809200.0,2194430.0,22.242313493709073,4.390251447869544,37.56097555302353,-34.536583470986145,20-50%,$1-3
YDES,2026-07-24,2.0399999618530273,2.440000057220459,19.60784817878589,2.440000057220459,1.9600000381469729,2.240000009536743,83100.0,41240.0,2.0150339476236665,0.0,19.672131467909935,-8.196723073504641,10-20%,$1-3
CJMB,2026-07-24,2.3499999046325684,2.759999990463257,17.446812871032588,3.9200000762939458,2.2200000286102295,2.549999952316284,16314200.0,10275520.0,1.587676341440628,42.028988762278445,19.565216076772167,-7.608697060601252,10-20%,$1-3
WLDS,2026-07-24,2.2300000190734863,2.559999942779541,14.79820273020276,4.3460001945495605,2.430000066757202,3.5299999713897705,29712600.0,3034940.0,9.790177071045886,69.76563639414988,5.078120270627445,37.8906269645086,10-20%,$1-3
ANY,2026-07-24,1.7649999856948853,1.919999957084656,8.78186813858509,2.140000104904175,1.6100000143051147,1.909999966621399,6505800.0,804650.0,8.0852544584602,11.458341288380502,16.145830713988534,-0.5208328482694815,5-10%,$1-3
ZCMD,2026-07-24,1.7300000190734863,1.8700000047683716,8.092484633026954,1.8700000047683716,1.2999999523162842,1.399999976158142,17833600.0,16578230.0,1.0757240067244815,0.0,30.48128614965917,-25.1336913054418,5-10%,$1-3
WNW,2026-07-24,2.490000009536743,2.680000066757202,7.630524357138774,2.890000104904175,2.4000000953674316,2.6500000953674316,228700.0,267700.0,0.8543145311916325,7.835822123731233,10.447759866236506,-1.1194018896451168,5-10%,$1-3
MOBX,2026-07-24,1.909999966621399,2.0450000762939453,7.0680686927627665,2.0450000762939453,1.75,1.809999942779541,22566200.0,288720.0,78.15946245497368,0.0,14.425431065438376,-11.491448642891186,5-10%,$1-3
MNDO,2026-07-24,0.949999988079071,1.0099999904632568,6.3157898039038525,1.0199999809265137,0.959999978542328,1.0199999809265137,135500.0,36550.0,3.707250341997264,0.9900980750178164,4.950496276539116,0.9900980750178164,5-10%,$1-3
BMR,2026-07-24,1.1799999475479126,1.25,5.932208098614778,1.2990000247955322,1.2100000381469729,1.2400000095367432,116300.0,100690.0,1.1550302909921542,3.9200019836425777,3.1999969482421875,-0.7999992370605469,5-10%,$1-3
ZDAI,2026-07-24,1.7300000190734863,1.830000042915344,5.780348135222196,1.830000042915344,1.6799999475479126,1.690000057220459,6300.0,63900.0,0.0985915492957746,0.0,8.19672633058898,-7.650272262936862,5-10%,$1-3
NTRP,2026-07-24,1.7899999618530271,1.8899999856948853,5.586593629775098,1.8899999856948853,1.7400000095367432,1.75,50000.0,746040.0,0.0670205350919521,0.0,7.936506735104152,-7.407406706588533,5-10%,$1-3
KUST,2026-07-24,1.3899999856948853,1.4600000381469729,5.035975048380533,1.5499999523162842,1.2999999523162842,1.350000023841858,1372900.0,15424150.0,0.089009767150864,6.164377521766309,10.958909702068231,-7.534247358289553,5-10%,$1-3
NWTG,2026-07-24,1.100000023841858,1.149999976158142,4.545450112051311,1.149999976158142,1.062999963760376,1.100000023841858,5400.0,54790.0,0.0985581310458112,0.0,7.56521862621346,-4.347822030685715,,$1-3
PBM,2026-07-24,2.819999933242798,2.940000057220459,4.255323646042417,3.0,2.799999952316284,2.950000047683716,41500.0,124400.0,0.3336012861736334,2.040814340536656,4.761908237394186,0.340135723422776,,$1-3
HYFT,2026-07-24,1.1799999475479126,1.2300000190734863,4.2372943854341605,1.4700000286102295,1.1200000047683716,1.3600000143051147,983400.0,233190.0,4.217161970924997,19.512195594722535,8.943090455232165,10.569105139490372,,$1-3
BIYA,2026-07-27,1.9299999475479128,2.934999942779541,52.07254002822605,4.900000095367432,2.7200000286102295,4.170000076293945,90445400.0,11930830.0,7.580813740536073,66.95060275629754,7.325380523370627,42.07836993498606,50%+,$1-3
ENTX,2026-07-27,2.049999952316284,2.9600000381469727,44.39024912183457,4.199999809265137,2.7699999809265137,3.9200000762939458,83383900.0,230220.0,362.1922508904526,41.89188361951617,6.418920769318751,32.432433303208825,20-50%,$1-3
JZXN,2026-07-27,1.190000057220459,1.4900000095367432,25.210078814366504,1.6699999570846558,1.2999999523162842,1.350000023841858,14430500.0,4227150.0,3.413765775995647,12.080533315155916,12.751681611031133,-9.395972134148693,20-50%,$1-3
VSME,2026-07-27,1.159999966621399,1.3799999952316284,18.965520253504728,1.3799999952316284,1.1699999570846558,1.2300000190734863,37400.0,187990.0,0.1989467524868344,0.0,15.217394121202505,-10.869563527278498,10-20%,$1-3
GMEX,2026-07-27,1.4700000286102295,1.7100000381469729,16.326530943243892,2.0999999046325684,1.559999942779541,1.7999999523162842,24751900.0,1507590.0,16.418190622118747,22.807009227217083,8.771935205918357,5.263152757987022,10-20%,$1-3
LGCL,2026-07-27,1.3600000143051147,1.5299999713897705,12.499996712979184,1.6100000143051147,1.2599999904632568,1.350000023841858,2208800.0,8183720.0,0.2699017072920383,5.228761072634299,17.647057906887415,-11.76470267410595,10-20%,$1-3
HIHO,2026-07-27,1.0399999618530271,1.149999976158142,10.57692484037417,1.2200000286102295,1.0700000524520874,1.1299999952316284,868100.0,9181730.0,0.0945464525748415,6.086961208985396,6.956515249097145,-1.7391288122742865,10-20%,$1-3
EHGO,2026-07-27,2.0899999141693115,2.299999952316284,10.04784912780434,2.299999952316284,2.0399999618530273,2.109999895095825,1160700.0,11756070.0,0.0987319742056656,0.0,11.304347645808251,-8.260872224328253,10-20%,$1-3
BAER,2026-07-27,1.850000023841858,2.0299999713897705,9.729726769089998,2.0299999713897705,1.8350000381469729,1.8700000047683716,1160600.0,334370.0,3.4710051739091425,0.0,9.605908176900012,-7.881771865832116,5-10%,$1-3
LVWR,2026-07-27,1.4600000381469729,1.600000023841858,9.589039865544988,3.569999933242798,1.5499999523162842,2.430000066757202,75556000.0,11612900.0,6.506212918392477,123.1249925028534,3.1250044237821637,51.87500190921125,5-10%,$1-3
REBN,2026-07-27,0.9990000128746032,1.090000033378601,9.109111044167758,1.4450000524520874,1.0640000104904177,1.25,813500.0,89790.0,9.060028956453948,32.56880809197008,2.3853231277060645,14.678895570806324,5-10%,$1-3
ARQ,2026-07-27,2.0299999713897705,2.200000047683716,8.374388112801821,2.200000047683716,1.9800000190734863,1.9900000095367432,187700.0,215600.0,0.8705936920222634,0.0,10.00000108372079,-9.54545607251566,5-10%,$1-3
YIBO,2026-07-27,1.180999994277954,1.277999997138977,8.213378774851503,1.277999997138977,1.1649999618530271,1.1799999475479126,9500.0,28100.0,0.3380782918149466,0.0,8.841943312904517,-7.668235509425229,5-10%,$1-3
HCWB,2026-07-27,2.5,2.6700000762939453,6.8000030517578125,2.6700000762939453,2.4600000381469727,2.6500000953674316,72300.0,63550.0,1.1376868607395751,0.0,7.865169743308028,-0.7490629346450939,5-10%,$1-3
DAIC,2026-07-27,1.309999942779541,1.3899999856948853,6.106873771734767,1.3899999856948853,1.2699999809265137,1.2999999523162842,23600.0,654390.0,0.0360641207842418,0.0,8.633093957075221,-6.474822611858408,5-10%,$1-3
ETS,2026-07-27,1.0099999904632568,1.0700000524520874,5.940600253006966,1.090000033378601,1.0499999523162842,1.0700000524520874,61000.0,82380.0,0.7404709881039088,1.86915700430858,1.869168145363132,0.0,5-10%,$1-3
LPSN,2026-07-27,1.5299999713897705,1.6200000047683716,5.882355232781465,1.690000057220459,1.6200000047683716,1.690000057220459,76800.0,50320.0,1.5262321144674087,4.320990879385587,0.0,4.320990879385587,5-10%,$1-3
CTNT,2026-07-27,1.7300000190734863,1.830000042915344,5.780348135222196,1.8700000047683716,1.75,1.8200000524520872,374200.0,462930.0,0.8083295530641782,2.185790213933768,4.371586942036211,-0.546447553483442,5-10%,$1-3
UK,2026-07-27,2.0199999809265137,2.130000114440918,5.445551215498058,2.1489999294281006,1.9600000381469729,2.069000005722046,13700.0,34960.0,0.3918764302059496,0.8920100453689264,7.981223810336127,-2.863854715561054,5-10%,$1-3
PWCM,2026-07-27,2.0899999141693115,2.200000047683716,5.2631644991298865,2.2699999809265137,1.940000057220459,1.9600000381469729,93900.0,370780.0,0.2532499056044015,3.1818150784359176,11.818181128541315,-10.909091106131052,5-10%,$1-3
CAST,2026-07-27,1.9299999475479128,2.0299999713897705,5.181348526403283,2.0999999046325684,1.840000033378601,1.8899999856948853,276700.0,448790.0,0.6165467144989861,3.448272622135791,9.359602989604596,-6.8965511166504605,5-10%,$1-3
PETZ,2026-07-27,1.1799999475479126,1.2400000095367432,5.084751242024469,1.25,1.1299999952316284,1.1399999856948853,13100.0,31560.0,0.4150823827629911,0.8064508376086847,8.870968827347841,-8.064517989739157,5-10%,$1-3
ISPC,2026-07-27,1.9700000286102295,2.069999933242798,5.076137217272785,2.0829999446868896,1.9700000286102295,2.009999990463257,52400.0,139000.0,0.376978417266187,0.6280198967797251,4.830913423070097,-2.898548053842058,5-10%,$1-3
VRXA,2026-07-27,1.7999999523162842,1.8899999856948853,5.000001986821545,2.2799999713897705,1.8600000143051147,2.009999990463257,819700.0,329550.0,2.4873312092247004,20.634920034218744,1.5873000855468575,6.349206649557296,5-10%,$1-3
GITS,2026-07-27,2.0199999809265137,2.119999885559082,4.950490375089083,2.119999885559082,2.0,2.069999933242798,16000.0,41740.0,0.3833253473885961,0.0,5.660372265889812,-2.358488444120755,,$1-3
CVKD,2026-07-27,2.0399999618530273,2.140000104904175,4.901967888289207,2.140000104904175,1.950000047683716,2.059999942779541,71100.0,89560.0,0.7938811969629299,0.0,8.878506911520308,-3.738325149671712,,$1-3
CANG,2026-07-27,1.690000057220459,1.7699999809265137,4.733723135940626,1.7699999809265137,1.6200000047683716,1.7000000476837158,51800.0,128226.0,0.4039742329948684,0.0,8.474575015510679,-3.954798530910498,,$1-3
LICN,2026-07-27,1.100000023841858,1.149999976158142,4.545450112051311,1.3380000591278076,1.149999976158142,1.190000057220459,347100.0,2884390.0,0.1203374023623712,16.347833640634157,0.0,3.478267990573966,,$1-3
FABC,2026-07-27,2.5299999713897705,2.640000104904175,4.347831413372682,2.640000104904175,2.3399999141693115,2.5199999809265137,315100.0,165340.0,1.90576992863191,0.0,11.363643136891184,-4.545459060957758,,$1-3
HSDT,2026-07-27,1.6299999952316284,1.7000000476837158,4.294481758089831,1.7300000190734863,1.6399999856948853,1.6799999475479126,183100.0,140630.0,1.301998151176847,1.7647041498996467,3.529415312110247,-1.1764764455773846,,$1-3
DGNX,2026-07-27,1.409999966621399,1.4700000286102295,4.255323646042417,1.600000023841858,1.4600000381469729,1.5099999904632568,809900.0,507470.0,1.5959564112164266,8.843536918467496,0.680271446845552,2.721085787382208,,$1-3
DFDV,2026-07-27,2.700000047683716,2.809999942779541,4.0740701167835995,2.930000066757202,2.674999952316284,2.7300000190734863,862900.0,677590.0,1.2734839652297112,4.270467132428542,4.804270221077663,-2.846972431854284,,$1-3
BMR,2026-07-27,1.2400000095367432,1.2899999618530271,4.0322541880434235,1.2999999523162842,1.25,1.2799999713897705,50400.0,94420.0,0.5337852149968227,0.7751930820906612,3.1007723283626447,-0.7751930820906612,,$1-3
CURV,2026-07-27,2.4800000190734863,2.5799999237060547,4.0322541880434235,2.6500000953674316,2.4800000190734863,2.5799999237060547,341500.0,272360.0,1.2538551916580996,2.713185028347785,3.875965410453306,0.0,,$1-3
LVWR,2026-07-28,2.430000066757202,2.9700000286102295,22.22222004189691,3.1500000953674316,1.830000042915344,1.950000047683716,29694100.0,19135670.0,1.5517669357801425,6.060608249941017,38.38383753243034,-34.34343337039659,20-50%,$1-3
POLA,2026-07-28,1.4700000286102295,1.7300000190734863,17.687073836934992,2.359999895095825,1.600000023841858,1.649999976158142,45441500.0,399490.0,113.74877969410998,36.41617740326614,7.514450508575765,-4.624279886319817,10-20%,$1-3
EHGO,2026-07-28,2.109999895095825,2.369999885559082,12.322275042172407,2.75,2.0799999237060547,2.25,5415700.0,8962910.0,0.6042345622124957,16.033760877219454,12.236285901111614,-5.063286555002263,10-20%,$1-3
OPK,2026-07-28,1.2400000095367432,1.3799999952316284,11.290321340173897,1.7300000190734863,1.3700000047683716,1.649999976158142,34590200.0,2875290.0,12.030160435990805,25.362320655886055,0.7246369925949435,19.565216076772167,10-20%,$1-3
BZFD,2026-07-28,1.1299999952316284,1.2400000095367432,9.734514581353324,1.2599999904632568,1.1699999570846558,1.25,2056000.0,691630.0,2.972687708746006,1.6129016752173695,5.645165476913102,0.8064508376086847,5-10%,$1-3
PETZ,2026-07-28,1.1399999856948853,1.2400000095367432,8.77193202602569,1.25,1.2000000476837158,1.2100000381469729,2100.0,32270.0,0.0650759219088937,0.8064508376086847,3.225803350434739,-2.419352512826054,5-10%,$1-3
IVF,2026-07-28,0.9589999914169312,1.0299999713897705,7.403543337673679,1.0299999713897705,0.9100000262260436,0.9800000190734864,88400.0,134280.0,0.6583258862079238,0.0,11.65048043659767,-4.854364437391164,5-10%,$1-3
MODD,2026-07-28,2.309999942779541,2.4600000381469727,6.493510782815945,2.4600000381469727,2.109999895095825,2.3399999141693115,59300.0,232690.0,0.2548455026000258,0.0,14.227647870883352,-4.878053744586638,5-10%,$1-3
LPCN,2026-07-28,2.140000104904175,2.2699999809265137,6.074760264002886,2.2699999809265137,2.119999885559082,2.140000104904175,32100.0,26960.0,1.190652818991098,0.0,6.607933772149559,-5.726866833244583,5-10%,$1-3
CODX,2026-07-28,2.0399999618530273,2.1500000953674316,5.39216350839958,2.1700000762939453,1.3799999952316284,1.409999966621399,1866100.0,150520.0,12.397688014881744,0.9302316297384028,35.81395655725361,-34.41860911264601,5-10%,$1-3
AURE,2026-07-28,1.7100000381469729,1.7899999618530271,4.678358007099575,1.7899999618530271,1.6799999475479126,1.684999942779541,7500.0,30140.0,0.2488387524883875,0.0,6.145252326778909,-5.865922978277004,,$1-3
MNOV,2026-07-28,1.3200000524520874,1.3799999952316284,4.545450029951333,1.3799999952316284,1.309999942779541,1.3300000429153442,58000.0,42700.0,1.3583138173302107,0.0,5.0724675865189495,-3.6231849629747175,,$1-3
VGAS,2026-07-28,1.159999966621399,1.2089999914169312,4.224140190128545,1.2200000286102295,1.0700000524520874,1.1200000047683716,45200.0,29600.0,1.527027027027027,0.9098459281547596,11.497100078713627,-7.361454696476286,,$1-3
VTIX,2026-07-28,2.180000066757202,2.2699999809265137,4.128436303361603,2.319999933242798,1.5800000429153442,1.690000057220459,2928400.0,1746260.0,1.6769553216588595,2.202641089709455,30.396473295543466,-25.550657646672065,,$1-3
RDGT,2026-07-28,1.2300000190734863,1.2799999713897705,4.065036710645526,1.2899999618530271,1.1399999856948853,1.159999966621399,479800.0,3489470.0,0.137499391024998,0.7812492724042223,10.937499126885069,-9.375000582076622,,$1-3
VIVK,2026-07-29,1.940000057220459,2.7799999713897705,43.29896337079619,2.7799999713897705,2.1700000762939453,2.4000000953674316,49326200.0,28840318.5,1.7103209175723908,0.0,21.942442495453538,-13.669060429247784,20-50%,$1-3
RBBN,2026-07-29,2.049999952316284,2.2699999809265137,10.73170896231742,2.3299999237060547,2.0799999237060547,2.190000057220459,1799300.0,741600.0,2.426240560949299,2.6431693076513456,8.370046643917123,-3.524225743535128,10-20%,$1-3
LVWR,2026-07-29,1.950000047683716,2.1500000953674316,10.25641245092704,2.6500000953674316,2.069999933242798,2.5899999141693115,10708600.0,22087810.0,0.4848194547128031,23.25581292193156,3.720937608189357,20.46510694348061,10-20%,$1-3
LESL,2026-07-29,1.0499999523162842,1.149999976158142,9.52381222696814,1.1950000524520874,0.8700000047683716,0.8899999856948853,1236900.0,1120880.0,1.103507958032974,3.9130501936425377,24.34782410389079,-22.608695291616502,5-10%,$1-3
BHST,2026-07-29,2.0399999618530273,2.180000066757202,6.862750368730701,2.486999988555908,2.1600000858306885,2.194999933242798,72400.0,76670.0,0.9443067692709012,14.08256478887981,0.917430289635912,0.688067248911067,5-10%,$1-3
KOS,2026-07-29,2.3399999141693115,2.490000009536743,6.410260720914638,2.5,2.390000104904175,2.4800000190734863,14265100.0,14253460.0,1.0008166438184132,0.4016060411629196,4.016060411629196,-0.4016060411629196,5-10%,$1-3
WIT,2026-07-29,1.919999957084656,2.0399999618530273,6.250000388051082,2.0399999618530273,1.9299999475479128,1.9700000286102295,7057700.0,9183430.0,0.7685254855756509,0.0,5.392157664806846,-3.4313693407726165,5-10%,$1-3
QTI,2026-07-29,2.6500000953674316,2.809999942779541,6.037729873738923,2.9000000953674316,2.700000047683716,2.7100000381469727,39100.0,62830.0,0.622314181123667,3.2028524704831853,3.91458709379964,-3.5587155398178547,5-10%,$1-3
UROY,2026-07-29,2.7799999713897705,2.930000066757202,5.395686939250003,3.240000009536743,2.7799999713897705,3.0299999713897705,6298200.0,3901690.0,1.6142235800383935,10.580202584180675,5.119457063133971,3.4129659506541907,5-10%,$1-3
VGAS,2026-07-29,1.1200000047683716,1.1799999475479126,5.357137725365427,1.1799999475479126,1.0199999809265137,1.0199999809265137,20600.0,32340.0,0.6369820655534941,0.0,13.559319807927558,-13.559319807927558,5-10%,$1-3
NXTS,2026-07-29,1.5499999523162842,1.6299999952316284,5.161293250092945,1.6299999952316284,1.4500000476837158,1.4800000190734863,49800.0,109990.0,0.452768433493954,0.0,11.042941599661416,-9.202452551960077,5-10%,$1-3
OIO,2026-07-29,1.9700000286102295,2.069999933242798,5.076137217272785,2.0999999046325684,1.930999994277954,2.0299999713897705,76200.0,188780.0,0.4036444538616379,1.449274026921029,6.714973113409271,-1.9323653692280385,5-10%,$1-3
YHC,2026-07-29,1.3899999856948853,1.4600000381469729,5.035975048380533,1.6699999570846558,1.3600000143051147,1.6100000143051147,1834200.0,286640.0,6.398967345799609,14.383555715807676,6.849316522537741,10.273970701296802,5-10%,$1-3
ICCM,2026-07-29,2.7899999618530273,2.930000066757202,5.017924975568504,3.0,2.740000009536743,2.880000114440918,96300.0,81100.0,1.187422934648582,2.3890761654579333,6.484643443395647,-1.7064829753270954,5-10%,$1-3
REVB,2026-07-29,1.037999987602234,1.090000033378601,5.009638381257267,1.090000033378601,0.9290000200271606,0.9649999737739564,46800.0,49800.0,0.9397590361445785,0.0,14.77064297442261,-11.4678950253965,5-10%,$1-3
ALLR,2026-07-29,1.1799999475479126,1.2380000352859497,4.91526189120293,1.2380000352859497,1.14900004863739,1.159999966621399,56300.0,63210.0,0.8906818541370036,0.0,7.189013256207429,-6.300490019496206,,$1-3
AMTX,2026-07-29,1.4800000190734863,1.5499999523162842,4.7297251581536734,1.5499999523162842,1.3799999952316284,1.409999966621399,1457000.0,1055280.0,1.380676218633917,0.0,10.967739504160097,-9.032257419471046,,$1-3
MIST,2026-07-29,1.0700000524520874,1.1200000047683716,4.67289251077145,1.1200000047683716,1.0099999904632568,1.0399999618530271,2224000.0,1062070.0,2.0940239343922715,0.0,9.821429806856472,-7.1428609441737585,,$1-3
DARE,2026-07-29,1.184999942779541,1.2400000095367432,4.641356068608219,1.2400000095367432,1.159999966621399,1.159999966621399,83500.0,290190.0,0.2877425135256211,0.0,6.451616314521787,-6.451616314521787,,$1-3
NEOV,2026-07-29,2.009999990463257,2.0999999046325684,4.477607691359675,2.0999999046325684,1.940000057220459,1.9700000286102295,988700.0,1020840.0,0.9685161239763332,0.0,7.619040698961562,-6.190470567906269,,$1-3
CODX,2026-07-29,1.409999966621399,1.4700000286102295,4.255323646042417,1.6699999570846558,1.4299999475479126,1.5099999904632568,828100.0,330340.0,2.50681116425501,13.605437046386362,2.72109389685753,2.721085787382208,,$1-3
WNW,2026-07-29,2.4700000286102295,2.569999933242798,4.048579088026744,2.619999885559082,2.450000047683716,2.490000009536743,40000.0,215540.0,0.1855804027094738,1.945523486967363,4.669256368721671,-3.1128375791477807,,$1-3
DCX,2026-07-30,1.0800000429153442,1.350000023841858,24.999997240525815,1.3799999952316284,1.1399999856948853,1.2400000095367432,7236200.0,1151950.0,6.281696254177699,2.222220063700145,15.555558106536193,-8.148149063884787,20-50%,$1-3
STAK,2026-07-30,2.430000066757202,2.9800000190734863,22.633742271877825,3.0,2.049999952316284,2.049999952316284,15924900.0,18885420.0,0.8432377993182042,0.671140295251806,31.208055731702615,-31.208055731702615,20-50%,$1-3
GMEX,2026-07-30,1.2799999713897705,1.5199999809265137,18.750001164153243,1.6200000047683716,1.3799999952316284,1.4600000381469729,6042700.0,2884440.0,2.0949300384130023,6.578949019519266,9.210525490240366,-3.9473647060816504,10-20%,$1-3
YHC,2026-07-30,1.6100000143051147,1.809999942779541,12.422355695490312,2.130000114440918,1.7000000476837158,1.9299999475479128,1264900.0,442460.0,2.8587894950956017,17.679568054016958,6.077342462613727,6.629834727181959,10-20%,$1-3
GVH,2026-07-30,0.9100000262260436,1.0199999809265137,12.087906761570355,1.2899999618530271,0.949999988079071,1.0199999809265137,10236000.0,2836330.0,3.6088889515676943,26.470586860331117,6.862744525137968,0.0,10-20%,$1-3
LUNG,2026-07-30,1.25,1.399999976158142,11.999998092651367,1.809999942779541,1.3250000476837158,1.6100000143051147,4804600.0,234090.0,20.52458456149344,29.285712400261204,5.357137839404818,15.000002980232289,10-20%,$1-3
DGNX,2026-07-30,1.5499999523162842,1.7200000286102295,10.96774719508224,2.190000057220459,1.6100000143051147,1.7999999523162842,8221700.0,632770.0,12.993188678350744,27.325582604204513,6.395349562522706,4.6511582776364895,10-20%,$1-3
CAST,2026-07-30,1.2000000476837158,1.3200000524520874,10.0,1.3700000047683716,1.100000023841858,1.3200000524520874,1599600.0,421900.0,3.7914197677174686,3.787875024959444,16.666668171834402,0.0,10-20%,$1-3
DXST,2026-07-30,2.2699999809265137,2.490000009536743,9.691631297742797,2.499000072479248,2.25,2.25,85700.0,2565920.0,0.0333993265573361,0.3614483095596179,9.638554562953372,-9.638554562953372,5-10%,$1-3
MNDR,2026-07-30,1.4500000476837158,1.590000033378601,9.655171109720062,1.809999942779541,1.5499999523162842,1.7200000286102295,191900.0,73330.0,2.6169371335060685,13.836471998900576,2.515728315886917,8.176100157393746,5-10%,$1-3
ZTG,2026-07-30,2.7200000286102295,2.9600000381469727,8.82352966957026,3.490000009536743,2.8499999046325684,3.390000104904175,1041500.0,84160.0,12.375237642585551,17.905404208087866,3.716220678945223,14.52702909512096,5-10%,$1-3
OIO,2026-07-30,2.0299999713897705,2.200000047683716,8.374388112801821,2.200000047683716,1.809999942779541,2.0299999713897705,56400.0,188220.0,0.2996493465094039,0.0,17.727277111415926,-7.727276027695135,5-10%,$1-3
SBFM,2026-07-30,1.2300000190734863,1.3300000429153442,8.130083113103058,1.340000033378601,1.100000023841858,1.2300000190734863,1230200.0,60950.0,20.18375717801477,0.7518789579387514,17.293233958799657,-7.518798542491702,5-10%,$1-3
IMNN,2026-07-30,1.5399999618530271,1.659999966621399,7.792208294861243,1.7200000286102295,1.5199999809265137,1.600000023841858,665500.0,420820.0,1.5814362435245473,3.614461638270319,8.433734247587214,-3.614454456987671,5-10%,$1-3
USIO,2026-07-30,1.9700000286102295,2.119999885559082,7.614205825909176,2.1500000953674316,1.9700000286102295,2.140000104904175,340100.0,179980.0,1.889654406045116,1.4151043126324516,7.075465332362264,0.9434066238083006,5-10%,$1-3
PSNYW,2026-07-30,2.319999933242798,2.4700000286102295,6.465521538087627,2.5,2.3299999237060547,2.4800000190734863,13000.0,374440.0,0.0347185129793825,1.2145737264080234,5.668020375811383,0.4048579088026744,5-10%,$1-3
LZMH,2026-07-30,1.1399999856948853,1.2100000381469729,6.1403555553045885,1.25,1.1299999952316284,1.1349999904632568,22200.0,57830.0,0.3838837973370223,3.305781867105094,6.611573586217279,-6.198350852829142,5-10%,$1-3
SLNH,2026-07-30,1.1399999856948853,1.2100000381469729,6.1403555553045885,1.3600000143051147,1.2100000381469729,1.2999999523162842,20762400.0,11703530.0,1.774028861377721,12.396691853651191,0.0,7.438009200986462,5-10%,$1-3
FNUC,2026-07-30,1.4700000286102295,1.559999942779541,6.122443021609968,1.600000023841858,1.5399999618530271,1.5399999618530271,285900.0,243490.0,1.1741755308226212,2.5641078544558447,1.2820501064172196,-1.2820501064172196,5-10%,$1-3
LPL,2026-07-30,2.7899999618530273,2.9600000381469727,6.09319278201842,3.0199999809265137,2.930000066757202,2.9800000190734863,4075900.0,3106860.0,1.3119033364876436,2.0270250677801456,1.0135125338900728,0.6756750225933819,5-10%,$1-3
YMAT,2026-07-30,1.7300000190734863,1.830000042915344,5.780348135222196,1.843999981880188,1.6100000143051147,1.7799999713897705,42600.0,106690.0,0.3992876558252882,0.7650239692093487,12.021859204973072,-2.732244281585885,5-10%,$1-3
LVWR,2026-07-30,2.5899999141693115,2.7300000190734863,5.405409634890931,2.7699999809265137,1.830000042915344,2.059999942779541,5724900.0,23139650.0,0.2474065078771718,1.465200057639656,32.96703186337655,-24.54212716530791,5-10%,$1-3
SIDU,2026-07-30,1.6799999475479126,1.7699999809265137,5.357145011222348,1.840000033378601,1.7300000190734863,1.840000033378601,5595800.0,5872340.0,0.9529080400658,3.95480526589868,2.2598848748059988,3.95480526589868,5-10%,$1-3
CLRB,2026-07-30,2.4800000190734863,2.609999895095825,5.241930444456451,2.609999895095825,2.4800000190734863,2.5299999713897705,30200.0,39880.0,0.757271815446339,0.0,4.98083836197112,-3.0651312996745355,5-10%,$1-3
MIMI,2026-07-30,1.5800000429153442,1.6610000133514404,5.1265802681016845,1.899999976158142,1.659999966621399,1.7200000286102295,121000.0,133180.0,0.9085448265505331,14.388919981070051,0.0602075088502669,3.5520779521093013,5-10%,$1-3
ANY,2026-07-30,2.059999942779541,2.1600000858306885,4.854376011108917,2.4600000381469727,2.0299999713897705,2.3499999046325684,666600.0,1642950.0,0.4057335889710581,13.888886129414704,6.018523577554525,8.796287557961376,,$1-3
NVNI,2026-07-30,1.0499999523162842,1.100000023841858,4.761911790117163,1.1119999885559082,1.0199999809265137,1.0499999523162842,46600.0,77540.0,0.6009801392829507,1.0909058594507337,7.272731016490004,-4.545460949259217,,$1-3
FUFU,2026-07-30,1.2599999904632568,1.3200000524520874,4.76190971769537,1.600000023841858,1.2999999523162842,1.309999942779541,336100.0,135700.0,2.4767870302137065,21.21211820178574,1.515159040990203,-0.7575840359983141,,$1-3
SCWO,2026-07-30,2.140000104904175,2.240000009536743,4.67289251077145,2.240000009536743,2.109999895095825,2.240000009536743,41100.0,61680.0,0.6663424124513618,0.0,5.803576512832401,0.0,,$1-3
VIP,2026-07-30,1.950000047683716,2.0399999618530273,4.615380100950092,2.190000057220459,2.0,2.140000104904175,432300.0,2057310.0,0.2101287603715531,7.352945988841075,1.960782480441495,4.901967888289207,,$1-3
WETH,2026-07-30,1.1699999570846558,1.2200000286102295,4.273510543552606,1.2899999618530271,1.1699999570846558,1.190000057220459,102200.0,134980.0,0.7571492072899689,5.73769931157614,4.0983664223788265,-2.459013990675489,,$1-3
ACON,2026-07-30,2.015000104904175,2.0999999046325684,4.218352124226604,2.0999999046325684,1.950000047683716,2.0199999809265137,78200.0,43360.0,1.8035055350553504,0.0,7.142850655276464,-3.809520349480781,,$1-3
GCTS,2026-07-30,1.7400000095367432,1.809999942779541,4.02298464707679,1.909999966621399,1.7630000114440918,1.8899999856948853,2173100.0,1629040.0,1.3339758385306684,5.524863370343098,2.596681371341559,4.419892013504239,,$1-3
KWM,2026-07-31,0.1238999962806701,2.6670000553131104,2052.5424821414567,2.871000051498413,2.130000114440918,2.510999917984009,8217527.0,402332.4,20.42472095212814,7.649043567843225,20.134980492497505,-5.849273869279575,50%+,$1-3
KUST,2026-07-31,1.1799999475479126,1.7599999904632568,49.152548194651,1.8799999952316284,1.0800000429153442,1.2400000095367432,44498300.0,7914550.0,5.622341131207713,6.818182126057051,38.63636086548654,-29.545453621828848,20-50%,$1-3
PLYX,2026-07-31,2.1500000953674316,2.390000104904175,11.162790646096578,2.390000104904175,2.049999952316284,2.309999942779541,202500.0,101440.0,1.9962539432176656,0.0,14.22594718260578,-3.3472869712631805,10-20%,$1-3
PMAX,2026-07-31,1.7200000286102295,1.8799999952316284,9.302323486045513,1.8799999952316284,1.5099999904632568,1.649999976158142,311500.0,1105460.0,0.2817831490963038,0.0,19.680851367384452,-12.23404359876867,5-10%,$1-3
CNCK,2026-07-31,1.840000033378601,1.9800000190734863,7.608694736696163,2.122999906539917,1.649999976158142,1.7999999523162842,151000.0,44840.0,3.367528991971454,7.222216469136475,16.666668673557044,-9.090912374911529,5-10%,$1-3
LGCL,2026-07-31,1.2000000476837158,1.2899999618530271,7.4999925494197,1.4199999570846558,1.25,1.25,181600.0,8418850.0,0.0215706420710667,10.077519308209066,3.1007723283626447,-3.1007723283626447,5-10%,$1-3
SEER,2026-07-31,2.059999942779541,2.2100000381469727,7.281558229804499,2.25,2.1600000858306885,2.2200000286102295,2903300.0,1375820.0,2.1102324431975115,1.80995299378213,2.2624412422276623,0.4524882484455325,5-10%,$1-3
OCG,2026-07-31,1.590000033378601,1.7000000476837158,6.918239748170006,1.7000000476837158,1.5800000429153442,1.6100000143051147,85300.0,359420.0,0.2373268042958099,0.0,7.058823611909541,-5.294119462009894,5-10%,$1-3
YDES,2026-07-31,2.200000047683716,2.3499999046325684,6.818175168076966,2.380000114440918,2.1600000858306885,2.1700000762939453,10100.0,32730.0,0.3085853956614726,1.2766047245027552,8.085099000528984,-7.659567474185354,5-10%,$1-3
DOMH,2026-07-31,2.430000066757202,2.5899999141693115,6.584355679694558,2.5899999141693115,2.390000104904175,2.5399999618530273,36600.0,69140.0,0.5293607173850159,0.0,7.722000613628688,-1.930500153407172,5-10%,$1-3
CANG,2026-07-31,1.4299999475479126,1.5099999904632568,5.59440880068031,1.5099999904632568,1.3799999952316284,1.399999976158142,84300.0,146915.0,0.5738011775516455,0.0,8.609271261766391,-7.284769205287714,5-10%,$1-3
FGL,2026-07-31,0.9509999752044678,1.0,5.152473824722979,1.309999942779541,0.9100000262260436,0.9890000224113464,1089900.0,107960.0,10.095405705816969,30.9999942779541,8.99999737739563,-1.0999977588653564,5-10%,$1-3
XCUR,2026-07-31,1.5700000524520874,1.649999976158142,5.095536371550287,1.649999976158142,1.5499999523162842,1.600000023841858,17700.0,126350.0,0.1400870597546497,0.0,6.060607593140567,-3.0303001841675177,5-10%,$1-3
KMRK,2026-07-31,0.962000012397766,1.0099999904632568,4.989602645207012,1.090000033378601,0.9900000095367432,1.0700000524520874,82100.0,71320.0,1.1511497476163768,7.920796403042599,1.9801961500356329,5.940600253006966,,$1-3
GCTS,2026-07-31,1.8899999856948853,1.9800000190734863,4.761906564010437,2.015000104904175,1.8600000143051147,1.8600000143051147,1672000.0,1655540.0,1.009942375297486,1.7676810855318217,6.06060624305064,-6.06060624305064,,$1-3
SORA,2026-07-31,1.690000057220459,1.7699999809265137,4.733723135940626,1.7699999809265137,1.649999976158142,1.649999976158142,5800.0,207110.0,0.0280044420839167,0.0,6.779661359406179,-6.779661359406179,,$1-3
DFLI,2026-07-31,1.2899999618530271,1.350000023841858,4.651167733574438,1.399999976158142,1.121000051498413,1.1699999570846558,964500.0,224170.0,4.302538252219298,3.7037001061669086,16.962960614752582,-13.333338042836044,,$1-3
NRGV,2026-07-31,2.8299999237060547,2.9600000381469727,4.593643743660424,3.005000114440918,2.7850000858306885,2.8499999046325684,2430600.0,4085890.0,0.594876514052018,1.5202728281759206,5.912160475032904,-3.716220678945223,,$1-3
EHGO,2026-07-31,2.0999999046325684,2.190000057220459,4.285721746432066,2.190000057220459,1.940000057220459,2.0199999809265137,222600.0,8970550.0,0.0248145319963658,0.0,11.415524815889691,-7.762560358546697,,$1-3
FTCI,2026-07-31,2.630000114440918,2.740000009536743,4.182505334955425,2.8389999866485596,2.5899999141693115,2.75,169000.0,292120.0,0.578529371491168,3.6131378382204646,5.474456016253534,0.3649631543230379,,$1-3
OFAL,2026-08-03,0.1019999980926513,1.0499999523162842,929.4117372066224,1.100000023841858,1.0,1.0700000524520874,155566.0,1446110.0,0.1075754956400273,4.761911790117163,4.7619004368509765,1.9047715280065776,50%+,$1-3
CYCU,2026-08-03,0.8880000114440918,1.0800000429153442,21.62162488703309,1.190000057220459,0.8600000143051147,0.915000021457672,54362659.0,82621460.0,0.6579726259981366,10.185186105009914,20.370372210019827,-15.277779157514871,20-50%,$1-3
EDBL,2026-08-03,2.3299999237060547,2.740000009536743,17.596570783511012,3.180000066757202,2.200000047683716,2.2799999713897705,22938645.0,3820540.0,6.004032152522941,16.058396193029598,19.708027736259975,-16.788322501675673,10-20%,$1-3
BRLT,2026-08-03,1.0499999523162842,1.1799999475479126,12.380952489078725,1.198300004005432,1.0499999523162842,1.059999942779541,110134.0,49220.0,2.237586347013409,1.5508523110994863,11.016949238156633,-10.169492381566323,10-20%,$1-3
RUBI,2026-08-03,2.2300000190734863,2.4700000286102295,10.76233217417001,2.7100000381469727,2.1500000953674316,2.3399999141693115,5451440.0,612420.0,8.901472845432872,9.71659946383813,12.955462734259523,-5.263162467008709,10-20%,$1-3
TGHL,2026-08-03,1.1299999952316284,1.2400000095367432,9.734514581353324,1.3300000429153442,1.1200000047683716,1.2200000286102295,1791394.0,2259560.0,0.7928065641098266,7.258067152130472,9.677419664956526,-1.6129016752173695,5-10%,$1-3
JZXN,2026-08-03,1.4500000476837158,1.590000033378601,9.655171109720062,1.600000023841858,1.4140000343322754,1.5299999713897705,485562.0,5437870.0,0.0892926826128612,0.6289302046118699,11.069182097584122,-3.773588725110657,5-10%,$1-3
YDES,2026-08-03,2.1700000762939453,2.3499999046325684,8.294922673276464,2.4600000381469727,2.2100000381469727,2.299999952316284,142008.0,31750.0,4.472692913385827,4.680856935251802,5.957441368810831,-2.127657631718154,5-10%,$1-3
USDE,2026-08-03,1.5700000524520874,1.684999942779541,7.324833534103536,1.8200000524520872,1.6799999475479126,1.7200000286102295,304652.0,625670.0,0.4869212204516758,8.011876217031379,0.296735632131864,2.077156499658573,5-10%,$1-3
VANI,2026-08-03,1.2799999713897705,1.3700000047683716,7.031252764863956,1.3700000047683716,1.2747000455856323,1.3300000429153442,145651.0,165530.0,0.8799069655047423,0.0,6.956201375988447,-2.919705234584303,5-10%,$1-3
FABC,2026-08-03,2.5,2.6700000762939453,6.8000030517578125,2.799999952316284,2.505000114440918,2.7300000190734863,267677.0,164320.0,1.6289982960077898,4.86890907519311,6.179773675589296,2.2471888039352814,5-10%,$1-3
BRCC,2026-08-03,1.0299999713897705,1.100000023841858,6.796121786065383,1.1699999570846558,0.9900000095367432,1.0499999523162842,1662909.0,673020.0,2.470816617633949,6.363630156871835,10.00000108372079,-4.545460949259217,5-10%,$1-3
RPGL,2026-08-03,1.8700000047683716,1.9800000190734863,5.882353691156271,1.9882999658584597,1.8550000190734863,1.8550000190734863,14476.0,121270.0,0.1193700008246062,0.4191892275262194,6.313131252316453,-6.313131252316453,5-10%,$1-3
NXTS,2026-08-03,1.7100000381469729,1.809999942779541,5.847947508874469,2.1073999404907227,1.7400000095367432,2.069999933242798,90430.0,112260.0,0.8055407090682345,16.43093961950501,3.867399748936008,14.364640811202776,5-10%,$1-3
LPCN,2026-08-03,2.119999885559082,2.239000082015991,5.613217117015394,2.239000082015991,2.0299999713897705,2.109999895095825,90240.0,32440.0,2.781750924784217,0.0,9.334528940170356,-5.761508807271436,5-10%,$1-3
FOFO,2026-08-03,2.2300000190734863,2.3499999046325684,5.381160741376998,2.880000114440918,2.319999933242798,2.5299999713897705,62680.0,27610.0,2.2701919594349875,22.55320133262802,1.2765945790308924,7.659577619657217,5-10%,$1-3
ORKT,2026-08-03,0.9700000286102296,1.0199999809265137,5.154634107374385,1.0399999618530271,0.949999988079071,1.0299999713897705,29267.0,40810.0,0.7171526586620927,1.960782480441495,6.862744525137968,0.9803912402207476,5-10%,$1-3
VRXA,2026-08-03,1.7599999904632568,1.850000023841858,5.11363828785657,1.8799999952316284,1.7799999713897705,1.830000042915344,88884.0,352660.0,0.2520387909034197,1.6216200542241166,3.7837865702682367,-1.081080036149411,5-10%,$1-3
AMC,2026-08-03,2.819999933242798,2.9600000381469727,4.964542844622862,3.0299999713897705,2.7627999782562256,2.8499999046325684,66820989.0,62805960.0,1.0639275157962715,2.3648625790768367,6.662164099639634,-3.716220678945223,,$1-3
NHTC,2026-08-03,1.7100000381469729,1.7899999618530271,4.678358007099575,1.850000023841858,1.7549999952316284,1.840000033378601,51694.0,28340.0,1.8240649258997883,3.351958841759854,1.9553054395133385,2.793300144756043,,$1-3
MTEK,2026-08-03,1.090000033378601,1.1399999856948853,4.587151448179559,1.149999976158142,1.1150000095367432,1.149999976158142,19283.0,53000.0,0.3638301886792452,0.8771921569070334,2.1929803922675832,0.8771921569070334,,$1-3
ACON,2026-08-03,2.25,2.3499999046325684,4.444440205891928,2.4728000164031982,2.2899999618530273,2.359999895095825,57718.0,50130.0,1.1513664472371834,5.225536883152775,2.5531891580617847,0.4255315263436307,,$1-3
AIRE,2026-08-03,1.3700000047683716,1.429900050163269,4.372266072000844,1.5299999713897705,1.4053000211715698,1.4800000190734863,36672.0,81930.0,0.4476016111314537,7.00048379011329,1.7204019951527614,3.5037392232063187,,$1-3
DFLI,2026-08-03,1.1699999570846558,1.2200000286102295,4.273510543552606,1.2200000286102295,1.1200000047683716,1.1749999523162842,488792.0,283400.0,1.724742413549753,0.0,8.196723073504641,-3.688530757266246,,$1-3
NEOV,2026-08-03,2.109999895095825,2.200000047683716,4.2654102873215205,2.4700000286102295,2.130000114440918,2.4700000286102295,1103262.0,932170.0,1.1835416286728817,12.272726139746446,3.1818150784359176,12.272726139746446,,$1-3
MTVA,2026-08-03,1.4199999570846558,1.4800000190734863,4.225356605785697,1.5498000383377075,1.450700044631958,1.4800000190734863,31621.0,92480.0,0.3419225778546713,4.716217457072575,1.9797279772922416,0.0,,$1-3
OIO,2026-08-03,2.0350000858306885,2.119999885559082,4.176894159377717,2.119999885559082,1.909999966621399,1.940000057220459,63928.0,161900.0,0.3948610253242742,0.0,9.905657088387173,-8.490558398834718,,$1-3
GDC,2026-08-03,1.6799999475479126,1.75,4.16666991890433,2.049999952316284,1.7000000476837158,1.8200000524520872,499760.0,448030.0,1.115461018235386,17.14285441807338,2.857140132359096,4.000002997262137,,$1-3
MNDO,2026-08-03,0.959999978542328,1.0,4.166668994973155,1.0399999618530271,0.9902999997138976,1.0199999809265137,67302.0,47800.0,1.4079916317991632,3.9999961853027344,0.9700000286102296,1.9999980926513672,,$1-3
ARQ,2026-08-03,1.9700000286102295,2.049999952316284,4.060909773818228,2.055000066757202,1.940000057220459,2.009999990463257,365254.0,237600.0,1.5372643097643095,0.2439080271815794,5.36584866607128,-1.9512176967531925,,$1-3
