at,elapsed_s,ok,tickers_returned
2026-08-05 09:31:37.739685-04:00,0.8385331630706787,True,27
2026-08-05 09:31:57.756425-04:00,0.8819661140441895,True,28
2026-08-05 09:32:17.772801-04:00,0.7952778339385986,True,28
2026-08-05 09:32:37.789643-04:00,0.8169820308685303,True,29
2026-08-05 09:32:57.808087-04:00,1.6614251136779785,True,29
2026-08-05 09:33:17.828774-04:00,0.8263342380523682,True,29
2026-08-05 09:33:37.847534-04:00,0.8237411975860596,True,29
2026-08-05 09:33:57.866552-04:00,0.7802839279174805,True,29
2026-08-05 09:34:17.887119-04:00,0.7874281406402588,True,29
2026-08-05 09:34:37.907003-04:00,0.7221181392669678,True,29
2026-08-05 09:34:57.930105-04:00,0.760504961013794,True,29
2026-08-05 09:35:17.951831-04:00,1.0132999420166016,True,29
2026-08-05 09:35:37.973980-04:00,1.00297212600708,True,29
2026-08-05 09:35:57.996785-04:00,1.3223888874053955,True,29
2026-08-05 09:36:18.020370-04:00,1.427217960357666,True,29
2026-08-05 09:36:38.043159-04:00,0.8776431083679199,True,29
2026-08-05 09:36:58.106641-04:00,0.8605709075927734,True,29
2026-08-05 09:37:18.128229-04:00,1.0507807731628418,True,29
2026-08-05 09:37:38.152311-04:00,0.7454490661621094,True,29
2026-08-05 09:37:58.173505-04:00,1.006667137145996,True,29
2026-08-05 09:38:18.194870-04:00,1.5768299102783203,True,29
2026-08-05 09:38:38.218664-04:00,0.8247878551483154,True,29
2026-08-05 09:38:58.242620-04:00,0.7899999618530273,True,29
2026-08-05 09:39:18.267272-04:00,1.2024791240692139,True,29
2026-08-05 09:39:38.292370-04:00,0.752617359161377,True,29
2026-08-05 09:39:58.314980-04:00,1.0878839492797852,True,29
2026-08-05 09:40:18.340068-04:00,0.8360469341278076,True,29
2026-08-05 09:40:38.364753-04:00,0.8216779232025146,True,30
2026-08-05 09:40:58.385191-04:00,1.0219120979309082,True,30
2026-08-05 09:41:18.412658-04:00,0.7500221729278564,True,30
2026-08-05 09:41:38.435762-04:00,0.911020040512085,True,30
2026-08-05 09:41:58.517120-04:00,0.8186080455780029,True,30
2026-08-05 09:42:18.541375-04:00,0.8144078254699707,True,30
2026-08-05 09:42:38.565267-04:00,0.7245669364929199,True,30
2026-08-05 09:42:58.588535-04:00,0.7829768657684326,True,30
2026-08-05 09:43:18.613843-04:00,0.7935187816619873,True,30
2026-08-05 09:43:38.638735-04:00,0.779019832611084,True,30
2026-08-05 09:43:58.663514-04:00,0.9682362079620361,True,30
2026-08-05 09:44:18.689956-04:00,0.9996531009674072,True,30
2026-08-05 09:44:38.715853-04:00,0.934973955154419,True,30
2026-08-05 09:44:58.741606-04:00,1.1201908588409424,True,30
2026-08-05 09:45:18.769055-04:00,0.7680060863494873,True,30
2026-08-05 09:45:38.794733-04:00,1.504324197769165,True,30
2026-08-05 09:45:58.820602-04:00,0.809581995010376,True,30
2026-08-05 09:46:18.845706-04:00,0.7646956443786621,True,30
2026-08-05 09:46:38.870555-04:00,0.8471839427947998,True,30
2026-08-05 09:46:58.986849-04:00,0.9209399223327637,True,30
2026-08-05 09:47:19.014838-04:00,1.2455620765686035,True,30
2026-08-05 09:47:39.039023-04:00,0.7011091709136963,True,30
2026-08-05 09:47:59.063029-04:00,0.7381072044372559,True,30
2026-08-05 09:48:19.085819-04:00,0.8799490928649902,True,30
2026-08-05 09:48:39.109883-04:00,1.2546310424804688,True,30
2026-08-05 09:48:59.134309-04:00,0.8469889163970947,True,30
2026-08-05 09:49:19.159859-04:00,1.9290289878845215,True,30
2026-08-05 09:49:39.220117-04:00,0.7669761180877686,True,30
2026-08-05 09:49:59.241300-04:00,1.351531744003296,True,31
2026-08-05 09:50:19.237524-04:00,0.931988000869751,True,31
2026-08-05 09:50:39.256233-04:00,0.7774500846862793,True,31
2026-08-05 09:50:59.280053-04:00,0.7574777603149414,True,31
2026-08-05 09:51:19.303247-04:00,1.7378768920898438,True,31
2026-08-05 09:51:39.324720-04:00,0.9377689361572266,True,31
2026-08-05 09:51:59.480542-04:00,0.7858021259307861,True,31
2026-08-05 09:52:19.503914-04:00,0.8966727256774902,True,31
2026-08-05 09:52:39.528084-04:00,0.9305038452148438,True,31
2026-08-05 09:52:59.554146-04:00,0.8607709407806396,True,31
2026-08-05 09:53:19.568719-04:00,0.8751449584960938,True,31
2026-08-05 09:53:39.597953-04:00,0.8100709915161133,True,31
2026-08-05 09:53:59.623978-04:00,0.7331027984619141,True,31
2026-08-05 09:54:19.651407-04:00,0.919348955154419,True,31
2026-08-05 09:54:39.678286-04:00,0.881890058517456,True,31
2026-08-05 09:54:59.706717-04:00,0.7646510601043701,True,31
2026-08-05 09:55:19.731758-04:00,1.1113779544830322,True,31
2026-08-05 09:55:39.762132-04:00,0.8813679218292236,True,31
2026-08-05 09:55:59.788763-04:00,0.7271010875701904,True,31
2026-08-05 09:56:19.813888-04:00,1.332118034362793,True,31
2026-08-05 09:56:39.843548-04:00,0.9178330898284912,True,31
2026-08-05 09:57:00.037433-04:00,0.8473129272460938,True,31
2026-08-05 09:57:20.064024-04:00,2.2582008838653564,True,31
2026-08-05 09:57:40.094145-04:00,1.0339851379394531,True,31
2026-08-05 09:58:00.124154-04:00,0.705761194229126,True,31
2026-08-05 09:58:20.150648-04:00,0.7560269832611084,True,31
2026-08-05 09:58:40.177444-04:00,0.7518362998962402,True,31
2026-08-05 09:59:00.205656-04:00,0.7238731384277344,True,31
2026-08-05 09:59:20.233014-04:00,0.8960330486297607,True,31
2026-08-05 09:59:40.265174-04:00,0.9776039123535156,True,31
2026-08-05 10:00:00.311761-04:00,0.8853650093078613,True,31
2026-08-05 10:00:20.338199-04:00,1.9003899097442627,True,31
2026-08-05 10:00:40.368166-04:00,0.7332131862640381,True,31
2026-08-05 10:01:00.394041-04:00,1.0263171195983887,True,31
2026-08-05 10:01:20.423447-04:00,1.0124096870422363,True,31
2026-08-05 10:01:40.452341-04:00,0.9592220783233643,True,31
2026-08-05 10:02:00.674112-04:00,1.7133288383483887,True,31
2026-08-05 10:02:20.703797-04:00,0.8950951099395752,True,31
2026-08-05 10:02:40.731533-04:00,1.2942602634429932,True,31
2026-08-05 10:03:00.758082-04:00,0.9096240997314453,True,31
2026-08-05 10:03:20.786445-04:00,0.8943779468536377,True,31
2026-08-05 10:03:40.816890-04:00,0.9868309497833252,True,31
2026-08-05 10:04:00.847905-04:00,1.2442586421966553,True,31
2026-08-05 10:04:20.878817-04:00,0.7522480487823486,True,31
2026-08-05 10:04:40.906455-04:00,0.9987094402313232,True,31
2026-08-05 10:05:00.933146-04:00,0.7160317897796631,True,31
2026-08-05 10:05:20.959982-04:00,0.7784440517425537,True,31
2026-08-05 10:05:40.986778-04:00,0.9490900039672852,True,31
2026-08-05 10:06:01.017954-04:00,0.9554948806762695,True,31
2026-08-05 10:06:21.047885-04:00,0.7881350517272949,True,31
2026-08-05 10:06:41.075470-04:00,0.7174539566040039,True,31
2026-08-05 10:07:01.348363-04:00,0.7645676136016846,True,31
2026-08-05 10:07:21.372930-04:00,0.9677639007568359,True,31
2026-08-05 10:07:41.401889-04:00,0.8864071369171143,True,31
2026-08-05 10:08:01.427336-04:00,1.9348461627960205,True,31
2026-08-05 10:08:21.456147-04:00,1.214242935180664,True,31
2026-08-05 10:08:41.486787-04:00,0.7904629707336426,True,31
2026-08-05 10:09:01.514892-04:00,0.8039522171020508,True,31
2026-08-05 10:09:21.550460-04:00,0.8026151657104492,True,31
2026-08-05 10:09:41.580226-04:00,0.9430108070373535,True,31
2026-08-05 10:10:01.610745-04:00,1.079963207244873,True,31
2026-08-05 10:10:21.642339-04:00,1.1766982078552246,True,31
2026-08-05 10:10:41.673946-04:00,0.7981612682342529,True,31
2026-08-05 10:11:01.702725-04:00,0.7860739231109619,True,31
2026-08-05 10:11:21.731722-04:00,1.2672991752624512,True,31
2026-08-05 10:11:41.761967-04:00,0.9276950359344482,True,31
2026-08-05 10:12:02.079170-04:00,0.9086840152740479,True,31
2026-08-05 10:12:22.107978-04:00,0.94620680809021,True,31
2026-08-05 10:12:42.134504-04:00,0.8461909294128418,True,31
2026-08-05 10:13:02.185022-04:00,0.8240320682525635,True,31
2026-08-05 10:13:22.212178-04:00,0.886523962020874,True,31
2026-08-05 10:13:42.244442-04:00,0.8850607872009277,True,31
2026-08-05 10:14:02.276147-04:00,0.7506370544433594,True,31
2026-08-05 10:14:22.303937-04:00,1.0499787330627441,True,31
2026-08-05 10:14:42.335014-04:00,0.84720778465271,True,31
2026-08-05 10:15:02.363592-04:00,0.818061113357544,True,31
2026-08-05 10:15:22.394551-04:00,0.7926490306854248,True,31
2026-08-05 10:15:42.423408-04:00,0.766862154006958,True,31
2026-08-05 10:16:02.451518-04:00,0.9186761379241943,True,31
2026-08-05 10:16:22.481985-04:00,1.4325978755950928,True,31
2026-08-05 10:16:42.512702-04:00,0.7838153839111328,True,31
2026-08-05 10:17:02.870070-04:00,0.8186550140380859,True,31
2026-08-05 10:17:22.898849-04:00,0.9045619964599609,True,31
2026-08-05 10:17:42.928897-04:00,1.1781721115112305,True,31
2026-08-05 10:18:02.961748-04:00,0.7685649394989014,True,31
2026-08-05 10:18:22.989815-04:00,0.7678389549255371,True,31
2026-08-05 10:18:43.017808-04:00,1.0865750312805176,True,31
2026-08-05 10:19:03.049739-04:00,1.1199088096618652,True,31
2026-08-05 10:19:23.081876-04:00,0.7916631698608398,True,31
2026-08-05 10:19:43.111460-04:00,0.7900800704956055,True,31
2026-08-05 10:20:03.134740-04:00,0.8263261318206787,True,31
2026-08-05 10:20:23.165381-04:00,0.8883571624755859,True,31
2026-08-05 10:20:43.195804-04:00,0.9330859184265137,True,31
2026-08-05 10:21:03.228616-04:00,0.8315908908843994,True,31
2026-08-05 10:21:23.261091-04:00,0.7405390739440918,True,31
2026-08-05 10:21:43.284810-04:00,0.7446451187133789,True,31
2026-08-05 10:22:03.690293-04:00,0.7767689228057861,True,31
2026-08-05 10:22:23.719547-04:00,1.015794038772583,True,31
2026-08-05 10:22:43.751710-04:00,1.0991809368133545,True,31
2026-08-05 10:23:03.783952-04:00,0.798259973526001,True,31
2026-08-05 10:23:23.812666-04:00,0.8482937812805176,True,31
2026-08-05 10:23:43.844989-04:00,1.2369778156280518,True,31
2026-08-05 10:24:03.878129-04:00,0.8016388416290283,True,31
2026-08-05 10:24:23.906914-04:00,0.7123372554779053,True,31
2026-08-05 10:24:43.936212-04:00,0.7547369003295898,True,31
2026-08-05 10:25:03.965422-04:00,0.9747779369354248,True,31
2026-08-05 10:25:23.997501-04:00,1.5168976783752441,True,31
2026-08-05 10:25:44.030044-04:00,0.809973955154419,True,31
2026-08-05 10:26:04.059123-04:00,0.8954508304595947,True,31
2026-08-05 10:26:24.090844-04:00,1.0856959819793701,True,31
2026-08-05 10:26:44.121261-04:00,0.7776930332183838,True,31
2026-08-05 10:27:04.566678-04:00,1.0160109996795654,True,31
2026-08-05 10:27:24.599468-04:00,0.7631819248199463,True,31
2026-08-05 10:27:44.629120-04:00,0.7223532199859619,True,31
2026-08-05 10:28:04.658192-04:00,1.2199339866638184,True,31
2026-08-05 10:28:24.691322-04:00,1.3965630531311035,True,31
2026-08-05 10:28:44.724531-04:00,0.8272368907928467,True,31
2026-08-05 10:29:04.754306-04:00,0.8034720420837402,True,31
2026-08-05 10:29:24.784267-04:00,0.7484560012817383,True,31
2026-08-05 10:29:44.814064-04:00,1.228585958480835,True,31
2026-08-05 10:30:04.847914-04:00,0.8840582370758057,True,31
2026-08-05 10:30:24.879738-04:00,0.8690118789672852,True,31
2026-08-05 10:30:44.911937-04:00,0.8250899314880371,True,31
2026-08-05 10:31:04.942260-04:00,3.732023000717163,True,31
2026-08-05 10:31:24.974839-04:00,0.8135178089141846,True,31
2026-08-05 10:31:45.005952-04:00,0.7528400421142578,True,31
2026-08-05 10:32:05.489997-04:00,0.8319661617279053,True,31
2026-08-05 10:32:25.520169-04:00,0.8591969013214111,True,31
2026-08-05 10:32:45.552006-04:00,0.8552699089050293,True,31
2026-08-05 10:33:05.584061-04:00,1.0329229831695557,True,31
2026-08-05 10:33:25.617717-04:00,0.8786430358886719,True,31
2026-08-05 10:33:45.648204-04:00,1.0919010639190674,True,31
2026-08-05 10:34:05.682120-04:00,1.2710142135620117,True,31
2026-08-05 10:34:25.715638-04:00,1.0950028896331787,True,31
2026-08-05 10:34:45.749258-04:00,0.8265252113342285,True,31
2026-08-05 10:35:05.777811-04:00,0.8439528942108154,True,31
2026-08-05 10:35:25.808170-04:00,1.234895944595337,True,31
2026-08-05 10:35:45.831292-04:00,0.7367019653320312,True,31
2026-08-05 10:36:05.849545-04:00,0.9452648162841797,True,31
2026-08-05 10:36:25.879459-04:00,0.8778390884399414,True,31
2026-08-05 10:36:45.910429-04:00,0.8204867839813232,True,31
2026-08-05 10:37:06.444414-04:00,0.8572981357574463,True,31
2026-08-05 10:37:26.476905-04:00,0.9237430095672607,True,31
2026-08-05 10:37:46.508583-04:00,0.8066487312316895,True,31
2026-08-05 10:38:06.539800-04:00,0.8325488567352295,True,31
2026-08-05 10:38:26.571893-04:00,0.7785720825195312,True,31
2026-08-05 10:38:46.602299-04:00,1.0723071098327637,True,31
2026-08-05 10:39:06.636075-04:00,0.7446210384368896,True,31
2026-08-05 10:39:26.666121-04:00,0.9652690887451172,True,31
2026-08-05 10:39:46.701189-04:00,0.831294059753418,True,31
2026-08-05 10:40:06.733746-04:00,2.178435802459717,True,31
2026-08-05 10:40:26.767561-04:00,0.8509387969970703,True,31
2026-08-05 10:40:46.799328-04:00,1.325371265411377,True,31
2026-08-05 10:41:06.835070-04:00,0.7429790496826172,True,31
2026-08-05 10:41:26.865015-04:00,0.7464420795440674,True,31
2026-08-05 10:41:46.896931-04:00,0.8503251075744629,True,31
2026-08-05 10:42:07.486587-04:00,0.7673380374908447,True,31
2026-08-05 10:42:27.518900-04:00,1.5683860778808594,True,31
2026-08-05 10:42:47.554008-04:00,0.9326951503753662,True,31
2026-08-05 10:43:07.588265-04:00,0.8031690120697021,True,31
2026-08-05 10:43:27.619802-04:00,0.8265511989593506,True,31
2026-08-05 10:43:47.652138-04:00,0.8944478034973145,True,31
2026-08-05 10:44:07.684471-04:00,0.8619639873504639,True,31
2026-08-05 10:44:27.718338-04:00,0.8036868572235107,True,31
2026-08-05 10:44:47.751176-04:00,0.7992169857025146,True,31
2026-08-05 10:45:07.782351-04:00,0.783332109451294,True,31
2026-08-05 10:45:27.813815-04:00,0.9662272930145264,True,31
2026-08-05 10:45:47.846290-04:00,0.8408939838409424,True,31
2026-08-05 10:46:07.878125-04:00,0.7238261699676514,True,31
2026-08-05 10:46:27.911774-04:00,0.8734352588653564,True,31
2026-08-05 10:46:47.945698-04:00,0.7532658576965332,True,31
2026-08-05 10:47:08.562330-04:00,0.8386251926422119,True,31
2026-08-05 10:47:28.594591-04:00,0.9178760051727295,True,31
2026-08-05 10:47:48.628364-04:00,0.7720670700073242,True,31
2026-08-05 10:48:08.661062-04:00,0.9235429763793945,True,31
2026-08-05 10:48:28.694033-04:00,1.0056490898132324,True,31
2026-08-05 10:48:48.729110-04:00,1.3861513137817383,True,31
2026-08-05 10:49:08.764785-04:00,0.8129599094390869,True,31
2026-08-05 10:49:28.798503-04:00,1.6792168617248535,True,31
2026-08-05 10:49:48.833134-04:00,0.8128211498260498,True,31
2026-08-05 10:50:08.865523-04:00,0.7770678997039795,True,31
2026-08-05 10:50:28.896374-04:00,0.8143942356109619,True,31
2026-08-05 10:50:48.930308-04:00,0.9412190914154053,True,31
2026-08-05 10:51:08.963003-04:00,0.8283612728118896,True,31
2026-08-05 10:51:28.996302-04:00,0.8292028903961182,True,31
2026-08-05 10:51:49.030958-04:00,0.8660149574279785,True,31
2026-08-05 10:52:09.703527-04:00,0.730748176574707,True,31
2026-08-05 10:52:29.734881-04:00,0.7997560501098633,True,31
2026-08-05 10:52:49.767253-04:00,1.0363960266113281,True,31
2026-08-05 10:53:09.802903-04:00,1.4353830814361572,True,31
2026-08-05 10:53:29.838984-04:00,0.9458959102630615,True,31
2026-08-05 10:53:49.875326-04:00,0.8225610256195068,True,31
2026-08-05 10:54:09.909094-04:00,0.8786129951477051,True,31
2026-08-05 10:54:29.942248-04:00,1.0141148567199707,True,31
2026-08-05 10:54:49.978197-04:00,1.406843900680542,True,31
2026-08-05 10:55:10.014436-04:00,0.798180103302002,True,31
2026-08-05 10:55:30.044660-04:00,1.5941617488861084,True,31
2026-08-05 10:55:50.079909-04:00,0.7600588798522949,True,31
2026-08-05 10:56:10.106193-04:00,0.7754297256469727,True,31
2026-08-05 10:56:30.139890-04:00,0.7946779727935791,True,31
2026-08-05 10:56:50.173623-04:00,0.8788058757781982,True,31
2026-08-05 10:57:10.879359-04:00,0.9600167274475098,True,31
2026-08-05 10:57:30.915865-04:00,0.7643609046936035,True,31
2026-08-05 10:57:50.949317-04:00,1.078145980834961,True,31
2026-08-05 10:58:10.985989-04:00,0.769280195236206,True,31
2026-08-05 10:58:31.018928-04:00,0.7899351119995117,True,31
2026-08-05 10:58:51.061369-04:00,0.7587718963623047,True,31
2026-08-05 10:59:11.103778-04:00,0.7441840171813965,True,31
2026-08-05 10:59:31.141208-04:00,0.8436470031738281,True,31
2026-08-05 10:59:51.176653-04:00,0.8027019500732422,True,31
2026-08-05 11:00:11.212395-04:00,0.7289810180664062,True,31
2026-08-05 11:00:31.243295-04:00,0.7880377769470215,True,31
2026-08-05 11:00:51.275751-04:00,0.7481679916381836,True,31
2026-08-05 11:01:11.307393-04:00,0.8154370784759521,True,31
2026-08-05 11:01:31.342262-04:00,0.8217668533325195,True,31
2026-08-05 11:01:51.377511-04:00,0.7581958770751953,True,31
2026-08-05 11:02:12.136517-04:00,1.6524100303649902,True,31
2026-08-05 11:02:32.173350-04:00,0.7911100387573242,True,31
2026-08-05 11:02:52.205608-04:00,1.1863181591033936,True,31
2026-08-05 11:03:12.242845-04:00,1.0544099807739258,True,31
2026-08-05 11:03:32.280816-04:00,1.1760449409484863,True,31
2026-08-05 11:03:52.318248-04:00,1.5217669010162354,True,31
2026-08-05 11:04:12.354273-04:00,1.561093807220459,True,31
2026-08-05 11:04:32.388920-04:00,0.7941892147064209,True,31
2026-08-05 11:04:52.418757-04:00,0.8518679141998291,True,31
2026-08-05 11:05:12.453708-04:00,0.7383480072021484,True,31
2026-08-05 11:05:32.487389-04:00,0.7652761936187744,True,31
2026-08-05 11:05:52.521235-04:00,0.8086659908294678,True,31
2026-08-05 11:06:12.555583-04:00,0.8628098964691162,True,31
2026-08-05 11:06:32.590940-04:00,0.7977910041809082,True,31
2026-08-05 11:06:52.625754-04:00,0.8269970417022705,True,31
2026-08-05 11:07:13.435207-04:00,0.7164161205291748,True,31
2026-08-05 11:07:33.469136-04:00,0.828887939453125,True,31
2026-08-05 11:07:53.504049-04:00,0.7808411121368408,True,31
2026-08-05 11:08:13.539311-04:00,0.8300061225891113,True,31
2026-08-05 11:08:33.573849-04:00,1.2896008491516113,True,31
2026-08-05 11:08:53.611757-04:00,0.6924929618835449,True,31
2026-08-05 11:09:13.639091-04:00,0.8566501140594482,True,31
2026-08-05 11:09:33.658047-04:00,0.7551121711730957,True,31
2026-08-05 11:09:53.677390-04:00,0.764862060546875,True,31
2026-08-05 11:10:13.697106-04:00,0.8666400909423828,True,31
2026-08-05 11:10:33.717540-04:00,0.8353381156921387,True,31
2026-08-05 11:10:53.738664-04:00,0.8825681209564209,True,31
2026-08-05 11:11:13.758363-04:00,0.7517952919006348,True,31
2026-08-05 11:11:33.777733-04:00,1.2810049057006836,True,31
2026-08-05 11:11:53.798446-04:00,0.879770040512085,True,31
2026-08-05 11:12:14.630543-04:00,0.936366081237793,True,31
2026-08-05 11:12:34.652669-04:00,0.7442796230316162,True,31
2026-08-05 11:12:54.672093-04:00,0.8239841461181641,True,31
2026-08-05 11:13:14.692131-04:00,0.7565360069274902,True,31
2026-08-05 11:13:34.711724-04:00,1.214590072631836,True,31
2026-08-05 11:13:54.732860-04:00,0.8411300182342529,True,31
2026-08-05 11:14:14.752840-04:00,1.371717929840088,True,31
2026-08-05 11:14:34.774443-04:00,0.9513752460479736,True,31
2026-08-05 11:14:54.795925-04:00,0.7561280727386475,True,31
2026-08-05 11:15:14.815006-04:00,0.7989151477813721,True,31
2026-08-05 11:15:34.835986-04:00,0.8187878131866455,True,31
2026-08-05 11:15:54.855221-04:00,0.8340580463409424,True,31
2026-08-05 11:16:14.874588-04:00,0.8057818412780762,True,31
2026-08-05 11:16:34.894383-04:00,0.9452159404754639,True,31
2026-08-05 11:16:54.915443-04:00,0.9822111129760742,True,31
2026-08-05 11:17:15.802545-04:00,0.8476769924163818,True,31
2026-08-05 11:17:35.822454-04:00,0.795738935470581,True,31
2026-08-05 11:17:55.841917-04:00,0.8158259391784668,True,31
2026-08-05 11:18:15.862208-04:00,0.8913788795471191,True,31
2026-08-05 11:18:35.882377-04:00,0.762688159942627,True,31
2026-08-05 11:18:55.902148-04:00,0.9530107975006104,True,31
2026-08-05 11:19:15.922879-04:00,1.0886929035186768,True,31
2026-08-05 11:19:35.944267-04:00,0.9788942337036133,True,31
2026-08-05 11:19:55.964705-04:00,0.8926239013671875,True,31
2026-08-05 11:20:15.983232-04:00,0.8684389591217041,True,31
2026-08-05 11:20:36.003961-04:00,0.7833688259124756,True,31
2026-08-05 11:20:56.022808-04:00,0.7403621673583984,True,31
2026-08-05 11:21:16.040912-04:00,0.8921241760253906,True,31
2026-08-05 11:21:36.060975-04:00,0.8668191432952881,True,31
2026-08-05 11:21:56.073991-04:00,1.3718070983886719,True,31
2026-08-05 11:22:17.008625-04:00,1.5288467407226562,True,31
2026-08-05 11:22:37.029972-04:00,0.7513120174407959,True,31
2026-08-05 11:22:57.048904-04:00,1.0124452114105225,True,31
2026-08-05 11:23:17.069791-04:00,0.9563148021697998,True,31
2026-08-05 11:23:37.092012-04:00,0.7963283061981201,True,31
2026-08-05 11:23:57.111323-04:00,0.8981947898864746,True,31
2026-08-05 11:24:17.123308-04:00,0.8970718383789062,True,31
2026-08-05 11:24:37.143978-04:00,0.897240161895752,True,31
2026-08-05 11:24:57.164546-04:00,0.7576820850372314,True,31
2026-08-05 11:25:17.182955-04:00,0.9126720428466797,True,31
2026-08-05 11:25:37.203434-04:00,1.2580411434173584,True,31
2026-08-05 11:25:57.223244-04:00,0.782325029373169,True,31
2026-08-05 11:26:17.242774-04:00,1.138875961303711,True,31
2026-08-05 11:26:37.259414-04:00,0.8254218101501465,True,31
2026-08-05 11:26:57.273583-04:00,1.4781899452209473,True,31
2026-08-05 11:27:18.246343-04:00,0.9516937732696533,True,31
2026-08-05 11:27:38.261910-04:00,1.403407096862793,True,31
2026-08-05 11:27:58.273600-04:00,0.7772760391235352,True,31
2026-08-05 11:28:18.294423-04:00,0.7618041038513184,True,31
2026-08-05 11:28:38.313797-04:00,0.7875447273254395,True,31
2026-08-05 11:28:58.333074-04:00,0.8603661060333252,True,31
2026-08-05 11:29:18.353918-04:00,1.4119689464569092,True,31
2026-08-05 11:29:38.375607-04:00,1.0966179370880127,True,31
2026-08-05 11:29:58.397439-04:00,1.2361741065979004,True,31
2026-08-05 11:30:18.418654-04:00,0.8210470676422119,True,31
2026-08-05 11:30:38.438966-04:00,0.7560739517211914,True,31
2026-08-05 11:30:58.457929-04:00,1.2219641208648682,True,31
2026-08-05 11:31:18.479661-04:00,0.8901171684265137,True,31
2026-08-05 11:31:38.500752-04:00,1.0405747890472412,True,31
2026-08-05 11:31:58.522329-04:00,1.1353728771209717,True,31
2026-08-05 11:32:18.543900-04:00,0.9385600090026855,True,31
2026-08-05 11:32:39.539270-04:00,0.824739933013916,True,31
2026-08-05 11:32:59.559092-04:00,0.7440240383148193,True,31
2026-08-05 11:33:19.578876-04:00,0.8078410625457764,True,31
2026-08-05 11:33:39.600334-04:00,0.7925841808319092,True,31
2026-08-05 11:33:59.620490-04:00,0.7928078174591064,True,31
2026-08-05 11:34:19.640626-04:00,0.8258249759674072,True,31
2026-08-05 11:34:39.660209-04:00,0.8144521713256836,True,31
2026-08-05 11:34:59.681002-04:00,1.2407588958740234,True,31
2026-08-05 11:35:19.702361-04:00,0.8794448375701904,True,31
2026-08-05 11:35:39.722533-04:00,0.8895280361175537,True,31
2026-08-05 11:35:59.742855-04:00,0.7611429691314697,True,31
2026-08-05 11:36:19.761866-04:00,1.1174120903015137,True,31
2026-08-05 11:36:39.783110-04:00,1.1139090061187744,True,31
2026-08-05 11:36:59.804627-04:00,0.7537200450897217,True,31
2026-08-05 11:37:19.824420-04:00,0.864901065826416,True,31
2026-08-05 11:37:40.873843-04:00,0.8044948577880859,True,31
2026-08-05 11:38:00.894338-04:00,0.8194258213043213,True,31
2026-08-05 11:38:20.913937-04:00,0.7426609992980957,True,31
2026-08-05 11:38:40.933946-04:00,0.8564572334289551,True,31
2026-08-05 11:39:00.954390-04:00,0.7630448341369629,True,31
2026-08-05 11:39:20.974325-04:00,0.8135449886322021,True,31
2026-08-05 11:39:40.994497-04:00,1.2839529514312744,True,31
2026-08-05 11:40:01.016122-04:00,0.8435771465301514,True,31
2026-08-05 11:40:21.035216-04:00,1.4165260791778564,True,31
2026-08-05 11:40:41.056763-04:00,0.7983529567718506,True,31
2026-08-05 11:41:01.076977-04:00,0.8152179718017578,True,31
2026-08-05 11:41:21.097466-04:00,0.8085019588470459,True,31
2026-08-05 11:41:41.118015-04:00,0.9628591537475586,True,31
2026-08-05 11:42:01.139208-04:00,0.8556249141693115,True,31
2026-08-05 11:42:21.159026-04:00,0.8735029697418213,True,31
2026-08-05 11:42:42.272983-04:00,0.8293380737304688,True,31
2026-08-05 11:43:02.304986-04:00,0.907646894454956,True,31
2026-08-05 11:43:22.329846-04:00,0.9737529754638672,True,31
2026-08-05 11:43:42.352814-04:00,1.5387358665466309,True,31
2026-08-05 11:44:02.374761-04:00,0.8399271965026855,True,31
2026-08-05 11:44:22.394760-04:00,0.9784810543060303,True,31
2026-08-05 11:44:42.416512-04:00,1.4391260147094727,True,31
2026-08-05 11:45:02.438229-04:00,0.7285709381103516,True,31
2026-08-05 11:45:22.457648-04:00,0.7997801303863525,True,31
2026-08-05 11:45:42.477304-04:00,0.6998798847198486,True,31
2026-08-05 11:46:02.496959-04:00,0.7654860019683838,True,31
2026-08-05 11:46:22.516210-04:00,1.1356792449951172,True,31
2026-08-05 11:46:42.538235-04:00,0.7927999496459961,True,31
2026-08-05 11:47:02.557468-04:00,0.7364490032196045,True,31
2026-08-05 11:47:22.576751-04:00,1.0991191864013672,True,31
2026-08-05 11:47:43.718802-04:00,1.0105500221252441,True,31
2026-08-05 11:48:03.740652-04:00,0.6849238872528076,True,31
2026-08-05 11:48:23.759728-04:00,0.7417669296264648,True,31
2026-08-05 11:48:43.778686-04:00,1.0804150104522705,True,31
2026-08-05 11:49:03.800496-04:00,0.8365809917449951,True,31
2026-08-05 11:49:23.821710-04:00,1.5792839527130127,True,31
2026-08-05 11:49:43.843314-04:00,1.1179280281066895,True,31
2026-08-05 11:50:03.865174-04:00,0.7753238677978516,True,31
2026-08-05 11:50:23.884632-04:00,0.7366442680358887,True,31
2026-08-05 11:50:43.903834-04:00,0.8592309951782227,True,31
2026-08-05 11:51:03.924257-04:00,1.0387327671051025,True,31
2026-08-05 11:51:23.945970-04:00,1.258329153060913,True,31
2026-08-05 11:51:43.967551-04:00,1.2245161533355713,True,31
2026-08-05 11:52:03.989360-04:00,0.7737009525299072,True,31
2026-08-05 11:52:24.009445-04:00,0.7327690124511719,True,31
2026-08-05 11:52:44.029336-04:00,0.8516674041748047,True,31
2026-08-05 11:53:05.199356-04:00,0.8915190696716309,True,31
2026-08-05 11:53:25.218995-04:00,1.0468499660491943,True,31
2026-08-05 11:53:45.240865-04:00,0.7988889217376709,True,31
2026-08-05 11:54:05.260928-04:00,0.7338058948516846,True,31
2026-08-05 11:54:25.280292-04:00,0.7433819770812988,True,31
2026-08-05 11:54:45.299859-04:00,0.8082988262176514,True,31
2026-08-05 11:55:05.320260-04:00,0.8226790428161621,True,31
2026-08-05 11:55:25.341663-04:00,0.7761049270629883,True,31
2026-08-05 11:55:45.361676-04:00,0.7145731449127197,True,31
2026-08-05 11:56:05.381133-04:00,1.7344727516174316,True,31
2026-08-05 11:56:25.402721-04:00,0.8417108058929443,True,31
2026-08-05 11:56:45.422209-04:00,0.799454927444458,True,31
2026-08-05 11:57:05.441945-04:00,0.8472127914428711,True,31
2026-08-05 11:57:25.462945-04:00,0.8149816989898682,True,31
2026-08-05 11:57:45.484028-04:00,0.8225569725036621,True,31
2026-08-05 11:58:06.704849-04:00,0.7935471534729004,True,31
2026-08-05 11:58:26.725026-04:00,0.9736959934234619,True,31
2026-08-05 11:58:46.746647-04:00,0.8721218109130859,True,31
2026-08-05 11:59:06.767272-04:00,0.9455821514129639,True,31
2026-08-05 11:59:26.788760-04:00,0.9262628555297852,True,31
2026-08-05 11:59:46.810710-04:00,0.7714319229125977,True,31
2026-08-05 12:00:06.831108-04:00,0.7763590812683105,True,31
2026-08-05 12:00:26.850816-04:00,0.8407111167907715,True,31
2026-08-05 12:00:46.870663-04:00,0.8126106262207031,True,31
2026-08-05 12:01:06.891089-04:00,0.9010031223297119,True,31
2026-08-05 12:01:26.912420-04:00,0.8581256866455078,True,31
2026-08-05 12:01:46.933541-04:00,0.84023118019104,True,31
2026-08-05 12:02:06.953607-04:00,1.260138988494873,True,31
2026-08-05 12:02:26.975366-04:00,1.1315641403198242,True,31
2026-08-05 12:02:46.996511-04:00,0.9813549518585205,True,31
2026-08-05 12:03:08.253165-04:00,0.9691061973571777,True,31
2026-08-05 12:03:28.273800-04:00,0.8432407379150391,True,31
2026-08-05 12:03:48.294394-04:00,0.8942210674285889,True,31
2026-08-05 12:04:08.314135-04:00,0.7295868396759033,True,31
2026-08-05 12:04:28.333860-04:00,1.1073920726776123,True,31
2026-08-05 12:04:48.356017-04:00,1.0940589904785156,True,31
2026-08-05 12:05:08.378053-04:00,0.805933952331543,True,31
2026-08-05 12:05:28.397616-04:00,0.832650899887085,True,31
2026-08-05 12:05:48.417432-04:00,0.9189531803131104,True,31
2026-08-05 12:06:08.439640-04:00,1.1649718284606934,True,31
2026-08-05 12:06:28.461417-04:00,0.846203088760376,True,31
2026-08-05 12:06:48.480889-04:00,1.7273051738739014,True,31
2026-08-05 12:07:08.502990-04:00,0.7453439235687256,True,31
2026-08-05 12:07:28.523144-04:00,1.1093511581420898,True,31
2026-08-05 12:07:48.545060-04:00,0.8292181491851807,True,31
2026-08-05 12:08:09.854553-04:00,1.2668852806091309,True,31
2026-08-05 12:08:29.875763-04:00,0.8283162117004395,True,31
2026-08-05 12:08:49.895287-04:00,0.7460339069366455,True,31
2026-08-05 12:09:09.915005-04:00,1.6033332347869873,True,31
2026-08-05 12:09:29.936919-04:00,0.8662729263305664,True,31
2026-08-05 12:09:49.957015-04:00,0.9926869869232178,True,31
2026-08-05 12:10:09.979294-04:00,1.342984914779663,True,31
2026-08-05 12:10:30.001049-04:00,1.115717887878418,True,31
2026-08-05 12:10:50.022817-04:00,0.8659529685974121,True,31
2026-08-05 12:11:10.043631-04:00,0.8905351161956787,True,31
2026-08-05 12:11:30.064529-04:00,0.8964407444000244,True,31
2026-08-05 12:11:50.085829-04:00,1.0936708450317383,True,31
2026-08-05 12:12:10.102304-04:00,0.9463150501251221,True,31
2026-08-05 12:12:30.117945-04:00,0.8908727169036865,True,31
2026-08-05 12:12:50.132285-04:00,1.0560717582702637,True,31
2026-08-05 12:13:11.515393-04:00,0.9222939014434814,True,31
2026-08-05 12:13:31.529848-04:00,1.0261142253875732,True,31
2026-08-05 12:13:51.546711-04:00,0.9327869415283203,True,31
2026-08-05 12:14:11.562324-04:00,0.978813886642456,True,31
2026-08-05 12:14:31.577692-04:00,0.9076790809631348,True,31
2026-08-05 12:14:51.592739-04:00,0.9058170318603516,True,31
2026-08-05 12:15:11.607793-04:00,1.13692307472229,True,31
2026-08-05 12:15:31.624859-04:00,0.8847701549530029,True,31
2026-08-05 12:15:51.639396-04:00,1.0414600372314453,True,31
2026-08-05 12:16:11.655905-04:00,1.0525221824645996,True,31
2026-08-05 12:16:31.670288-04:00,0.8671779632568359,True,31
2026-08-05 12:16:51.685169-04:00,1.0404143333435059,True,31
2026-08-05 12:17:11.706746-04:00,0.8906080722808838,True,31
2026-08-05 12:17:31.726148-04:00,1.3035271167755127,True,31
2026-08-05 12:17:51.747773-04:00,1.0667080879211426,True,31
2026-08-05 12:18:13.171306-04:00,1.059852123260498,True,31
2026-08-05 12:18:33.192631-04:00,0.9681351184844971,True,31
2026-08-05 12:18:53.214393-04:00,0.9422469139099121,True,31
2026-08-05 12:19:13.233786-04:00,0.907994270324707,True,31
2026-08-05 12:19:33.253315-04:00,0.9057788848876953,True,31
2026-08-05 12:19:53.272939-04:00,0.9304041862487793,True,31
2026-08-05 12:20:13.288453-04:00,0.813237190246582,True,31
2026-08-05 12:20:33.305742-04:00,0.9386820793151855,True,31
2026-08-05 12:20:53.322708-04:00,0.9486138820648193,True,31
2026-08-05 12:21:13.338660-04:00,1.0103328227996826,True,31
2026-08-05 12:21:33.359038-04:00,1.469712257385254,True,31
2026-08-05 12:21:53.381106-04:00,0.7756989002227783,True,31
2026-08-05 12:22:13.402679-04:00,0.7114949226379395,True,31
2026-08-05 12:22:33.422329-04:00,0.8355779647827148,True,31
2026-08-05 12:22:53.442373-04:00,0.8481948375701904,True,31
2026-08-05 12:23:14.926294-04:00,0.8722250461578369,True,31
2026-08-05 12:23:34.947602-04:00,0.8295869827270508,True,31
2026-08-05 12:23:54.969645-04:00,0.8261148929595947,True,31
2026-08-05 12:24:14.989987-04:00,1.0843491554260254,True,31
2026-08-05 12:24:35.012640-04:00,1.223081111907959,True,31
2026-08-05 12:24:55.035549-04:00,0.8755719661712646,True,31
2026-08-05 12:25:15.055599-04:00,0.8851020336151123,True,31
2026-08-05 12:25:35.076809-04:00,0.875662088394165,True,31
2026-08-05 12:25:55.097233-04:00,2.0087411403656006,True,31
2026-08-05 12:26:15.119679-04:00,0.8801941871643066,True,31
2026-08-05 12:26:35.140423-04:00,0.8593032360076904,True,31
2026-08-05 12:26:55.151001-04:00,0.9280667304992676,True,31
2026-08-05 12:27:15.172264-04:00,0.783682107925415,True,31
2026-08-05 12:27:35.186602-04:00,1.4792919158935547,True,31
2026-08-05 12:27:55.204552-04:00,0.896752119064331,True,31
2026-08-05 12:28:16.741231-04:00,1.1667697429656982,True,31
2026-08-05 12:28:36.763300-04:00,0.7901370525360107,True,31
2026-08-05 12:28:56.778588-04:00,0.8186371326446533,True,31
2026-08-05 12:29:16.791747-04:00,1.3353006839752197,True,31
2026-08-05 12:29:36.813572-04:00,0.866549015045166,True,31
2026-08-05 12:29:56.833072-04:00,1.1630852222442627,True,31
2026-08-05 12:30:16.855328-04:00,1.0979630947113037,True,31
2026-08-05 12:30:36.877473-04:00,0.7685797214508057,True,31
2026-08-05 12:30:56.896951-04:00,0.9287958145141602,True,31
2026-08-05 12:31:16.917697-04:00,0.7879722118377686,True,31
2026-08-05 12:31:36.938975-04:00,1.4045450687408447,True,31
2026-08-05 12:31:56.951937-04:00,0.9110519886016846,True,31
2026-08-05 12:32:16.972107-04:00,0.877805233001709,True,31
2026-08-05 12:32:36.992134-04:00,0.942774772644043,True,31
2026-08-05 12:32:57.013423-04:00,0.8646409511566162,True,31
2026-08-05 12:33:18.617181-04:00,1.026111125946045,True,31
2026-08-05 12:33:38.637615-04:00,1.4329729080200195,True,31
2026-08-05 12:33:58.659016-04:00,1.124283790588379,True,31
2026-08-05 12:34:18.681169-04:00,0.8373270034790039,True,31
2026-08-05 12:34:38.701275-04:00,1.0473430156707764,True,31
2026-08-05 12:34:58.723073-04:00,0.9388751983642578,True,31
2026-08-05 12:35:18.741944-04:00,1.084136962890625,True,31
2026-08-05 12:35:38.763066-04:00,0.7387480735778809,True,31
2026-08-05 12:35:58.782413-04:00,1.3517320156097412,True,31
2026-08-05 12:36:18.801819-04:00,0.9553027153015137,True,31
2026-08-05 12:36:38.822977-04:00,1.10715913772583,True,31
2026-08-05 12:36:58.845098-04:00,0.7941648960113525,True,31
2026-08-05 12:37:18.863884-04:00,0.7975881099700928,True,31
2026-08-05 12:37:38.883026-04:00,0.7895371913909912,True,31
2026-08-05 12:37:58.904624-04:00,0.7362759113311768,True,31
2026-08-05 12:38:20.537853-04:00,0.8002660274505615,True,31
2026-08-05 12:38:40.557144-04:00,0.7741899490356445,True,31
2026-08-05 12:39:00.575891-04:00,0.9539289474487305,True,31
2026-08-05 12:39:20.597667-04:00,0.8347001075744629,True,31
2026-08-05 12:39:40.617542-04:00,1.0218513011932373,True,31
2026-08-05 12:40:00.638108-04:00,1.0036323070526123,True,31
2026-08-05 12:40:20.658108-04:00,0.8657610416412354,True,31
2026-08-05 12:40:40.678860-04:00,0.800302267074585,True,31
2026-08-05 12:41:00.698611-04:00,0.8535921573638916,True,31
2026-08-05 12:41:20.718877-04:00,0.8241758346557617,True,31
2026-08-05 12:41:40.739182-04:00,0.7874660491943359,True,31
2026-08-05 12:42:00.758262-04:00,0.8589670658111572,True,31
2026-08-05 12:42:20.778460-04:00,0.8231170177459717,True,31
2026-08-05 12:42:40.798660-04:00,1.0724501609802246,True,31
2026-08-05 12:43:00.821282-04:00,1.2204768657684326,True,31
2026-08-05 12:43:22.490709-04:00,0.9156138896942139,True,31
2026-08-05 12:43:42.511301-04:00,1.0051300525665283,True,31
2026-08-05 12:44:02.530962-04:00,0.8673949241638184,True,31
2026-08-05 12:44:22.550199-04:00,0.9493391513824463,True,31
2026-08-05 12:44:42.569716-04:00,0.7769970893859863,True,31
2026-08-05 12:45:02.590128-04:00,0.9274001121520996,True,31
2026-08-05 12:45:22.610411-04:00,0.8948688507080078,True,31
2026-08-05 12:45:42.630114-04:00,0.9074349403381348,True,31
2026-08-05 12:46:02.650948-04:00,0.8908100128173828,True,31
2026-08-05 12:46:22.670942-04:00,0.809638261795044,True,31
2026-08-05 12:46:42.690669-04:00,1.2548542022705078,True,31
2026-08-05 12:47:02.710019-04:00,1.1338071823120117,True,31
2026-08-05 12:47:22.727387-04:00,0.9354739189147949,True,31
2026-08-05 12:47:42.742411-04:00,1.308140754699707,True,31
2026-08-05 12:48:02.760421-04:00,1.031383752822876,True,31
2026-08-05 12:48:24.488828-04:00,1.4119627475738525,True,31
2026-08-05 12:48:44.506624-04:00,0.8343391418457031,True,31
2026-08-05 12:49:04.521065-04:00,1.149604320526123,True,31
2026-08-05 12:49:24.536915-04:00,1.1345570087432861,True,31
2026-08-05 12:49:44.551906-04:00,2.397300958633423,True,31
2026-08-05 12:50:04.566523-04:00,1.209299087524414,True,31
2026-08-05 12:50:24.578100-04:00,0.9781467914581299,True,31
2026-08-05 12:50:44.593315-04:00,1.025123119354248,True,31
2026-08-05 12:51:04.608118-04:00,1.2084929943084717,True,31
2026-08-05 12:51:24.625420-04:00,0.9514870643615723,True,31
2026-08-05 12:51:44.640332-04:00,1.0553650856018066,True,31
2026-08-05 12:52:04.651759-04:00,1.3480358123779297,True,31
2026-08-05 12:52:24.669789-04:00,1.1136481761932373,True,31
2026-08-05 12:52:44.685846-04:00,0.8623960018157959,True,31
2026-08-05 12:53:04.700280-04:00,0.9302568435668945,True,31
2026-08-05 12:53:26.438821-04:00,1.064182996749878,True,31
2026-08-05 12:53:46.448805-04:00,0.96940016746521,True,31
2026-08-05 12:54:06.461877-04:00,1.01401686668396,True,31
2026-08-05 12:54:26.477744-04:00,0.9301950931549072,True,31
2026-08-05 12:54:46.492232-04:00,1.0183258056640625,True,31
2026-08-05 12:55:06.506469-04:00,0.9539699554443359,True,31
2026-08-05 12:55:26.520989-04:00,0.967432975769043,True,31
2026-08-05 12:55:46.535471-04:00,0.909160852432251,True,31
2026-08-05 12:56:06.549955-04:00,1.2439029216766357,True,31
2026-08-05 12:56:26.567419-04:00,0.9123470783233643,True,31
2026-08-05 12:56:46.581819-04:00,0.9911370277404785,True,31
2026-08-05 12:57:06.579635-04:00,0.9916191101074219,True,31
2026-08-05 12:57:26.588836-04:00,1.1791350841522217,True,31
2026-08-05 12:57:46.604970-04:00,1.2679729461669922,True,31
2026-08-05 12:58:06.622327-04:00,0.9619507789611816,True,31
2026-08-05 12:58:28.445698-04:00,0.9974420070648193,True,31
2026-08-05 12:58:48.460602-04:00,0.8992841243743896,True,31
2026-08-05 12:59:08.475151-04:00,1.051928997039795,True,31
2026-08-05 12:59:28.490815-04:00,0.9920682907104492,True,31
2026-08-05 12:59:48.505424-04:00,1.3209927082061768,True,31
2026-08-05 13:00:08.523587-04:00,1.0524559020996094,True,31
2026-08-05 13:00:28.537758-04:00,1.0102729797363281,True,31
2026-08-05 13:00:48.552713-04:00,2.091506004333496,True,31
2026-08-05 13:01:08.570114-04:00,0.9293041229248047,True,31
2026-08-05 13:01:28.584174-04:00,1.0091757774353027,True,31
2026-08-05 13:01:48.598751-04:00,0.8951461315155029,True,31
2026-08-05 13:02:08.613360-04:00,1.2421202659606934,True,31
2026-08-05 13:02:28.635659-04:00,1.281219244003296,True,31
2026-08-05 13:02:48.659486-04:00,1.0189108848571777,True,31
2026-08-05 13:03:08.671664-04:00,1.2227518558502197,True,31
2026-08-05 13:03:30.490195-04:00,0.936201810836792,True,31
2026-08-05 13:03:50.509622-04:00,1.2144150733947754,True,31
2026-08-05 13:04:10.532139-04:00,1.0707881450653076,True,31
2026-08-05 13:04:30.553897-04:00,0.9911677837371826,True,31
2026-08-05 13:04:50.573515-04:00,0.9361729621887207,True,31
2026-08-05 13:05:10.592719-04:00,1.318835973739624,True,31
2026-08-05 13:05:30.605983-04:00,1.3014171123504639,True,31
2026-08-05 13:05:50.628171-04:00,2.065218210220337,True,31
2026-08-05 13:06:10.650696-04:00,1.4292919635772705,True,31
2026-08-05 13:06:30.671424-04:00,0.9612019062042236,True,31
2026-08-05 13:06:50.690898-04:00,1.2005069255828857,True,31
2026-08-05 13:07:10.713940-04:00,0.8536078929901123,True,31
2026-08-05 13:07:30.733426-04:00,0.95513916015625,True,31
2026-08-05 13:07:50.755841-04:00,1.2126209735870361,True,31
2026-08-05 13:08:10.778159-04:00,0.847592830657959,True,31
2026-08-05 13:08:30.801295-04:00,0.8697490692138672,True,31
2026-08-05 13:08:52.733442-04:00,0.8238399028778076,True,31
2026-08-05 13:09:12.752625-04:00,1.3196361064910889,True,31
2026-08-05 13:09:32.770417-04:00,0.9314119815826416,True,31
2026-08-05 13:09:52.791773-04:00,0.9495079517364502,True,31
2026-08-05 13:10:12.811548-04:00,0.7965099811553955,True,31
2026-08-05 13:10:32.830641-04:00,0.7846980094909668,True,31
2026-08-05 13:10:52.850520-04:00,0.9056150913238525,True,31
2026-08-05 13:11:12.869792-04:00,0.8397922515869141,True,31
2026-08-05 13:11:32.888918-04:00,0.7859649658203125,True,31
2026-08-05 13:11:52.908209-04:00,1.357581615447998,True,31
2026-08-05 13:12:12.932330-04:00,1.0336089134216309,True,31
2026-08-05 13:12:32.952616-04:00,0.8935408592224121,True,31
2026-08-05 13:12:52.974216-04:00,0.8508102893829346,True,31
2026-08-05 13:13:12.993432-04:00,0.7697839736938477,True,31
2026-08-05 13:13:33.012626-04:00,1.123600959777832,True,31
2026-08-05 13:13:54.970617-04:00,0.8754608631134033,True,31
2026-08-05 13:14:14.989592-04:00,0.7867350578308105,True,31
2026-08-05 13:14:35.008716-04:00,1.0824198722839355,True,31
2026-08-05 13:14:55.031763-04:00,0.9749298095703125,True,31
2026-08-05 13:15:15.050257-04:00,1.6448886394500732,True,31
2026-08-05 13:15:35.067981-04:00,2.311547040939331,True,31
2026-08-05 13:15:55.089821-04:00,0.8557078838348389,True,31
2026-08-05 13:16:15.104007-04:00,0.8639068603515625,True,31
2026-08-05 13:16:35.121759-04:00,0.8328211307525635,True,31
2026-08-05 13:16:55.141343-04:00,0.8161652088165283,True,31
2026-08-05 13:17:15.159426-04:00,0.7542541027069092,True,31
2026-08-05 13:17:35.178697-04:00,0.8460080623626709,True,31
2026-08-05 13:17:55.198237-04:00,1.3194959163665771,True,31
2026-08-05 13:18:15.220865-04:00,1.2763259410858154,True,31
2026-08-05 13:18:35.243439-04:00,1.1396441459655762,True,31
2026-08-05 13:18:57.222681-04:00,1.3075628280639648,True,31
2026-08-05 13:19:17.229396-04:00,1.0472817420959473,True,31
2026-08-05 13:19:37.240977-04:00,0.8657159805297852,True,31
2026-08-05 13:19:57.258361-04:00,0.9691460132598877,True,31
2026-08-05 13:20:17.276389-04:00,0.8526210784912109,True,31
2026-08-05 13:20:37.295448-04:00,0.8683819770812988,True,31
2026-08-05 13:20:57.314857-04:00,0.9855301380157471,True,31
2026-08-05 13:21:17.327370-04:00,0.9864799976348877,True,31
2026-08-05 13:21:37.346559-04:00,1.0613398551940918,True,31
2026-08-05 13:21:57.366657-04:00,1.4288697242736816,True,31
2026-08-05 13:22:17.386532-04:00,0.9955348968505859,True,31
2026-08-05 13:22:37.405789-04:00,1.0717179775238037,True,31
2026-08-05 13:22:57.425406-04:00,1.424971103668213,True,31
2026-08-05 13:23:17.448477-04:00,1.7474169731140137,True,31
2026-08-05 13:23:37.472521-04:00,1.6840617656707764,True,31
2026-08-05 13:23:59.517672-04:00,2.4327049255371094,True,31
2026-08-05 13:24:19.535186-04:00,3.2711069583892822,True,31
2026-08-05 13:24:39.552853-04:00,3.0780880451202393,True,31
2026-08-05 13:24:59.570556-04:00,1.6962809562683105,True,31
2026-08-05 13:25:19.589068-04:00,1.5651051998138428,True,31
2026-08-05 13:25:39.608371-04:00,1.3133230209350586,True,31
2026-08-05 13:25:59.626714-04:00,2.467764139175415,True,31
2026-08-05 13:26:19.645194-04:00,1.2774016857147217,True,31
2026-08-05 13:26:39.659414-04:00,2.2692558765411377,True,31
2026-08-05 13:26:59.676904-04:00,1.1020801067352295,True,31
2026-08-05 13:27:19.691471-04:00,1.0552470684051514,True,31
2026-08-05 13:27:39.706732-04:00,1.3394501209259033,True,31
2026-08-05 13:27:59.725123-04:00,3.1495091915130615,True,31
2026-08-05 13:28:19.743248-04:00,2.4894819259643555,True,31
2026-08-05 13:28:39.760402-04:00,1.6663599014282227,True,31
2026-08-05 13:29:01.836363-04:00,2.6966161727905273,True,31
2026-08-05 13:29:21.854411-04:00,1.5726838111877441,True,31
2026-08-05 13:29:41.869492-04:00,1.054656982421875,True,31
2026-08-05 13:30:01.885502-04:00,1.7021260261535645,True,31
2026-08-05 13:30:21.903730-04:00,1.1512911319732666,True,31
2026-08-05 13:30:41.922039-04:00,1.6801581382751465,True,31
2026-08-05 13:31:01.940367-04:00,0.9893579483032227,True,31
2026-08-05 13:31:21.954288-04:00,1.1740148067474365,True,31
2026-08-05 13:31:41.970062-04:00,1.3389701843261719,True,31
2026-08-05 13:32:01.987493-04:00,0.9597821235656738,True,31
2026-08-05 13:32:22.002254-04:00,1.0304782390594482,True,31
2026-08-05 13:32:42.016655-04:00,0.9549238681793213,True,31
2026-08-05 13:33:02.032975-04:00,0.8942561149597168,True,31
2026-08-05 13:33:22.047315-04:00,1.0852339267730713,True,31
2026-08-05 13:33:42.061996-04:00,0.9596011638641357,True,31
2026-08-05 13:34:02.081911-04:00,1.061051845550537,True,31
2026-08-05 13:34:24.198181-04:00,0.9798409938812256,True,31
2026-08-05 13:34:44.217994-04:00,1.0894169807434082,True,31
2026-08-05 13:35:04.240608-04:00,0.9742989540100098,True,31
2026-08-05 13:35:24.260022-04:00,1.6361658573150635,True,31
2026-08-05 13:35:44.279859-04:00,4.912569999694824,True,31
2026-08-05 13:36:04.301975-04:00,1.5673320293426514,True,31
2026-08-05 13:36:24.325089-04:00,1.0051021575927734,True,31
2026-08-05 13:36:44.344723-04:00,1.0272531509399414,True,31
2026-08-05 13:37:04.363906-04:00,1.1523058414459229,True,31
2026-08-05 13:37:24.385187-04:00,1.147144079208374,True,31
2026-08-05 13:37:44.404911-04:00,1.1438541412353516,True,31
2026-08-05 13:38:04.423884-04:00,1.5120289325714111,True,31
2026-08-05 13:38:24.445935-04:00,1.1682441234588623,True,31
2026-08-05 13:38:44.465990-04:00,0.9948961734771729,True,31
2026-08-05 13:39:04.484981-04:00,0.973099946975708,True,31
2026-08-05 13:39:26.673037-04:00,1.449371099472046,True,31
2026-08-05 13:39:46.693741-04:00,1.4230730533599854,True,31
2026-08-05 13:40:06.717339-04:00,1.622434139251709,True,31
2026-08-05 13:40:26.738660-04:00,1.3511018753051758,True,31
2026-08-05 13:40:46.758677-04:00,1.122756004333496,True,31
2026-08-05 13:41:06.781618-04:00,1.1324641704559326,True,31
2026-08-05 13:41:26.804244-04:00,1.9142708778381348,True,31
2026-08-05 13:41:46.824659-04:00,1.3171718120574951,True,31
2026-08-05 13:42:06.847159-04:00,2.10945200920105,True,31
2026-08-05 13:42:26.860001-04:00,1.2391669750213623,True,31
2026-08-05 13:42:46.879829-04:00,0.9568371772766113,True,31
2026-08-05 13:43:06.899089-04:00,0.9157886505126953,True,31
2026-08-05 13:43:26.918469-04:00,0.8064332008361816,True,31
2026-08-05 13:43:46.938492-04:00,1.0037462711334229,True,31
2026-08-05 13:44:06.959058-04:00,0.8908069133758545,True,31
2026-08-05 13:44:29.180544-04:00,0.920184850692749,True,31
2026-08-05 13:44:49.200835-04:00,0.8311960697174072,True,31
2026-08-05 13:45:09.220460-04:00,0.9282770156860352,True,31
2026-08-05 13:45:29.239793-04:00,0.8921291828155518,True,31
2026-08-05 13:45:49.257345-04:00,0.8553469181060791,True,31
2026-08-05 13:46:09.274257-04:00,0.7805092334747314,True,31
2026-08-05 13:46:29.289289-04:00,0.8791956901550293,True,31
2026-08-05 13:46:49.307522-04:00,0.8265480995178223,True,31
2026-08-05 13:47:09.327168-04:00,0.9635310173034668,True,31
2026-08-05 13:47:29.347503-04:00,0.8587570190429688,True,31
2026-08-05 13:47:49.362293-04:00,0.9015960693359375,True,31
2026-08-05 13:48:09.378789-04:00,0.8457748889923096,True,31
2026-08-05 13:48:29.390125-04:00,0.7935271263122559,True,31
2026-08-05 13:48:49.410351-04:00,0.8849959373474121,True,31
2026-08-05 13:49:09.429563-04:00,0.9355361461639404,True,31
2026-08-05 13:49:31.681870-04:00,1.6752948760986328,True,31
2026-08-05 13:49:51.703582-04:00,1.3025662899017334,True,31
2026-08-05 13:50:11.727644-04:00,2.4899489879608154,True,31
2026-08-05 13:50:31.748425-04:00,1.9436321258544922,True,31
2026-08-05 13:50:51.766164-04:00,1.0398130416870117,True,31
2026-08-05 13:51:11.782816-04:00,2.697237968444824,True,31
2026-08-05 13:51:31.801927-04:00,1.7969162464141846,True,31
2026-08-05 13:51:51.821003-04:00,2.249769926071167,True,31
2026-08-05 13:52:11.839452-04:00,1.503608226776123,True,31
2026-08-05 13:52:31.857331-04:00,1.3092401027679443,True,31
2026-08-05 13:52:51.875950-04:00,2.108018159866333,True,31
2026-08-05 13:53:11.893453-04:00,1.069439172744751,True,31
2026-08-05 13:53:31.908230-04:00,1.873610258102417,True,31
2026-08-05 13:53:51.926199-04:00,1.0591108798980713,True,31
2026-08-05 13:54:11.942461-04:00,3.348701000213623,True,31
2026-08-05 13:54:34.239356-04:00,1.2280521392822266,True,31
2026-08-05 13:54:54.257409-04:00,1.3168320655822754,True,31
2026-08-05 13:55:14.275308-04:00,0.9923970699310303,True,31
2026-08-05 13:55:34.290062-04:00,4.308793067932129,True,31
2026-08-05 13:55:54.307892-04:00,1.8360488414764404,True,31
2026-08-05 13:56:14.325968-04:00,3.0514488220214844,True,31
2026-08-05 13:56:34.344039-04:00,1.3580570220947266,True,31
2026-08-05 13:56:54.362401-04:00,1.0301258563995361,True,31
2026-08-05 13:57:14.376763-04:00,1.3524699211120605,True,31
2026-08-05 13:57:34.395827-04:00,1.6035959720611572,True,31
2026-08-05 13:57:54.418777-04:00,1.5845317840576172,True,31
2026-08-05 13:58:14.441218-04:00,1.0154500007629395,True,31
2026-08-05 13:58:34.461032-04:00,0.9076950550079346,True,31
2026-08-05 13:58:54.480543-04:00,0.9869570732116699,True,31
2026-08-05 13:59:14.500198-04:00,0.9663770198822021,True,31
2026-08-05 13:59:34.520163-04:00,0.9988181591033936,True,31
2026-08-05 13:59:56.839168-04:00,1.2223169803619385,True,31
2026-08-05 14:00:16.861471-04:00,0.8494939804077148,True,31
2026-08-05 14:00:36.881270-04:00,1.036931037902832,True,31
2026-08-05 14:00:56.900797-04:00,0.9947750568389893,True,31
2026-08-05 14:01:16.920884-04:00,1.1069471836090088,True,31
2026-08-05 14:01:36.940953-04:00,1.0673081874847412,True,31
2026-08-05 14:01:56.960051-04:00,1.040644884109497,True,31
2026-08-05 14:02:16.979104-04:00,0.9358608722686768,True,31
2026-08-05 14:02:36.998695-04:00,0.8213608264923096,True,31
2026-08-05 14:02:57.018379-04:00,1.9783401489257812,True,31
2026-08-05 14:03:17.041935-04:00,2.3940961360931396,True,31
2026-08-05 14:03:37.062141-04:00,1.3304240703582764,True,31
2026-08-05 14:03:57.085567-04:00,2.1855008602142334,True,31
2026-08-05 14:04:17.108759-04:00,1.170788288116455,True,31
2026-08-05 14:04:37.129728-04:00,1.8484561443328857,True,31
2026-08-05 14:04:59.551175-04:00,1.7599420547485352,True,31
2026-08-05 14:05:19.575572-04:00,2.1277761459350586,True,31
2026-08-05 14:05:39.598733-04:00,0.9658880233764648,True,31
2026-08-05 14:05:59.618089-04:00,1.2507550716400146,True,31
2026-08-05 14:06:19.638737-04:00,0.9494378566741943,True,31
2026-08-05 14:06:39.658054-04:00,1.3719422817230225,True,31
2026-08-05 14:06:59.680696-04:00,1.682892084121704,True,31
2026-08-05 14:07:19.702048-04:00,2.0505239963531494,True,31
2026-08-05 14:07:39.724887-04:00,1.0366239547729492,True,31
2026-08-05 14:07:59.744331-04:00,1.4305450916290283,True,31
2026-08-05 14:08:19.769123-04:00,0.9172158241271973,True,31
2026-08-05 14:08:39.788501-04:00,1.6710619926452637,True,31
2026-08-05 14:08:59.808231-04:00,2.8787591457366943,True,31
2026-08-05 14:09:19.831737-04:00,1.4975268840789795,True,31
2026-08-05 14:09:39.854494-04:00,4.1719748973846436,True,31
2026-08-05 14:10:02.302255-04:00,1.8996968269348145,True,31
2026-08-05 14:10:22.325887-04:00,1.5632600784301758,True,31
2026-08-05 14:10:42.344298-04:00,1.0554771423339844,True,31
2026-08-05 14:11:02.365045-04:00,1.017899990081787,True,31
2026-08-05 14:11:22.387095-04:00,0.9484119415283203,True,31
2026-08-05 14:11:42.406705-04:00,1.237065076828003,True,31
2026-08-05 14:12:02.429643-04:00,1.605043888092041,True,31
2026-08-05 14:12:22.453300-04:00,0.9379820823669434,True,31
2026-08-05 14:12:42.472775-04:00,1.4381840229034424,True,31
2026-08-05 14:13:02.495685-04:00,1.3080387115478516,True,31
2026-08-05 14:13:22.518151-04:00,0.8438360691070557,True,31
2026-08-05 14:13:42.538198-04:00,0.8861520290374756,True,31
2026-08-05 14:14:02.559831-04:00,0.9297661781311035,True,31
2026-08-05 14:14:22.579929-04:00,1.042288064956665,True,31
2026-08-05 14:14:42.603393-04:00,0.8060750961303711,True,31
2026-08-05 14:15:02.624203-04:00,0.9202029705047607,True,31
2026-08-05 14:15:25.126009-04:00,1.4912638664245605,True,31
2026-08-05 14:15:45.147590-04:00,2.2164249420166016,True,31
2026-08-05 14:16:05.173162-04:00,0.8748021125793457,True,31
2026-08-05 14:16:25.193194-04:00,0.9734110832214355,True,31
2026-08-05 14:16:45.213255-04:00,1.0188531875610352,True,31
2026-08-05 14:17:05.234985-04:00,1.0019621849060059,True,31
2026-08-05 14:17:25.256898-04:00,0.8340051174163818,True,31
2026-08-05 14:17:45.276828-04:00,1.0066733360290527,True,31
2026-08-05 14:18:05.296586-04:00,0.9102680683135986,True,31
2026-08-05 14:18:25.316419-04:00,0.8401589393615723,True,31
2026-08-05 14:18:45.336577-04:00,1.5489351749420166,True,31
2026-08-05 14:19:05.349757-04:00,1.128248929977417,True,31
2026-08-05 14:19:25.363966-04:00,1.2133498191833496,True,31
2026-08-05 14:19:45.379801-04:00,1.126957654953003,True,31
2026-08-05 14:20:05.394671-04:00,1.0488181114196777,True,31
2026-08-05 14:20:27.909419-04:00,1.0758650302886963,True,31
2026-08-05 14:20:47.924794-04:00,0.9336328506469727,True,31
2026-08-05 14:21:07.939795-04:00,1.2018859386444092,True,31
2026-08-05 14:21:27.957608-04:00,1.23734712600708,True,31
2026-08-05 14:21:47.972677-04:00,1.0039348602294922,True,31
2026-08-05 14:22:07.987609-04:00,1.0390148162841797,True,31
2026-08-05 14:22:28.002562-04:00,1.0928699970245361,True,31
2026-08-05 14:22:48.017444-04:00,1.065039873123169,True,31
2026-08-05 14:23:08.032106-04:00,2.738279104232788,True,31
2026-08-05 14:23:28.050332-04:00,1.043734073638916,True,31
2026-08-05 14:23:48.066437-04:00,0.9509189128875732,True,31
2026-08-05 14:24:08.076105-04:00,1.0688960552215576,True,31
2026-08-05 14:24:28.089762-04:00,1.066443920135498,True,31
2026-08-05 14:24:48.104470-04:00,1.077800989151001,True,31
2026-08-05 14:25:08.119293-04:00,0.9602320194244385,True,31
2026-08-05 14:25:30.709859-04:00,1.64070725440979,True,31
2026-08-05 14:25:50.731789-04:00,1.2094640731811523,True,31
2026-08-05 14:26:10.751385-04:00,1.1081430912017822,True,31
2026-08-05 14:26:30.771261-04:00,1.7162408828735352,True,31
2026-08-05 14:26:50.794171-04:00,1.256201982498169,True,31
2026-08-05 14:27:10.816842-04:00,1.294903039932251,True,31
2026-08-05 14:27:30.839292-04:00,1.0170948505401611,True,31
2026-08-05 14:27:50.859116-04:00,1.3194749355316162,True,31
2026-08-05 14:28:10.881634-04:00,0.930880069732666,True,31
2026-08-05 14:28:30.901126-04:00,1.0462977886199951,True,31
2026-08-05 14:28:50.920829-04:00,0.9391229152679443,True,31
2026-08-05 14:29:10.940753-04:00,1.0278236865997314,True,31
2026-08-05 14:29:31.022828-04:00,0.9508228302001953,True,31
2026-08-05 14:29:51.042522-04:00,1.0386481285095215,True,31
2026-08-05 14:30:11.062209-04:00,1.0092318058013916,True,31
2026-08-05 14:30:33.720892-04:00,0.9445114135742188,True,31
2026-08-05 14:30:53.741280-04:00,0.9837369918823242,True,31
2026-08-05 14:31:13.761895-04:00,0.865447998046875,True,31
2026-08-05 14:31:33.781879-04:00,1.1423640251159668,True,31
2026-08-05 14:31:53.804233-04:00,1.147472858428955,True,31
2026-08-05 14:32:13.828344-04:00,1.2307603359222412,True,31
2026-08-05 14:32:33.852885-04:00,0.9041941165924072,True,31
2026-08-05 14:32:53.872749-04:00,0.8822698593139648,True,31
2026-08-05 14:33:13.892655-04:00,0.921295166015625,True,31
2026-08-05 14:33:33.912538-04:00,1.1463708877563477,True,31
2026-08-05 14:33:53.930235-04:00,1.015132188796997,True,31
2026-08-05 14:34:13.945315-04:00,0.9753880500793457,True,31
2026-08-05 14:34:33.961514-04:00,1.1112308502197266,True,31
2026-08-05 14:34:53.977543-04:00,1.1054940223693848,True,31
2026-08-05 14:35:13.992863-04:00,1.0127370357513428,True,31
2026-08-05 14:35:36.681481-04:00,1.0039491653442383,True,31
2026-08-05 14:35:56.696250-04:00,1.0979399681091309,True,31
2026-08-05 14:36:16.711848-04:00,1.0067329406738281,True,31
2026-08-05 14:36:36.727128-04:00,1.251573085784912,True,31
2026-08-05 14:36:56.742767-04:00,1.3559081554412842,True,31
2026-08-05 14:37:16.763734-04:00,1.150968074798584,True,31
2026-08-05 14:37:36.781660-04:00,1.0426099300384521,True,31
2026-08-05 14:37:56.797204-04:00,0.9535360336303711,True,31
2026-08-05 14:38:16.812539-04:00,1.174333095550537,True,31
2026-08-05 14:38:36.830678-04:00,2.0539441108703613,True,31
2026-08-05 14:38:56.849129-04:00,1.0098257064819336,True,31
2026-08-05 14:39:16.864061-04:00,1.25345778465271,True,31
2026-08-05 14:39:36.880425-04:00,1.167923927307129,True,31
2026-08-05 14:39:56.897185-04:00,1.0117640495300293,True,31
2026-08-05 14:40:16.913382-04:00,1.1356439590454102,True,31
2026-08-05 14:40:39.689232-04:00,1.1637592315673828,True,31
2026-08-05 14:40:59.704451-04:00,0.9722073078155518,True,31
2026-08-05 14:41:19.719674-04:00,1.0706863403320312,True,31
2026-08-05 14:41:39.734906-04:00,0.9729390144348145,True,31
2026-08-05 14:41:59.750376-04:00,1.0706377029418945,True,31
2026-08-05 14:42:19.766714-04:00,0.9660248756408691,True,31
2026-08-05 14:42:39.782773-04:00,1.010695219039917,True,31
2026-08-05 14:42:59.797692-04:00,0.9866571426391602,True,31
2026-08-05 14:43:19.812722-04:00,0.9225358963012695,True,31
2026-08-05 14:43:39.827604-04:00,0.899101972579956,True,31
2026-08-05 14:43:59.842584-04:00,1.0367331504821777,True,31
2026-08-05 14:44:19.858588-04:00,1.006011962890625,True,31
2026-08-05 14:44:39.873472-04:00,1.5958008766174316,True,31
2026-08-05 14:44:59.892344-04:00,1.114387035369873,True,31
2026-08-05 14:45:19.907314-04:00,1.0490810871124268,True,31
2026-08-05 14:45:42.692466-04:00,1.095562219619751,True,31
2026-08-05 14:46:02.701413-04:00,1.0070610046386719,True,31
2026-08-05 14:46:22.704833-04:00,1.0177388191223145,True,31
2026-08-05 14:46:42.720064-04:00,0.9872679710388184,True,31
2026-08-05 14:47:02.738647-04:00,0.9408750534057617,True,31
2026-08-05 14:47:22.757879-04:00,0.9993572235107422,True,31
2026-08-05 14:47:42.777423-04:00,1.2679917812347412,True,31
2026-08-05 14:48:02.800647-04:00,1.88942289352417,True,31
2026-08-05 14:48:22.824185-04:00,0.942124605178833,True,31
2026-08-05 14:48:42.844320-04:00,0.9352219104766846,True,31
2026-08-05 14:49:02.864222-04:00,1.0683090686798096,True,31
2026-08-05 14:49:22.884243-04:00,1.0768640041351318,True,31
2026-08-05 14:49:42.905460-04:00,1.1116819381713867,True,31
2026-08-05 14:50:02.925673-04:00,1.0988800525665283,True,31
2026-08-05 14:50:22.945353-04:00,1.1543970108032227,True,31
2026-08-05 14:50:45.846151-04:00,0.9000082015991211,True,31
2026-08-05 14:51:05.866356-04:00,1.0499248504638672,True,31
2026-08-05 14:51:25.880451-04:00,1.022629976272583,True,31
2026-08-05 14:51:45.900793-04:00,0.889136791229248,True,31
2026-08-05 14:52:05.922578-04:00,1.1078991889953613,True,31
2026-08-05 14:52:25.942804-04:00,1.029561996459961,True,31
2026-08-05 14:52:45.963091-04:00,0.8935956954956055,True,31
2026-08-05 14:53:05.982868-04:00,1.3491928577423096,True,31
2026-08-05 14:53:26.007918-04:00,1.392664909362793,True,31
2026-08-05 14:53:46.027695-04:00,1.0022282600402832,True,31
2026-08-05 14:54:06.049540-04:00,0.8058812618255615,True,31
2026-08-05 14:54:26.069233-04:00,0.8165082931518555,True,31
2026-08-05 14:54:46.085840-04:00,0.9661517143249512,True,31
2026-08-05 14:55:06.098058-04:00,1.4806690216064453,True,31
2026-08-05 14:55:26.113242-04:00,1.3325917720794678,True,31
2026-08-05 14:55:49.134031-04:00,1.1483650207519531,True,31
2026-08-05 14:56:09.146889-04:00,1.2934370040893555,True,31
2026-08-05 14:56:29.162622-04:00,1.2254798412322998,True,31
2026-08-05 14:56:49.182098-04:00,1.285048007965088,True,31
2026-08-05 14:57:09.201482-04:00,1.0012969970703125,True,31
2026-08-05 14:57:29.216925-04:00,1.0323960781097412,True,31
2026-08-05 14:57:49.227645-04:00,1.027061939239502,True,31
2026-08-05 14:58:09.243228-04:00,0.9522011280059814,True,31
2026-08-05 14:58:29.258457-04:00,1.063166856765747,True,31
2026-08-05 14:58:49.273682-04:00,0.8760392665863037,True,31
2026-08-05 14:59:09.288828-04:00,1.5275382995605469,True,31
2026-08-05 14:59:29.307098-04:00,1.203204870223999,True,31
2026-08-05 14:59:49.323823-04:00,0.9871289730072021,True,31
2026-08-05 15:00:09.339181-04:00,1.0280559062957764,True,31
2026-08-05 15:00:29.353998-04:00,0.9488399028778076,True,31
2026-08-05 15:00:49.369438-04:00,0.9003291130065918,True,31
2026-08-05 15:01:12.225575-04:00,1.0485997200012207,True,31
2026-08-05 15:01:32.241273-04:00,0.9231109619140625,True,31
2026-08-05 15:01:52.256459-04:00,1.6961967945098877,True,31
2026-08-05 15:02:12.271123-04:00,0.9897620677947998,True,31
2026-08-05 15:02:32.292324-04:00,2.0039501190185547,True,31
2026-08-05 15:02:52.315730-04:00,1.0517442226409912,True,31
2026-08-05 15:03:12.334374-04:00,1.3116588592529297,True,31
2026-08-05 15:03:32.354840-04:00,0.8979549407958984,True,31
2026-08-05 15:03:52.376249-04:00,1.0072271823883057,True,31
2026-08-05 15:04:12.396517-04:00,1.3001549243927002,True,31
2026-08-05 15:04:32.416895-04:00,1.0005130767822266,True,31
2026-08-05 15:04:52.427421-04:00,1.0798189640045166,True,31
2026-08-05 15:05:12.447692-04:00,1.0426900386810303,True,31
2026-08-05 15:05:32.468130-04:00,1.1499083042144775,True,31
2026-08-05 15:05:52.490454-04:00,0.9703681468963623,True,31
2026-08-05 15:06:15.423861-04:00,0.9099938869476318,True,31
2026-08-05 15:06:35.444710-04:00,1.0686521530151367,True,31
2026-08-05 15:06:55.464997-04:00,1.9609119892120361,True,31
2026-08-05 15:07:15.484364-04:00,1.3281958103179932,True,31
2026-08-05 15:07:35.521203-04:00,1.2220139503479004,True,31
2026-08-05 15:07:55.542520-04:00,0.9327690601348877,True,31
2026-08-05 15:08:15.559515-04:00,1.3059489727020264,True,31
2026-08-05 15:08:35.576187-04:00,0.9549989700317383,True,31
2026-08-05 15:08:55.591568-04:00,0.9725780487060547,True,31
2026-08-05 15:09:15.606378-04:00,0.9853687286376953,True,31
2026-08-05 15:09:35.622106-04:00,0.950861930847168,True,31
2026-08-05 15:09:55.637221-04:00,0.9470908641815186,True,31
2026-08-05 15:10:15.651983-04:00,0.7924802303314209,True,31
2026-08-05 15:10:35.667928-04:00,0.9316740036010742,True,31
2026-08-05 15:10:55.682833-04:00,1.1188900470733643,True,31
2026-08-05 15:11:18.658702-04:00,1.10561203956604,True,31
2026-08-05 15:11:38.674944-04:00,1.0322051048278809,True,31
2026-08-05 15:11:58.689685-04:00,0.9983811378479004,True,31
2026-08-05 15:12:18.704620-04:00,1.803926706314087,True,31
2026-08-05 15:12:38.723081-04:00,0.9310851097106934,True,31
2026-08-05 15:12:58.738168-04:00,0.9800751209259033,True,31
2026-08-05 15:13:18.758443-04:00,1.092101812362671,True,31
2026-08-05 15:13:38.779612-04:00,1.0405941009521484,True,31
2026-08-05 15:13:58.800193-04:00,1.2222371101379395,True,31
2026-08-05 15:14:18.818619-04:00,1.0093460083007812,True,31
2026-08-05 15:14:38.839310-04:00,1.0127930641174316,True,31
2026-08-05 15:14:58.859856-04:00,1.0803890228271484,True,31
2026-08-05 15:15:18.879739-04:00,1.0134871006011963,True,31
2026-08-05 15:15:38.900398-04:00,1.0205562114715576,True,31
2026-08-05 15:15:58.920642-04:00,0.9723420143127441,True,31
2026-08-05 15:16:21.967804-04:00,0.9586348533630371,True,31
2026-08-05 15:16:41.988313-04:00,0.9264581203460693,True,31
2026-08-05 15:17:02.008242-04:00,0.8603630065917969,True,31
2026-08-05 15:17:22.028360-04:00,1.2782700061798096,True,31
2026-08-05 15:17:42.052210-04:00,1.0245602130889893,True,31
2026-08-05 15:18:02.072082-04:00,0.9294140338897705,True,31
2026-08-05 15:18:22.089461-04:00,0.7818682193756104,True,31
2026-08-05 15:18:42.107470-04:00,0.8687629699707031,True,31
2026-08-05 15:19:02.126433-04:00,0.8628232479095459,True,31
2026-08-05 15:19:22.139945-04:00,0.7990987300872803,True,31
2026-08-05 15:19:42.160396-04:00,2.017848014831543,True,31
2026-08-05 15:20:02.182914-04:00,0.9145479202270508,True,31
2026-08-05 15:20:22.196436-04:00,0.9312849044799805,True,31
2026-08-05 15:20:42.217649-04:00,0.8346800804138184,True,31
2026-08-05 15:21:02.234961-04:00,1.8673479557037354,True,31
2026-08-05 15:21:25.364166-04:00,1.1685941219329834,True,31
2026-08-05 15:21:45.382559-04:00,0.8541831970214844,True,31
2026-08-05 15:22:05.398956-04:00,0.8758571147918701,True,31
2026-08-05 15:22:25.419661-04:00,0.9688048362731934,True,31
2026-08-05 15:22:45.441375-04:00,0.8683090209960938,True,31
2026-08-05 15:23:05.461407-04:00,1.1485729217529297,True,31
2026-08-05 15:23:25.485445-04:00,1.2417731285095215,True,31
2026-08-05 15:23:45.508687-04:00,0.8159959316253662,True,31
2026-08-05 15:24:05.529194-04:00,0.8477070331573486,True,31
2026-08-05 15:24:25.550710-04:00,0.873615026473999,True,31
2026-08-05 15:24:45.571431-04:00,0.8802411556243896,True,31
2026-08-05 15:25:05.591423-04:00,1.41001296043396,True,31
2026-08-05 15:25:25.614652-04:00,0.8099808692932129,True,31
2026-08-05 15:25:45.635321-04:00,0.8544278144836426,True,31
2026-08-05 15:26:05.655501-04:00,1.289383888244629,True,31
2026-08-05 15:26:25.676050-04:00,1.056645154953003,True,31
2026-08-05 15:26:48.842938-04:00,0.8587088584899902,True,31
2026-08-05 15:27:08.863119-04:00,1.0547778606414795,True,31
2026-08-05 15:27:28.885381-04:00,0.8547232151031494,True,31
2026-08-05 15:27:48.905727-04:00,1.5680358409881592,True,31
2026-08-05 15:28:08.929594-04:00,1.1185657978057861,True,31
2026-08-05 15:28:28.953767-04:00,0.8181219100952148,True,31
2026-08-05 15:28:48.974195-04:00,1.190506935119629,True,31
2026-08-05 15:29:08.995930-04:00,0.9786880016326904,True,31
2026-08-05 15:29:29.026050-04:00,1.0276851654052734,True,31
2026-08-05 15:29:49.052833-04:00,0.8721017837524414,True,31
2026-08-05 15:30:09.072710-04:00,1.1128308773040771,True,31
2026-08-05 15:30:29.097742-04:00,1.070321798324585,True,31
2026-08-05 15:30:49.115518-04:00,0.8849191665649414,True,31
2026-08-05 15:31:09.135531-04:00,0.8933589458465576,True,31
2026-08-05 15:31:29.155567-04:00,1.7051191329956055,True,31
2026-08-05 15:31:52.407403-04:00,0.9629611968994141,True,31
2026-08-05 15:32:12.427735-04:00,1.0116238594055176,True,31
2026-08-05 15:32:32.450937-04:00,1.1516821384429932,True,31
2026-08-05 15:32:52.474104-04:00,0.7949869632720947,True,31
2026-08-05 15:33:12.494479-04:00,1.1029369831085205,True,31
2026-08-05 15:33:32.517925-04:00,0.8284471035003662,True,31
2026-08-05 15:33:52.538550-04:00,1.9960110187530518,True,31
2026-08-05 15:34:12.562475-04:00,0.8274898529052734,True,31
2026-08-05 15:34:32.583002-04:00,1.281317949295044,True,31
2026-08-05 15:34:52.608130-04:00,1.313080072402954,True,31
2026-08-05 15:35:12.632181-04:00,0.9115421772003174,True,31
2026-08-05 15:35:32.652627-04:00,0.8447411060333252,True,31
2026-08-05 15:35:52.672844-04:00,0.8934099674224854,True,31
2026-08-05 15:36:12.693115-04:00,0.8354089260101318,True,31
2026-08-05 15:36:32.713233-04:00,0.8586070537567139,True,31
2026-08-05 15:36:52.735445-04:00,1.0724780559539795,True,31
2026-08-05 15:37:15.998881-04:00,0.9285588264465332,True,31
2026-08-05 15:37:36.018899-04:00,0.8798079490661621,True,31
2026-08-05 15:37:56.039394-04:00,0.873175859451294,True,31
2026-08-05 15:38:16.054309-04:00,1.0529499053955078,True,31
2026-08-05 15:38:36.078343-04:00,1.2521252632141113,True,31
2026-08-05 15:38:56.101836-04:00,0.853736162185669,True,31
2026-08-05 15:39:16.122304-04:00,0.9395661354064941,True,31
2026-08-05 15:39:36.143398-04:00,0.8156399726867676,True,31
2026-08-05 15:39:56.160044-04:00,0.8991689682006836,True,31
2026-08-05 15:40:16.180042-04:00,1.1497399806976318,True,31
2026-08-05 15:40:36.202164-04:00,0.9057772159576416,True,31
2026-08-05 15:40:56.222862-04:00,0.8824617862701416,True,31
2026-08-05 15:41:16.243554-04:00,0.8472771644592285,True,31
2026-08-05 15:41:36.260625-04:00,0.8472070693969727,True,31
2026-08-05 15:41:56.278272-04:00,1.1571011543273926,True,31
2026-08-05 15:42:19.593511-04:00,0.8933389186859131,True,31
2026-08-05 15:42:39.614010-04:00,0.9207539558410645,True,31
2026-08-05 15:42:59.634147-04:00,0.9274060726165771,True,32
2026-08-05 15:43:19.655415-04:00,1.366213083267212,True,31
2026-08-05 15:43:39.678836-04:00,0.9166910648345947,True,31
2026-08-05 15:43:59.699068-04:00,1.1591088771820068,True,31
2026-08-05 15:44:19.721229-04:00,1.6094989776611328,True,31
2026-08-05 15:44:39.745643-04:00,0.9477031230926514,True,31
2026-08-05 15:44:59.765648-04:00,0.7344379425048828,True,31
2026-08-05 15:45:19.788105-04:00,0.9103779792785645,True,31
2026-08-05 15:45:39.809991-04:00,0.8725616931915283,True,31
2026-08-05 15:45:59.830218-04:00,1.3369038105010986,True,31
2026-08-05 15:46:19.855425-04:00,0.931725025177002,True,31
2026-08-05 15:46:39.876006-04:00,1.052344799041748,True,31
2026-08-05 15:46:59.898526-04:00,1.0371918678283691,True,31
2026-08-05 15:47:23.274217-04:00,1.1180942058563232,True,31
2026-08-05 15:47:43.292735-04:00,1.4249131679534912,True,31
2026-08-05 15:48:03.313261-04:00,0.8195137977600098,True,31
2026-08-05 15:48:23.329407-04:00,0.8731389045715332,True,31
2026-08-05 15:48:43.348136-04:00,0.8661260604858398,True,31
2026-08-05 15:49:03.368661-04:00,2.307265043258667,True,31
2026-08-05 15:49:23.392016-04:00,0.8824520111083984,True,31
2026-08-05 15:49:43.408260-04:00,1.136106014251709,True,31
2026-08-05 15:50:03.430971-04:00,0.9002659320831299,True,31
2026-08-05 15:50:23.451002-04:00,0.9134049415588379,True,31
2026-08-05 15:50:43.471335-04:00,0.9206738471984863,True,31
2026-08-05 15:51:03.491774-04:00,0.8740360736846924,True,31
2026-08-05 15:51:23.512207-04:00,0.8608040809631348,True,31
2026-08-05 15:51:43.532392-04:00,1.181962251663208,True,31
2026-08-05 15:52:03.557871-04:00,1.0742268562316895,True,31
2026-08-05 15:52:26.911583-04:00,0.9387898445129395,True,31
2026-08-05 15:52:46.925745-04:00,0.94600510597229,True,31
2026-08-05 15:53:06.944379-04:00,0.9288671016693115,True,31
2026-08-05 15:53:26.963907-04:00,0.9221749305725098,True,31
2026-08-05 15:53:46.983781-04:00,1.1154839992523193,True,31
2026-08-05 15:54:07.006210-04:00,0.8662958145141602,True,31
2026-08-05 15:54:27.021870-04:00,0.8885581493377686,True,31
2026-08-05 15:54:47.039490-04:00,0.9098150730133057,True,31
