ticker,bar,observed_at,age_s,volume,open,close
ZENA,2026-08-07 15:42:00-04:00,2026-08-07 15:47:45.274548-04:00,285.274548,135486.0,1.6200000047683716,1.6201000213623047
ZENA,2026-08-07 15:43:00-04:00,2026-08-07 15:47:45.274548-04:00,225.274548,63510.0,1.6200000047683716,1.6198999881744385
ZENA,2026-08-07 15:44:00-04:00,2026-08-07 15:47:45.274548-04:00,165.274548,83814.0,1.6150000095367432,1.6399999856948853
ZENA,2026-08-07 15:45:00-04:00,2026-08-07 15:47:45.274548-04:00,105.274548,117559.0,1.6299999952316284,1.6349999904632568
ZENA,2026-08-07 15:46:00-04:00,2026-08-07 15:47:45.274548-04:00,45.274548,53102.0,1.6349999904632568,1.6399999856948853
ZENA,2026-08-07 15:47:00-04:00,2026-08-07 15:47:45.274548-04:00,-14.725452,0.0,1.6150000095367432,1.6150000095367432
ZCMD,2026-08-07 15:42:00-04:00,2026-08-07 15:47:45.274548-04:00,285.274548,1467.0,1.100000023841858,1.100000023841858
ZCMD,2026-08-07 15:43:00-04:00,2026-08-07 15:47:45.274548-04:00,225.274548,1302.0,1.100000023841858,1.090000033378601
ZCMD,2026-08-07 15:44:00-04:00,2026-08-07 15:47:45.274548-04:00,165.274548,318.0,1.090000033378601,1.090000033378601
ZCMD,2026-08-07 15:45:00-04:00,2026-08-07 15:47:45.274548-04:00,105.274548,2173.0,1.0950000286102295,1.090000033378601
ZCMD,2026-08-07 15:46:00-04:00,2026-08-07 15:47:45.274548-04:00,45.274548,770.0,1.090000033378601,1.0996999740600586
ZCMD,2026-08-07 15:47:00-04:00,2026-08-07 15:47:45.274548-04:00,-14.725452,0.0,1.090000033378601,1.090000033378601
PFAI,2026-08-07 09:39:00-04:00,2026-08-07 15:47:45.274548-04:00,22065.274548,410.0,2.4749999046325684,2.4749999046325684
PFAI,2026-08-07 09:57:00-04:00,2026-08-07 15:47:45.274548-04:00,20985.274548,300.0,2.3499999046325684,2.3450000286102295
PFAI,2026-08-07 10:19:00-04:00,2026-08-07 15:47:45.274548-04:00,19665.274548,469.0,2.361299991607666,2.361299991607666
PFAI,2026-08-07 14:56:00-04:00,2026-08-07 15:47:45.274548-04:00,3045.274548,236.0,2.4800000190734863,2.4800000190734863
PFAI,2026-08-07 15:40:00-04:00,2026-08-07 15:47:45.274548-04:00,405.274548,776.0,2.4800000190734863,2.365999937057495
PFAI,2026-08-07 15:47:00-04:00,2026-08-07 15:47:45.274548-04:00,-14.725452,0.0,2.599900007247925,2.599900007247925
THRY,2026-08-07 15:42:00-04:00,2026-08-07 15:47:45.274548-04:00,285.274548,24001.0,2.4549999237060547,2.440000057220459
THRY,2026-08-07 15:43:00-04:00,2026-08-07 15:47:45.274548-04:00,225.274548,540.0,2.4549999237060547,2.4549999237060547
THRY,2026-08-07 15:44:00-04:00,2026-08-07 15:47:45.274548-04:00,165.274548,20619.0,2.450000047683716,2.450000047683716
THRY,2026-08-07 15:45:00-04:00,2026-08-07 15:47:45.274548-04:00,105.274548,7486.0,2.4649999141693115,2.4700000286102295
THRY,2026-08-07 15:46:00-04:00,2026-08-07 15:47:45.274548-04:00,45.274548,582.0,2.4649999141693115,2.465100049972534
THRY,2026-08-07 15:47:00-04:00,2026-08-07 15:47:45.274548-04:00,-14.725452,0.0,2.4600000381469727,2.4600000381469727
GEVO,2026-08-07 15:41:00-04:00,2026-08-07 15:47:45.274548-04:00,345.274548,3107.0,1.5700000524520874,1.5700000524520874
GEVO,2026-08-07 15:42:00-04:00,2026-08-07 15:47:45.274548-04:00,285.274548,3801.0,1.5699000358581543,1.565000057220459
GEVO,2026-08-07 15:43:00-04:00,2026-08-07 15:47:45.274548-04:00,225.274548,66889.0,1.565000057220459,1.5708999633789062
GEVO,2026-08-07 15:44:00-04:00,2026-08-07 15:47:45.274548-04:00,165.274548,4648.0,1.5750000476837158,1.5750000476837158
GEVO,2026-08-07 15:45:00-04:00,2026-08-07 15:47:45.274548-04:00,105.274548,70720.0,1.5750000476837158,1.565000057220459
GEVO,2026-08-07 15:47:00-04:00,2026-08-07 15:47:45.274548-04:00,-14.725452,0.0,1.559999942779541,1.559999942779541
AQB,2026-08-07 15:42:00-04:00,2026-08-07 15:47:45.274548-04:00,285.274548,3247.0,1.159999966621399,1.1801999807357788
AQB,2026-08-07 15:43:00-04:00,2026-08-07 15:47:45.274548-04:00,225.274548,19612.0,1.1800999641418457,1.1749999523162842
AQB,2026-08-07 15:44:00-04:00,2026-08-07 15:47:45.274548-04:00,165.274548,3769.0,1.1699999570846558,1.1700999736785889
AQB,2026-08-07 15:45:00-04:00,2026-08-07 15:47:45.274548-04:00,105.274548,6839.0,1.1720000505447388,1.1700999736785889
AQB,2026-08-07 15:46:00-04:00,2026-08-07 15:47:45.274548-04:00,45.274548,5645.0,1.1799999475479126,1.1799999475479126
AQB,2026-08-07 15:47:00-04:00,2026-08-07 15:47:45.274548-04:00,-14.725452,0.0,1.1799999475479126,1.1799999475479126
EXFY,2026-08-07 15:41:00-04:00,2026-08-07 15:47:45.274548-04:00,345.274548,13723.0,2.7750000953674316,2.759999990463257
EXFY,2026-08-07 15:42:00-04:00,2026-08-07 15:47:45.274548-04:00,285.274548,126836.0,2.765000104904175,2.7200000286102295
EXFY,2026-08-07 15:43:00-04:00,2026-08-07 15:47:45.274548-04:00,225.274548,30053.0,2.7202000617980957,2.744999885559082
EXFY,2026-08-07 15:44:00-04:00,2026-08-07 15:47:45.274548-04:00,165.274548,9938.0,2.744999885559082,2.744999885559082
EXFY,2026-08-07 15:46:00-04:00,2026-08-07 15:47:45.274548-04:00,45.274548,9760.0,2.744999885559082,2.744499921798706
EXFY,2026-08-07 15:47:00-04:00,2026-08-07 15:47:45.274548-04:00,-14.725452,0.0,2.7100000381469727,2.7100000381469727
DFSC,2026-08-07 13:00:00-04:00,2026-08-07 15:47:45.274548-04:00,10005.274548,1857.0,1.2400000095367432,1.2300000190734863
DFSC,2026-08-07 13:48:00-04:00,2026-08-07 15:47:45.274548-04:00,7125.274548,1138.0,1.3200000524520874,1.2309999465942383
DFSC,2026-08-07 14:14:00-04:00,2026-08-07 15:47:45.274548-04:00,5565.274548,4365.0,1.319700002670288,1.2339999675750732
DFSC,2026-08-07 14:28:00-04:00,2026-08-07 15:47:45.274548-04:00,4725.274548,415.0,1.2599999904632568,1.2599999904632568
DFSC,2026-08-07 15:38:00-04:00,2026-08-07 15:47:45.274548-04:00,525.274548,200.0,1.2400000095367432,1.2400000095367432
DFSC,2026-08-07 15:44:00-04:00,2026-08-07 15:47:45.274548-04:00,165.274548,0.0,1.2300000190734863,1.2300000190734863
EXYN,2026-08-07 13:58:00-04:00,2026-08-07 15:47:45.274548-04:00,6525.274548,265.0,1.920799970626831,1.920799970626831
EXYN,2026-08-07 14:08:00-04:00,2026-08-07 15:47:45.274548-04:00,5925.274548,527.0,1.9199999570846558,1.9199999570846558
EXYN,2026-08-07 14:32:00-04:00,2026-08-07 15:47:45.274548-04:00,4485.274548,2903.0,1.9500000476837158,1.9500000476837158
EXYN,2026-08-07 14:40:00-04:00,2026-08-07 15:47:45.274548-04:00,4005.274548,1467.0,1.940000057220459,1.940000057220459
EXYN,2026-08-07 14:51:00-04:00,2026-08-07 15:47:45.274548-04:00,3345.274548,1386.0,1.9299999475479126,1.9299999475479126
EXYN,2026-08-07 15:32:00-04:00,2026-08-07 15:47:45.274548-04:00,885.274548,0.0,1.9500000476837158,1.9500000476837158
ZYBT,2026-08-07 15:42:00-04:00,2026-08-07 15:47:45.274548-04:00,285.274548,883.0,1.820099949836731,1.8350000381469727
ZYBT,2026-08-07 15:43:00-04:00,2026-08-07 15:47:45.274548-04:00,225.274548,2882.0,1.8489999771118164,1.8319000005722046
ZYBT,2026-08-07 15:44:00-04:00,2026-08-07 15:47:45.274548-04:00,165.274548,3147.0,1.8350000381469727,1.840000033378601
ZYBT,2026-08-07 15:45:00-04:00,2026-08-07 15:47:45.274548-04:00,105.274548,2711.0,1.8380000591278076,1.8350000381469727
ZYBT,2026-08-07 15:46:00-04:00,2026-08-07 15:47:45.274548-04:00,45.274548,6078.0,1.8350000381469727,1.850000023841858
ZYBT,2026-08-07 15:47:00-04:00,2026-08-07 15:47:45.274548-04:00,-14.725452,0.0,1.8350000381469727,1.8350000381469727
REBN,2026-08-07 14:24:00-04:00,2026-08-07 15:47:45.274548-04:00,4965.274548,808.0,1.5399999618530273,1.5399999618530273
REBN,2026-08-07 14:25:00-04:00,2026-08-07 15:47:45.274548-04:00,4905.274548,1000.0,1.524999976158142,1.5199999809265137
REBN,2026-08-07 14:27:00-04:00,2026-08-07 15:47:45.274548-04:00,4785.274548,104.0,1.4900000095367432,1.4900000095367432
REBN,2026-08-07 14:35:00-04:00,2026-08-07 15:47:45.274548-04:00,4305.274548,222.0,1.5,1.5
REBN,2026-08-07 15:08:00-04:00,2026-08-07 15:47:45.274548-04:00,2325.274548,220.0,1.5,1.5
REBN,2026-08-07 15:18:00-04:00,2026-08-07 15:47:45.274548-04:00,1725.274548,0.0,1.5049999952316284,1.5049999952316284
