tp,ratchet,etp,esl,trades,avg_pct,median_pct,win_rate,profit_factor,is_avg,oos_avg,drop_best10,target_rate,stop_rate,close_rate,median_minutes
10,False,,,55,2.051334988795958,9.000000000000002,60.0,1.631229370558446,2.2717510236857312,1.853720612687887,1.1335087032849411,58.18181818181818,21.818181818181817,20.0,33.0
8,True,13.0,2.0,55,1.763415997136349,1.000000000000004,61.81818181818181,1.5505006956087848,1.0926972505007306,2.3647500458441457,0.42013768518166605,38.18181818181819,40.0,21.818181818181817,37.0
8,True,11.0,2.0,55,1.7188253223505026,1.0000000000000102,61.81818181818181,1.536580442232873,1.5275660671472862,1.8902991373602833,0.5151458097288131,45.45454545454545,34.54545454545455,20.0,33.0
8,True,13.0,0.0,55,1.636143269863621,-1.0,45.45454545454545,1.485944976799089,1.131158788962268,2.0888879768786284,0.2772805423245222,40.0,38.18181818181819,21.818181818181817,37.0
8,True,16.0,0.0,55,1.617961451681805,-1.0,38.18181818181819,1.470384341185645,0.9388510966545766,2.226819011361389,-0.049250069920373916,32.72727272727273,45.45454545454545,21.818181818181817,40.0
10,True,13.0,0.0,55,1.6169648408890929,-1.0,45.45454545454545,1.4762502007709304,1.1503892752711242,2.0352739686845136,0.24554980278106694,40.0,36.36363636363637,23.636363636363637,38.0
8,True,16.0,2.0,55,1.5815978153181696,1.0000000000000009,61.81818181818181,1.493740954442904,0.9388510966545776,2.157853494120011,-0.09006639645098523,29.09090909090909,49.09090909090909,21.818181818181817,40.0
6,True,14.0,0.0,55,1.5688993999985175,-1.0,40.0,1.5049722399788708,1.604296756555307,1.5371638389476032,0.09976191288409739,34.54545454545455,45.45454545454545,20.0,33.0
6,True,14.0,0.0,55,1.5688993999985175,-1.0,40.0,1.5049722399788708,1.604296756555307,1.5371638389476032,0.09976191288409739,34.54545454545455,45.45454545454545,20.0,33.0
12,False,,,55,1.5049681084156024,0.27794484990881596,50.90909090909091,1.396735950362242,1.0063822173505825,1.9519761486807925,0.32219896886466626,47.27272727272727,25.454545454545453,27.27272727272727,38.0
8,True,11.0,0.0,55,1.4642798678050475,-0.09214360672830346,49.09090909090909,1.4396487597360754,1.2198737594549773,1.683402585636145,0.22943152401452685,45.45454545454545,34.54545454545455,20.0,33.0
6,True,14.0,3.0,55,1.4251710766902528,1.9999999999999978,63.63636363636363,1.4985587175680504,2.0142045982510224,0.8970720573599084,-0.06156579695170954,27.27272727272727,54.54545454545454,18.181818181818183,26.0
6,True,11.0,0.0,55,1.3715092569403207,-1.0,45.45454545454545,1.4493279582585388,1.869782082625749,0.9247818959809716,0.13354554763531878,41.81818181818181,40.0,18.181818181818183,30.0
6,True,11.0,0.0,55,1.3715092569403207,-1.0,45.45454545454545,1.4493279582585388,1.869782082625749,0.9247818959809716,0.13354554763531878,41.81818181818181,40.0,18.181818181818183,30.0
12,True,24.0,11.0,55,1.3466063221942226,0.27794484990881596,50.90909090909091,1.3549890100740885,0.2977001241074386,2.287004982547892,-0.5089112710064854,5.454545454545454,67.27272727272727,27.27272727272727,40.0
10,True,13.0,4.0,55,1.3406747462610498,3.0000000000000018,60.0,1.412547575519438,1.2525199715330435,1.4197100615344351,-0.06457173200551194,30.909090909090907,49.09090909090909,20.0,37.0
10,True,15.0,4.0,55,1.317038599599349,3.0000000000000018,60.0,1.405274346104846,1.3486741006088028,1.288675736625357,-0.28906152792387924,25.454545454545453,54.54545454545454,20.0,37.0
15,False,,,55,1.3005463993052873,-1.1457712943990095,45.45454545454545,1.3086100030080634,0.7964705984961858,1.752476427616896,-0.2585704615478753,38.18181818181819,29.09090909090909,32.72727272727273,73.0
10,True,15.0,0.0,55,1.2842377851364835,-1.0,38.18181818181819,1.3703185102588875,0.6696203274238073,1.8352741265340553,-0.3258787686475038,32.72727272727273,43.63636363636363,23.636363636363637,39.0
15,True,27.0,12.0,55,1.2803002992717267,-1.1457712943990095,45.45454545454545,1.3038057538128047,0.20687610407536353,2.2426806122063976,-1.4404792559194912,9.090909090909092,58.18181818181818,32.72727272727273,77.0
6,True,9.0,0.0,55,1.2727037260596794,0.27794484990881596,50.90909090909091,1.4245442997330484,1.8373010115319341,0.7665130563259349,0.08588445246136227,49.09090909090909,34.54545454545455,16.363636363636363,19.0
6,True,9.0,0.0,55,1.2727037260596794,0.27794484990881596,50.90909090909091,1.4245442997330484,1.8373010115319341,0.7665130563259349,0.08588445246136227,49.09090909090909,34.54545454545455,16.363636363636363,19.0
12,True,17.0,11.0,55,1.2685502446243504,0.27794484990881596,50.90909090909091,1.3344120610058228,0.5284693548766687,1.9320710423291685,-0.5089112710064854,9.090909090909092,63.63636363636363,27.27272727272727,40.0
6,True,11.0,3.0,55,1.2596496540862088,2.0,63.63636363636363,1.4406553896565992,2.11633529451294,0.4915866661174149,0.03344232759543039,34.54545454545455,49.09090909090909,16.363636363636363,24.0
10,True,30.0,9.0,55,1.2304259478934263,4.837563851096586,60.0,1.3786222147282843,1.0898729189466043,1.356439008328508,-0.027072915629828567,1.8181818181818181,78.18181818181819,20.0,35.0
10,True,13.0,9.0,55,1.2195374618679276,4.837563851096586,60.0,1.3752716492586023,1.5514113804850653,0.9219953279353216,-0.02707291562982842,7.2727272727272725,72.72727272727273,20.0,35.0
12,True,20.0,11.0,55,1.1594593355334424,0.27794484990881596,50.90909090909091,1.3056537868257625,0.2977001241074386,1.9320710423291705,-0.5089112710064854,5.454545454545454,67.27272727272727,27.27272727272727,40.0
12,True,17.0,0.0,55,1.1435923777007702,-1.0,36.36363636363637,1.2903381468165627,-0.20893393618400216,2.3562021763560828,-0.7920504187251156,29.09090909090909,40.0,30.909090909090907,54.0
12,True,15.0,11.0,55,1.1373984786805094,0.27794484990881596,50.90909090909091,1.2998381586005452,0.4601367710738661,1.744598630327844,-0.5089112710064854,9.090909090909092,63.63636363636363,27.27272727272727,40.0
15,True,23.0,12.0,55,1.1212451973410413,-1.1457712943990095,45.45454545454545,1.2660631592298688,0.053029950229209394,2.0789554188895814,-1.4404792559194903,10.909090909090908,56.36363636363636,32.72727272727273,74.0
8,False,,,55,1.1207678630494635,7.0000000000000036,61.81818181818181,1.3498797159754896,1.117904869839578,1.123334684547982,0.2672802591549268,60.0,21.818181818181817,18.181818181818183,26.0
10,True,15.0,9.0,55,1.1104465527770186,4.837563851096586,60.0,1.3417025899605295,1.3206421497158347,0.9219953279353216,-0.027072915629828567,3.6363636363636362,76.36363636363637,20.0,35.0
10,True,15.0,7.0,55,1.106452266580634,4.837563851096586,60.0,1.3404734826838804,1.2718212449641337,0.9581904238919786,-0.5254339425367225,12.727272727272727,67.27272727272727,20.0,37.0
10,True,22.0,9.0,55,1.0849714024388806,4.837563851096586,60.0,1.3338634689975204,1.0898729189466043,1.0805769393629903,-0.027072915629828567,1.8181818181818181,78.18181818181819,20.0,35.0
6,True,11.0,5.0,55,1.044819651524345,3.999999999999999,63.63636363636363,1.3655027484585196,1.8167987196059134,0.3527004870374219,-0.20769338956584477,23.636363636363637,60.0,16.363636363636363,19.0
6,True,9.0,3.0,55,1.0362152500804833,2.0,63.63636363636363,1.3624927243151337,1.8530849926498936,0.30384927398377015,-0.12472063089524593,40.0,43.63636363636363,16.363636363636363,17.0
15,True,23.0,14.0,55,1.025932763969949,-1.1457712943990095,45.45454545454545,1.2434462265582849,0.14395253327554766,1.8166736604545848,-0.9964421913360241,5.454545454545454,61.81818181818181,32.72727272727273,74.0
6,True,14.0,5.0,55,1.0222574032703868,3.999999999999999,63.63636363636363,1.3576099377364068,1.9321833349905284,0.20646174034888035,-0.5138158385454364,16.363636363636363,67.27272727272727,16.363636363636363,19.0
12,True,32.0,11.0,55,1.0193335949214961,0.27794484990881596,50.90909090909091,1.2687141875339076,0.2977001241074386,1.6663153273754785,-0.5089112710064857,1.8181818181818181,70.9090909090909,27.27272727272727,40.0
10,True,18.0,9.0,55,1.0122441297116083,4.837563851096586,60.0,1.3114840961321386,1.0898729189466043,0.9426459048802323,-0.027072915629828567,1.8181818181818181,78.18181818181819,20.0,35.0
15,True,27.0,14.0,55,1.0031696840824522,-1.1457712943990095,45.45454545454545,1.2380447167341788,0.14395253327554766,1.7735023020472624,-0.9964421913360242,3.6363636363636362,63.63636363636363,32.72727272727273,75.0
10,True,13.0,7.0,55,1.0028156859696071,4.837563851096586,60.0,1.3085828095840542,1.2910517312729899,0.7443971625941607,-0.44380128947549813,14.545454545454545,65.45454545454545,20.0,37.0
8,True,11.0,5.0,55,1.0004810903093249,3.9999999999999973,61.81818181818181,1.3123287625002378,1.2488268219541456,0.7778262964208654,-0.26570546348023016,29.09090909090909,52.72727272727272,18.181818181818183,28.0
12,True,15.0,0.0,55,0.9831312630512149,-1.0,38.18181818181819,1.250757377834792,0.13765592356578965,1.7411436363829755,-0.8340336454783991,32.72727272727273,38.18181818181819,29.09090909090909,53.0
12,True,24.0,9.0,55,0.9801195907310539,0.27794484990881596,50.90909090909091,1.258376689262012,-0.390904584762556,2.209313679104635,-1.1039473981590215,7.2727272727272725,65.45454545454545,27.27272727272727,40.0
15,True,27.0,9.0,55,0.9658667915174287,-1.1457712943990095,45.45454545454545,1.2291930173308734,-0.4854315882323302,2.2670308561206607,-2.0995372748273766,10.909090909090908,54.54545454545454,34.54545454545455,77.0
12,True,15.0,9.0,55,0.9517316491734327,0.27794484990881596,50.90909090909091,1.2508931307003976,0.07922436989617854,1.7339795547323507,-0.8479481871592767,14.545454545454545,58.18181818181818,27.27272727272727,40.0
15,True,20.0,14.0,55,0.9478766864000768,-1.1457712943990095,45.45454545454545,1.224924098976752,0.14395253327554766,1.6686362719599999,-0.9964421913360241,5.454545454545454,61.81818181818181,32.72727272727273,74.0
8,True,16.0,7.0,55,0.9398064398210749,4.670543145058473,61.81818181818181,1.293387436486499,1.0622828793664598,0.829999976780385,-0.6267710016007848,9.090909090909092,72.72727272727273,18.181818181818183,34.0
8,True,16.0,5.0,55,0.9342102828739314,3.9999999999999973,61.81818181818181,1.2916404361773597,1.0794433313780356,0.804001342835769,-0.8167258716434971,16.363636363636363,65.45454545454545,18.181818181818183,34.0
8,True,13.0,5.0,55,0.9342102828739296,3.9999999999999973,61.81818181818181,1.2916404361773595,1.2332894852241876,0.6660703083530086,-0.5106034226639067,21.818181818181817,60.0,18.181818181818183,33.0
15,True,18.0,14.0,55,0.9115130500364405,-1.1457712943990095,45.45454545454545,1.2162952780953435,0.14395253327554766,1.5996707547186206,-0.9964421913360241,5.454545454545454,61.81818181818181,32.72727272727273,74.0
15,True,20.0,12.0,55,0.8795527561348058,-1.1457712943990095,45.45454545454545,1.208711337681998,-0.06235466515540626,1.7240214786708585,-1.4404792559194903,10.909090909090908,56.36363636363636,32.72727272727273,74.0
12,True,17.0,9.0,55,0.8548113907720473,0.27794484990881596,50.90909090909091,1.2253432531905617,-0.08321227707024903,1.695798127458244,-1.1039473981590213,10.909090909090908,61.81818181818181,27.27272727272727,40.0
8,True,13.0,7.0,55,0.8307155307301648,4.670543145058473,61.81818181818181,1.2593315917869699,1.0622828793664587,0.6231034250562465,-0.6267710016007848,10.909090909090908,70.9090909090909,18.181818181818183,33.0
8,True,11.0,7.0,55,0.8016968171843266,4.670543145058473,61.81818181818181,1.2502725711029126,1.0008971391733377,0.6231034250562485,-0.4635056954783358,14.545454545454545,67.27272727272727,18.181818181818183,27.0
15,True,23.0,9.0,55,0.7886298714049249,-1.1457712943990095,45.45454545454545,1.1871360123072334,-0.6392777420784843,2.068822904183154,-1.8138229891130908,12.727272727272727,52.72727272727272,34.54545454545455,74.0
12,True,15.0,6.0,55,0.7812531818752544,0.27794484990881596,50.90909090909091,1.2059520210771206,-0.15154486087305272,1.6175548753737368,-1.0433832948947164,21.818181818181817,50.90909090909091,27.27272727272727,41.0
6,True,9.0,5.0,55,0.76452259398077,4.0,63.63636363636363,1.2674481753390883,1.2879531439888696,0.29524003190454334,-0.40487635989927656,25.454545454545453,58.18181818181818,16.363636363636363,16.0
15,True,18.0,12.0,55,0.7340982106802598,-1.1457712943990095,45.45454545454545,1.1741960541563645,-0.1392777420784834,1.5171249269467195,-1.4404792559194903,10.909090909090908,56.36363636363636,32.72727272727273,74.0
12,True,32.0,9.0,55,0.7255741361855998,0.27794484990881596,50.90909090909091,1.1912740495085379,-0.390904584762556,1.726555058414981,-1.1039473981590218,3.6363636363636362,69.0909090909091,27.27272727272727,40.0
12,True,20.0,9.0,55,0.7202453313430006,0.27794484990881596,50.90909090909091,1.1898692832269793,-0.390904584762556,1.7164487044031547,-1.1039473981590215,7.2727272727272725,65.45454545454545,27.27272727272727,40.0
6,True,18.0,3.0,55,0.7012213080571978,1.9999999999999964,63.63636363636363,1.2453038809125154,1.690508290319472,-0.18572564155725446,-1.2945475113643687,14.545454545454545,65.45454545454545,20.0,28.0
10,True,22.0,0.0,55,0.6925294609914883,-1.0,27.27272727272727,1.1936052211813584,-0.36664205292577523,1.642131507951794,-1.794099584601391,18.181818181818183,54.54545454545454,27.27272727272727,53.0
10,True,18.0,4.0,55,0.6526029680480137,2.9999999999999982,60.0,1.2008166208812694,1.2739501817976797,0.09553305227245065,-1.3491191174971269,14.545454545454545,63.63636363636363,21.818181818181817,40.0
8,True,20.0,2.0,55,0.6115962763821752,0.9999999999999944,61.81818181818181,1.1909272549000798,0.17158380951867352,1.0060902121908322,-1.6400449958975583,16.363636363636363,60.0,23.636363636363637,43.0
6,True,26.0,3.0,55,0.6103122171481085,1.9999999999999964,63.63636363636363,1.2135017200911142,1.152046751857936,0.12461918602895335,-2.0916327789339757,9.090909090909092,70.9090909090909,20.0,32.0
15,True,35.0,9.0,55,0.5606882971674023,-1.1457712943990095,45.45454545454545,1.133047169380383,-1.1777392805400226,2.119278539249922,-2.250600924618138,5.454545454545454,58.18181818181818,36.36363636363637,79.0
15,True,20.0,9.0,55,0.557807996748738,-1.1457712943990095,45.45454545454545,1.1323636954794571,-0.7546623574631,1.7345055556972828,-1.8016213327814037,14.545454545454545,52.72727272727272,32.72727272727273,74.0
12,True,17.0,6.0,55,0.537859451658763,0.27794484990881596,50.90909090909091,1.1417891711604469,-0.6985968924548648,1.6464065187951198,-1.4719547234661434,16.363636363636363,56.36363636363636,27.27272727272727,53.0
15,True,35.0,14.0,55,0.53044241135518,-1.1457712943990095,45.45454545454545,1.12587004527587,0.14395253327554766,0.8769505779093328,-0.9964421913360242,0.0,67.27272727272727,32.72727272727273,75.0
6,False,,,55,0.5091131292086823,5.000000000000001,65.45454545454545,1.1784885838907793,1.1917122898163721,-0.10287232512924668,-0.23676898253040313,63.63636363636363,20.0,16.363636363636363,14.0
15,True,18.0,9.0,55,0.5032625422032825,-1.1457712943990095,45.45454545454545,1.1194204641573444,-0.4854315882323318,1.3896779694903854,-1.6995805164548738,16.363636363636363,50.90909090909091,32.72727272727273,74.0
8,True,28.0,7.0,55,0.4779676531193016,4.670543145058473,61.81818181818181,1.149211261521934,0.369975187058769,0.5747884847597793,-0.6267710016007848,1.8181818181818181,80.0,18.181818181818183,34.0
10,True,30.0,7.0,55,0.4591588511945583,4.837563851096586,60.0,1.141290698110697,0.34874432188721294,0.5581511878149364,-0.6886992486591709,1.8181818181818181,78.18181818181819,20.0,40.0
15,True,35.0,12.0,55,0.420576350376246,-1.1457712943990095,45.45454545454545,1.0997996448447096,-0.3700469728477135,1.129411053956347,-1.4404792559194914,1.8181818181818181,63.63636363636363,34.54545454545455,79.0
6,True,26.0,5.0,55,0.37964003676699,3.999999999999999,63.63636363636363,1.1328071085385734,0.47284403156402044,0.29607783453516984,-1.0648362467087018,3.6363636363636362,78.18181818181819,18.181818181818183,19.0
8,True,20.0,0.0,55,0.35716230167565804,-1.0,27.27272727272727,1.1006445567974643,-0.5974112836950071,1.2129868954562544,-1.9256341511803838,18.181818181818183,56.36363636363636,25.454545454545453,46.0
8,True,20.0,7.0,55,0.33251310766475617,4.670543145058473,61.81818181818181,1.1038034685892288,0.369975187058769,0.29892641579426205,-0.6267710016007848,1.8181818181818181,80.0,18.181818181818183,34.0
6,True,18.0,5.0,55,0.32509458222153464,3.999999999999999,63.63636363636363,1.1137258120457318,0.9728440315640193,-0.25564630339586536,-1.0648362467087018,5.454545454545454,76.36363636363637,18.181818181818183,19.0
10,True,22.0,7.0,55,0.31370430574001257,4.837563851096586,60.0,1.096531952379933,0.34874432188721294,0.2822891188494186,-0.6886992486591709,1.8181818181818181,78.18181818181819,20.0,40.0
10,True,18.0,0.0,55,0.2925294609914873,-1.0,29.09090909090909,1.0821980567856504,-0.13587282215654625,0.6766142665724828,-1.753283258070779,20.0,52.72727272727272,27.27272727272727,46.0
12,True,24.0,6.0,55,0.2598221967948832,0.27794484990881596,50.90909090909091,1.0684936814236845,-0.8524430463010181,1.2570255181912087,-2.157342432169009,9.090909090909092,63.63636363636363,27.27272727272727,53.0
10,True,22.0,4.0,55,0.2526029680480152,2.9999999999999982,60.0,1.0777300701216692,0.5047194125669127,0.02656753503107257,-2.0849798952708154,9.090909090909092,69.0909090909091,21.818181818181817,41.0
10,True,18.0,7.0,55,0.24097703301274007,4.837563851096586,60.0,1.0741525795145512,0.34874432188721294,0.14435808436666053,-0.6886992486591709,1.8181818181818181,78.18181818181819,20.0,40.0
12,True,24.0,0.0,55,0.1670823889057823,-1.0,25.454545454545453,1.041276108072058,-0.7089339361840009,0.9524763355380019,-2.6287850736771836,16.363636363636363,50.90909090909091,32.72727272727273,74.0
8,True,28.0,5.0,55,0.07341109818871894,3.9999999999999973,61.81818181818181,1.0229173721254212,-0.3414344335869314,0.4453415749530953,-1.4901952593985979,3.6363636363636362,76.36363636363637,20.0,34.0
8,True,20.0,5.0,55,0.055229280006899854,3.9999999999999973,61.81818181818181,1.0172413980088328,0.2354886433361449,-0.10638256297794016,-1.4901952593985979,5.454545454545454,74.54545454545455,20.0,34.0
10,True,30.0,4.0,55,0.03442114986619758,2.9999999999999982,60.0,1.010591951525524,-0.8798959720484713,0.8541537419276255,-2.0849798952708154,5.454545454545454,72.72727272727273,21.818181818181817,41.0
8,True,28.0,2.0,55,0.029778094563994145,0.9999999999999944,61.81818181818181,1.00929608316926,-0.9053392674044021,0.868159177708074,-2.947334345099819,9.090909090909092,67.27272727272727,23.636363636363637,43.0
15,True,20.0,0.0,55,0.024474773270601186,-1.1457712943990095,30.909090909090907,1.0056139160491642,-1.0474840895457052,0.985541339933497,-2.4002606652568637,20.0,43.63636363636363,36.36363636363637,93.0
15,True,18.0,0.0,55,0.02447477327060015,-1.1457712943990095,32.72727272727273,1.0056374267436787,-0.5859456280072448,0.5717482364852202,-2.236995359134415,21.818181818181817,41.81818181818181,36.36363636363637,83.0
15,True,23.0,0.0,55,0.0007511933813342415,-1.1457712943990095,29.09090909090909,1.000171589830598,-0.7013302433918577,0.6302035160055756,-2.6981766073028357,16.363636363636363,45.45454545454545,38.18181818181819,93.0
6,True,18.0,0.0,55,-0.01917247728036412,-1.0,25.454545454545453,0.9941050510897707,0.5295728377441785,-0.5111510355782295,-2.1031527806208157,16.363636363636363,60.0,23.636363636363637,37.0
6,True,18.0,0.0,55,-0.01917247728036412,-1.0,25.454545454545453,0.9941050510897707,0.5295728377441785,-0.5111510355782295,-2.1031527806208157,16.363636363636363,60.0,23.636363636363637,37.0
12,True,20.0,6.0,55,-0.07277933532044333,0.27794484990881596,50.90909090909091,0.9808140926019447,-1.0062892001471726,0.7641605434897281,-2.157342432169009,9.090909090909092,63.63636363636363,27.27272727272727,53.0
12,True,20.0,0.0,55,-0.09279187048227193,-1.0,27.27272727272727,0.9769732267415799,-1.1704723977224636,0.873404464284797,-2.465519767554735,18.181818181818183,49.09090909090909,32.72727272727273,71.0
6,True,26.0,0.0,55,-0.1282633863712711,-1.0,20.0,0.9612134330568551,-0.2396579314865882,-0.028392414888573164,-3.2051935969473453,10.909090909090908,65.45454545454545,23.636363636363637,37.0
6,True,26.0,0.0,55,-0.1282633863712711,-1.0,20.0,0.9612134330568551,-0.2396579314865882,-0.028392414888573164,-3.2051935969473453,10.909090909090908,65.45454545454545,23.636363636363637,37.0
8,True,28.0,0.0,55,-0.22465588014252294,-1.0,20.0,0.93796566817531,-1.828180514464236,1.2129868954562544,-3.5582872124048732,10.909090909090908,63.63636363636363,25.454545454545453,51.0
12,True,32.0,6.0,55,-0.43108689411420714,0.27794484990881596,50.90909090909091,0.8863579449499689,-1.5447507386087103,0.5673703457774169,-2.157342432169009,3.6363636363636362,69.0909090909091,27.27272727272727,53.0
10,True,30.0,0.0,55,-0.580197811735783,-1.0,18.181818181818183,0.8418186306029697,-2.9051035913873133,1.5042004734690364,-3.8360828113546708,9.090909090909092,63.63636363636363,27.27272727272727,54.0
15,True,27.0,0.0,55,-0.8220118865061622,-1.1457712943990095,23.636363636363637,0.8145442690964995,-2.3167148587764728,0.5180666403568749,-4.106339872608958,10.909090909090908,50.90909090909091,38.18181818181819,93.0
15,True,35.0,0.0,55,-1.554463108128916,-1.1457712943990095,20.0,0.6521482977377494,-3.3551763972380115,0.059969495899928685,-4.687141851193817,5.454545454545454,54.54545454545454,40.0,94.0
12,True,32.0,0.0,55,-1.7108233781715168,-1.0,16.363636363636363,0.5866407417832287,-3.47816470541477,-0.12631046409135926,-4.507503033233498,5.454545454545454,60.0,34.54545454545455,79.0
