min_gain_from_open_pct,min_volume_mult,take_profit_pct,stop_loss_pct,rr_ratio,sessions_scanned,entries_triggered,num_trades,win_rate_pct,avg_profit_pct,median_profit_pct,total_return_pct,tp_hit_pct,sl_hit_pct,eod_exit_pct,avg_win_pct,avg_loss_pct,profit_factor,expectancy_r,median_minutes_held,ambiguous_excluded
2.0,3.0,10.0,10.0,1.0,2106,356,356,51.40449438202247,0.5313664986191243,0.41253946123988106,189.16647350840827,37.07865168539326,28.932584269662918,33.98876404494382,7.724706797617785,-7.077773817662696,1.154490359810497,0.07507537148094375,17.5,0
2.0,3.0,15.0,10.0,1.5,2106,356,356,44.9438202247191,0.4870499548720938,-0.9279174006710871,173.38978393446538,26.685393258426966,34.55056179775281,38.764044943820224,10.042578881847543,-7.313381822250721,1.1209620632791506,0.06659709101885812,25.0,0
2.0,3.0,15.0,8.0,1.875,2106,356,356,41.57303370786517,0.44045474356251907,-1.9680849322522769,156.8018887082568,24.15730337078652,40.73033707865169,35.1123595505618,9.867188827332345,-6.267029123735242,1.120289090618587,0.07028126642883727,15.0,0
2.0,3.0,15.0,5.0,3.0,2106,356,356,33.98876404494382,0.3537452188264371,-4.999999999999998,125.93329790221162,19.101123595505616,53.93258426966292,26.96629213483146,9.534215703291977,-4.373220434877097,1.1225381574132849,0.08088895222506172,5.0,0
2.0,3.0,20.0,10.0,2.0,2106,356,356,40.168539325842694,0.27719557937508027,-2.0385029896755196,98.68162625752858,19.9438202247191,38.48314606741573,41.57303370786517,11.710100005263689,-7.398416312183938,1.0626207015716904,0.03746688043474738,35.0,0
2.0,3.0,10.0,8.0,1.25,2106,356,356,46.62921348314607,0.22781123773869463,-0.6611297186925678,81.10080063497529,32.58426966292135,36.235955056179776,31.179775280898873,7.542124584257474,-6.16258884395666,1.0692641242081298,0.03696680786388948,10.0,0
2.0,1.5,10.0,10.0,1.0,2106,911,911,48.73765093304062,0.13251023971510265,0.0,120.71682838045851,18.990120746432492,15.367727771679473,65.64215148188804,4.970056657951597,-4.466784427730299,1.0578703278319226,0.0296656894593937,35.0,0
2.0,1.5,20.0,10.0,2.0,2106,911,911,44.12733260153677,0.13113596344650283,-0.2906973923522806,119.46486269976408,9.989023051591657,19.099890230515918,70.91108671789243,6.364237745637767,-4.7916674087359885,1.0489819127149138,0.027367501176609348,55.0,0
2.0,1.5,15.0,10.0,1.5,2106,911,911,45.77387486278815,0.12316846533651786,-0.14943791342567686,112.20647192156777,12.733260153677278,17.45334796926454,69.81339187705817,5.7581898872138755,-4.633519657989106,1.0490207496448294,0.02658205304560455,45.0,0
2.0,2.0,10.0,10.0,1.0,2106,581,581,48.53700516351119,0.11637966091157133,-0.012469204805521108,67.61658298962294,25.47332185886403,20.65404475043029,53.87263339070568,6.177289834277263,-5.5999302684834955,1.040383077499773,0.020782341088523563,30.0,0
2.0,3.0,20.0,8.0,2.5,2106,356,356,36.51685393258427,0.08172396357112377,-3.1914309746595917,29.09373103132006,17.134831460674157,45.2247191011236,37.640449438202246,11.254427893094523,-6.34505263305738,1.0202887715188904,0.012879950458621314,20.0,0
2.0,3.0,20.0,5.0,4.0,2106,356,356,29.49438202247191,0.06104180792058281,-5.0,21.73088361972748,13.202247191011235,58.42696629213483,28.370786516853936,10.756549388722334,-4.413174510741505,1.0196179021169176,0.01383172312175947,10.0,0
2.0,2.0,15.0,10.0,1.5,2106,581,581,44.40619621342513,0.02843781299124005,-0.560233189861349,16.52236934791047,17.728055077452666,24.440619621342513,57.831325301204814,7.424618980657522,-5.879347763658608,1.008700428743907,0.004836899284478409,40.0,0
2.0,5.0,15.0,5.0,3.0,2106,244,244,30.327868852459016,-0.0019330285266229534,-5.0,-0.47165896049600065,19.672131147540984,64.75409836065575,15.573770491803279,10.945591071153228,-4.767325871916675,0.9994180250001684,-0.00040547438512857325,0.0,0
2.0,1.5,20.0,8.0,2.5,2106,911,911,42.15148188803512,-0.031677313750315024,-0.47534312746688273,-28.858032826536984,8.342480790340286,23.161361141602637,68.49615806805708,5.845989987027366,-4.314455764411851,0.9873079993022849,-0.007342134322388468,40.0,0
5.0,3.0,10.0,10.0,1.0,2106,315,315,46.98412698412698,-0.03476857910164899,-0.5952375461590091,-10.952102417019432,35.23809523809524,31.746031746031743,33.01587301587301,7.999355594093044,-7.15483072061551,0.9908339618140849,-0.004859455165231071,15.0,0
2.0,1.5,15.0,8.0,1.875,2106,911,911,43.578485181119646,-0.04074250670113398,-0.335570147625903,-37.11642360473306,10.867178924259056,21.734357848518112,67.39846322722283,5.3717928570284945,-4.221241610593474,0.9828934357407967,-0.009651782688507589,35.0,0
2.0,1.5,15.0,5.0,3.0,2106,911,911,39.736553238199775,-0.04174501136440236,-0.6941229109430626,-38.02970535297055,8.45225027442371,32.38199780461032,59.16575192096597,4.895809687924321,-3.2974732465966756,0.9789927436336594,-0.012659696756444473,25.0,0
5.0,3.0,15.0,10.0,1.5,2106,315,315,40.0,-0.04309057586370296,-1.928135582567134,-13.573531397066432,26.031746031746035,37.142857142857146,36.82539682539683,10.770322448321608,-7.252032591987242,0.9900968969004834,-0.005941861859710016,25.0,0
2.0,2.0,15.0,5.0,3.0,2106,581,581,37.005163511187604,-0.047595515475354594,-1.7355006067919434,-27.65299449118102,12.048192771084338,43.20137693631669,44.75043029259897,6.467128383383741,-3.874550811253239,0.9804997705700789,-0.012284137644322088,15.0,0
2.0,1.5,10.0,8.0,1.25,2106,911,911,46.212952799121844,-0.05023716297775733,-0.10591026378259537,-45.76605547273692,16.575192096597146,19.978046103183313,63.44676180021954,4.7101704253580525,-4.140301641935668,0.9774412298216026,-0.012133696363792112,30.0,0
2.0,2.0,20.0,10.0,2.0,2106,581,581,41.65232358003442,-0.05456133360466067,-0.871469442325595,-31.700134824307852,13.59724612736661,27.19449225473322,59.20826161790017,8.377393358832323,-6.073832824960856,0.9846043305947918,-0.008983015367238445,45.0,0
2.0,5.0,20.0,5.0,4.0,2106,244,244,26.639344262295083,-0.05685360039844272,-5.000000000000001,-13.872278497220023,15.163934426229508,68.44262295081968,16.39344262295082,12.947278765055614,-4.77902457109405,0.9837835605568858,-0.011896486312776452,0.0,0
2.0,3.0,10.0,5.0,2.0,2106,356,356,37.07865168539326,-0.06224189435107207,-4.9999999999999964,-22.15811438898166,24.43820224719101,50.84269662921348,24.719101123595504,7.201126422781332,-4.342441081232667,0.9772201506775172,-0.014333388337742002,5.0,0
2.0,1.5,5.0,10.0,0.5,2106,911,911,54.4456641053787,-0.06433467510525373,0.3320680801272612,-58.60888902088615,31.06476399560922,12.184412733260155,56.75082327113062,3.367920964921109,-4.1665004521006175,0.9661043505867513,-0.015440937987374566,20.0,0
2.0,1.5,10.0,5.0,2.0,2106,911,911,41.602634467618,-0.10063438411987001,-0.5602254253141765,-91.67792393320158,13.172338090010976,30.954994511525797,55.87266739846323,4.350290546706155,-3.271500077321118,0.9473247988343072,-0.030760929769647113,20.0,0
2.0,1.5,20.0,5.0,4.0,2106,911,911,38.199780461031835,-0.1162298927921619,-0.8064508376086847,-105.8854323336595,5.92755214050494,33.91877058177827,60.1536772777168,5.09892925301125,-3.3398096134663855,0.9436873313650685,-0.03480135284463925,25.0,0
2.0,5.0,10.0,10.0,1.0,2106,244,244,48.36065573770492,-0.12037894031661092,-0.5691336571562692,-29.372461437253065,39.34426229508197,38.114754098360656,22.540983606557376,8.57126190699778,-8.260169575103104,0.9717784518596129,-0.014573422400363778,10.0,0
5.0,3.0,15.0,8.0,1.875,2106,315,315,36.507936507936506,-0.12488278278599234,-3.22580792836442,-39.338076577587586,23.174603174603174,44.761904761904766,32.06349206349206,10.606756562304193,-6.29557540621285,0.9687573620841976,-0.019836595502096686,15.0,0
2.0,2.0,10.0,8.0,1.25,2106,581,581,45.26678141135972,-0.1385923753407095,-0.48231083574147604,-80.52217007295222,22.203098106712567,27.538726333907054,50.25817555938038,5.901124461088167,-5.133704098550755,0.9506760875894514,-0.026996564796135044,25.0,0
2.0,3.0,5.0,10.0,0.5,2106,356,356,59.55056179775281,-0.14372551559327407,4.999999999999996,-51.16628355120557,50.28089887640449,22.752808988764045,26.96629213483146,4.418312304636838,-6.860058973154273,0.9482043208461426,-0.020951061230773747,5.0,0
2.0,2.0,15.0,8.0,1.875,2106,581,581,41.65232358003442,-0.16085438104607627,-0.952669973932094,-93.45639538777031,15.3184165232358,30.808950086058516,53.87263339070568,7.007073079903035,-5.277781949039248,0.9477654467488953,-0.030477648110369116,30.0,0
2.0,2.0,5.0,10.0,0.5,2106,581,581,56.28227194492255,-0.17522234461973007,0.7318416264450062,-101.80418222406317,39.070567986230635,16.523235800344235,44.40619621342513,3.8534824049965493,-5.361783183692656,0.9252480278869022,-0.03267986388421148,15.0,0
2.0,5.0,20.0,10.0,2.0,2106,244,244,37.295081967213115,-0.1764310127565443,-7.625537776573097,-43.049167112596805,23.36065573770492,48.77049180327869,27.86885245901639,13.83796115963899,-8.511788448625785,0.9669438324261316,-0.020727842781974783,20.0,0
2.0,5.0,20.0,8.0,2.5,2106,244,244,33.60655737704918,-0.1972086086558971,-7.999999999999989,-48.11890051203889,20.491803278688526,56.14754098360656,23.36065573770492,13.529444559195637,-7.145267619543712,0.9584297935514858,-0.02759989116663633,12.5,0
2.0,1.5,5.0,8.0,0.625,2106,911,911,51.591657519209654,-0.21434160090326584,0.1338718763415035,-195.2651984228752,28.210757409440173,16.68496158068057,55.10428100987925,3.2776357417039783,-3.9359501066298077,0.8875041055600669,-0.05445739785731119,20.0,0
5.0,1.5,15.0,10.0,1.5,2106,685,685,42.33576642335766,-0.2310023258798053,-0.5882300692582612,-158.23659322766662,14.16058394160584,22.043795620437955,63.7956204379562,6.695654747484007,-5.316396126577288,0.9246483970233176,-0.04345092434421836,50.0,0
2.0,2.0,20.0,5.0,4.0,2106,581,581,34.251290877796905,-0.2389259808330674,-2.2908321026913465,-138.81599486401217,8.261617900172118,45.955249569707405,45.78313253012048,6.8305005128375536,-3.9216900442897527,0.9073377414818393,-0.06092423881916927,15.0,0
2.0,5.0,15.0,10.0,1.5,2106,244,244,41.39344262295082,-0.2444612605568566,-3.7432612575216284,-59.64854757587301,28.278688524590162,44.67213114754098,27.049180327868854,11.313416683800712,-8.407717710767447,0.9503881166482794,-0.02907581688236087,15.0,0
2.0,2.0,10.0,5.0,2.0,2106,581,581,38.7263339070568,-0.2586435821410105,-1.362095088880893,-150.2719212239271,16.69535283993115,41.480206540447504,41.82444061962134,5.412505225310037,-3.8429370699963075,0.8901589772143045,-0.0673036215347807,10.0,0
2.0,2.0,20.0,8.0,2.5,2106,581,581,39.070567986230635,-0.26106523160066886,-1.257148629318474,-151.6788995599886,11.359724612736661,33.3907056798623,55.24956970740104,7.742243088829588,-5.393130171537585,0.9205523593802991,-0.04840699617792444,35.0,0
2.0,1.5,5.0,5.0,1.0,2106,911,911,46.212952799121844,-0.2716760463879731,-0.11441909775423878,-247.49687825944352,23.380900109769485,27.552140504939626,49.066959385290886,3.1188304135124345,-3.184743841526895,0.8414014768374375,-0.08530546251334319,15.0,0
5.0,3.0,10.0,8.0,1.25,2106,315,315,42.22222222222222,-0.2745424090943273,-1.9102178048166656,-86.4808588647131,31.11111111111111,40.0,28.888888888888886,7.906924842873911,-6.25330693937881,0.924013076791506,-0.04390355563157432,10.0,0
5.0,1.5,10.0,10.0,1.0,2106,685,685,45.69343065693431,-0.2886564813475195,-0.3592273105596882,-197.72968972305083,20.0,19.854014598540147,60.14598540145985,5.584511480138897,-5.230327373673456,0.8983751138289874,-0.055188989278272496,40.0,0
2.0,5.0,15.0,8.0,1.875,2106,244,244,37.295081967213115,-0.2980257417021111,-7.999999999999989,-72.71828097531511,25.0,52.459016393442624,22.540983606557376,11.1298359713271,-7.094989244222754,0.9330114724869228,-0.04200510126844589,10.0,0
5.0,1.5,5.0,10.0,0.5,2106,685,685,53.13868613138686,-0.30556386731120755,0.34455372409337626,-209.31124910817718,35.32846715328467,15.766423357664234,48.9051094890511,3.779282259123555,-4.937601219405456,0.8679399293109369,-0.06188508422071415,20.0,0
5.0,2.0,5.0,10.0,0.5,2106,473,473,56.236786469344615,-0.3182864749355637,1.0344845351840608,-150.54950264452165,42.49471458773784,19.027484143763214,38.47780126849894,4.095852896877557,-5.990562189439381,0.8785936510952185,-0.05313131971097192,10.0,0
2.0,3.0,5.0,8.0,0.625,2106,356,356,54.7752808988764,-0.3215954295304487,0.9224657005303102,-114.48797291283972,45.78651685393258,29.49438202247191,24.719101123595504,4.384889977465107,-6.021997009431898,0.8819153478978623,-0.05340345221473089,5.0,0
2.0,2.0,5.0,8.0,0.625,2106,581,581,52.83993115318416,-0.3341602142169825,0.38095201764787945,-194.14708446006682,35.628227194492254,22.375215146299485,41.996557659208264,3.7787907049963243,-4.942466536109265,0.8566371675959058,-0.06761001046251598,10.0,0
2.0,3.0,20.0,3.0,6.666666666666667,2106,356,356,19.662921348314608,-0.3459260017010859,-3.0000000000000013,-123.14965660558657,7.865168539325842,74.71910112359551,17.415730337078653,9.876667521425285,-2.8479593814872604,0.8488064093492184,-0.12146451383742578,0.0,0
2.0,3.0,15.0,3.0,5.0,2106,356,356,21.629213483146067,-0.3562592231656273,-3.000000000000001,-126.82828344696331,10.674157303370785,72.75280898876404,16.573033707865168,8.65828700855056,-2.8441447423131057,0.8401692943621001,-0.12526058110385985,0.0,0
5.0,2.0,10.0,10.0,1.0,2106,473,473,46.30021141649049,-0.35953103328413666,-0.44616032176381876,-170.05817874339664,25.581395348837212,24.947145877378436,49.471458773784356,6.497022075989147,-6.271283517263858,0.8932402933290378,-0.057329736774681644,30.0,0
5.0,2.0,15.0,10.0,1.5,2106,473,473,41.86046511627907,-0.3761580689722278,-0.9747814158195136,-177.92276662386377,18.6046511627907,28.541226215644823,52.85412262156448,8.01233781304861,-6.415875104027231,0.8991576568836079,-0.05862926925371633,40.0,0
2.0,1.5,20.0,3.0,6.666666666666667,2106,911,911,31.284302963776074,-0.39310417779444395,-2.404807436137263,-358.11790597073843,3.0735455543358947,49.50603732162459,47.42041712403952,4.015936102983339,-2.4004148487555756,0.7616773065213284,-0.16376510001937258,10.0,0
2.0,2.0,5.0,5.0,1.0,2106,581,581,45.61101549053356,-0.39607631598030485,-0.48231083574147604,-230.12033958455712,28.57142857142857,35.28399311531842,36.144578313253014,3.600431021186062,-3.7475777221483026,0.8056801014607158,-0.10568861951534222,5.0,0
2.0,5.0,10.0,8.0,1.25,2106,244,244,43.0327868852459,-0.4041073080474985,-3.3500174117505814,-98.60218316358963,34.01639344262295,47.13114754098361,18.852459016393443,8.394370524054647,-7.050439483376457,0.8993866657715399,-0.05731661253178666,5.0,0
2.0,1.5,10.0,3.0,3.3333333333333335,2106,911,911,33.15038419319429,-0.4059872393193686,-1.917812872120769,-369.85437501994477,7.574094401756312,47.85949506037321,44.56641053787047,3.594154677499092,-2.3896372538992945,0.7458550482065233,-0.16989492386633087,10.0,0
5.0,3.0,5.0,10.0,0.5,2106,315,315,56.507936507936506,-0.40840652386149456,3.341589855360181,-128.6480550163708,49.523809523809526,24.444444444444443,26.031746031746035,4.5583577975933744,-6.861574766335704,0.8631455708189871,-0.05952081523110713,5.0,0
8.0,3.0,10.0,10.0,1.0,2106,275,275,45.09090909090909,-0.41280454590177534,-0.8849619138639415,-113.52125012298822,34.54545454545455,35.63636363636364,29.818181818181817,8.070788035037717,-7.379463354090498,0.89812316663736,-0.05593964304639502,10.0,0
5.0,1.5,15.0,8.0,1.875,2106,685,685,39.70802919708029,-0.4167182111406052,-0.8534910074822735,-285.45197463131456,11.97080291970803,28.32116788321168,59.70802919708029,6.299489955099684,-4.839983637817019,0.8571964162456824,-0.08609909502267613,35.0,0
2.0,1.5,15.0,3.0,5.0,2106,911,911,31.72338090010977,-0.4300924859856335,-2.3102288417082386,-391.8142547329121,4.171240395170143,49.066959385290886,46.76180021953897,3.802233358436256,-2.3965589956929105,0.7371537877070318,-0.17946250718575865,10.0,0
5.0,1.5,20.0,10.0,2.0,2106,685,685,39.70802919708029,-0.43410546313162746,-0.8345644896195165,-297.3622422451648,10.218978102189782,24.525547445255473,65.25547445255474,7.262354828523966,-5.502960667321268,0.8691603533638316,-0.07888580154852194,55.0,0
5.0,3.0,20.0,8.0,2.5,2106,315,315,31.746031746031743,-0.4657452651377468,-5.096461839023051,-146.70975851839023,16.19047619047619,48.888888888888886,34.92063492063492,12.188451600582171,-6.35141822593771,0.8925639997904191,-0.0733293334763804,20.0,0
2.0,3.0,5.0,5.0,1.0,2106,356,356,44.662921348314605,-0.4673120279326949,-1.3548970300581988,-166.36308194403938,35.95505617977528,43.82022471910113,20.224719101123593,4.270937231359314,-4.291584272741981,0.8032235659856746,-0.10889033005848901,0.0,0
5.0,1.5,10.0,8.0,1.25,2106,685,685,42.627737226277375,-0.47648393149422097,-0.6693402316203049,-326.39149307354137,17.37226277372263,26.423357664233578,56.20437956204379,5.358470836644611,-4.811870171434524,0.8274033431009756,-0.09902260753476867,30.0,0
2.0,1.5,5.0,3.0,1.6666666666666667,2106,911,911,36.44346871569704,-0.48522549675568416,-1.235951251595797,-442.04042754442827,15.477497255762898,45.225027442371015,39.29747530186608,2.811347307503127,-2.375488313705469,0.6786113552117156,-0.20426347456906332,5.0,0
5.0,1.5,20.0,8.0,2.5,2106,685,685,37.66423357664234,-0.5238413694060702,-1.1267595039523421,-358.8313380431581,8.613138686131387,30.364963503649633,61.02189781021898,6.791015133237483,-4.943590731659083,0.830011328351869,-0.10596374130474744,45.0,0
2.0,5.0,10.0,5.0,2.0,2106,244,244,32.78688524590164,-0.5359868933931274,-5.0,-130.7808019879231,24.59016393442623,62.295081967213115,13.114754098360656,8.120807452973898,-4.758813403816067,0.8324279926754345,-0.11263036557880636,0.0,0
5.0,1.5,5.0,8.0,0.625,2106,685,685,49.1970802919708,-0.5420812837622113,0.0,-371.32567937711474,31.386861313868614,22.335766423357665,46.277372262773724,3.681479947539982,-4.632139142810599,0.7696468561489231,-0.11702612271558357,15.0,0
5.0,2.0,10.0,8.0,1.25,2106,473,473,42.706131078224104,-0.5518407582817143,-0.9747814158195136,-261.0206786672509,22.41014799154334,33.40380549682875,44.18604651162791,6.293715237297631,-5.654432312182186,0.8296600113213128,-0.0975943698349349,20.0,0
8.0,2.0,10.0,10.0,1.0,2106,395,395,45.56962025316456,-0.5521376542752351,-0.8044502598644507,-218.09437343871787,26.582278481012654,26.83544303797468,46.58227848101266,6.583755109571835,-6.526373456565806,0.8445702745407304,-0.08460098980694422,20.0,0
5.0,3.0,20.0,10.0,2.0,2106,315,315,34.285714285714285,-0.5545761871222978,-3.22580792836442,-174.6914989435238,18.095238095238095,41.58730158730159,40.317460317460316,12.417859110016273,-7.322803298672856,0.8847544785336144,-0.07573277124933919,30.0,0
5.0,2.0,15.0,8.0,1.875,2106,473,473,38.6892177589852,-0.5738664790716184,-1.4916053394501259,-271.4388446008755,15.856236786469344,36.78646934460888,47.35729386892177,7.595221476918708,-5.728842671989653,0.8366169103505834,-0.10017145031359571,30.0,0
2.0,2.0,15.0,3.0,5.0,2106,581,581,26.506024096385545,-0.5845007348632709,-2.999999999999998,-339.5949269555604,5.851979345955249,59.380378657487086,34.76764199655766,5.009509689591253,-2.6020126912239183,0.6943503460736927,-0.2246340830060814,5.0,0
8.0,1.5,10.0,10.0,1.0,2106,519,519,44.50867052023121,-0.6127581950416259,-0.6688634783288708,-318.02150322660384,21.965317919075144,23.699421965317917,54.33526011560693,5.985606279444597,-5.905196367285783,0.8130051463207354,-0.10376593036537227,40.0,0
2.0,2.0,10.0,3.0,3.3333333333333335,2106,581,581,27.882960413080895,-0.6157440765401289,-2.9999999999999973,-357.74730846981487,9.122203098106713,58.003442340791736,32.87435456110155,4.5019266091530765,-2.594413888192394,0.670903630319779,-0.23733455920139873,5.0,0
8.0,1.5,15.0,10.0,1.5,2106,519,519,40.655105973025044,-0.6229245212962453,-1.1985259664873156,-323.2978265527513,15.606936416184972,26.78227360308285,57.61078998073218,7.311095434644799,-6.058243387216896,0.8267371908095918,-0.10282263050220757,45.0,0
5.0,2.0,5.0,8.0,0.625,2106,473,473,51.162790697674424,-0.6348129707454032,0.23146872550599148,-300.26653516257574,37.420718816067655,27.27272727272727,35.30655391120507,4.006185415576157,-5.496811280225135,0.7635256034257222,-0.11548749600139137,10.0,0
2.0,2.0,20.0,3.0,6.666666666666667,2106,581,581,25.301204819277107,-0.6409316286755945,-2.999999999999998,-372.3812762605204,3.9586919104991396,60.58519793459553,35.45611015490533,5.167878523075462,-2.608431841365469,0.6710585416627151,-0.2457153062278514,5.0,0
2.0,5.0,5.0,10.0,0.5,2106,244,244,58.606557377049185,-0.6557267943328248,4.999999999999997,-159.99733781720926,54.50819672131148,30.327868852459016,15.163934426229508,4.713766496265335,-8.258078681021308,0.8081718376894642,-0.07940428030067262,0.0,0
2.0,3.0,10.0,3.0,3.3333333333333335,2106,356,356,23.03370786516854,-0.6800312732796574,-3.000000000000001,-242.09113328755805,13.48314606741573,71.34831460674157,15.168539325842698,6.5417713392414445,-2.841300668267724,0.6890352746053954,-0.2393380189834879,0.0,0
2.0,2.0,5.0,3.0,1.6666666666666667,2106,581,581,32.70223752151463,-0.6854824263980893,-2.999999999999996,-398.2652897372899,17.03958691910499,53.528399311531835,29.43201376936317,3.207710487879467,-2.5773153003437046,0.6047897967547481,-0.265967623870729,0.0,0
8.0,2.0,5.0,10.0,0.5,2106,395,395,54.43037974683544,-0.7045822559092677,0.6013556121253265,-278.30999108416074,41.265822784810126,21.772151898734176,36.9620253164557,4.083738694781324,-6.423965613678586,0.7593127500804231,-0.10968026578613634,10.0,0
8.0,3.0,15.0,10.0,1.5,2106,275,275,37.45454545454546,-0.7063107103418151,-3.135314505189774,-194.23544534399917,24.363636363636363,42.54545454545455,33.09090909090909,10.849397798228212,-7.62629894512503,0.8519234751812187,-0.09261513552301948,15.0,0
5.0,2.0,20.0,10.0,2.0,2106,473,473,38.05496828752643,-0.7214571953912655,-1.6049652750904118,-341.2492534200686,13.107822410147993,32.1353065539112,54.756871035940804,8.865903809961527,-6.611303546802538,0.8238360692987704,-0.1091248027388166,45.0,0
5.0,3.0,5.0,8.0,0.625,2106,315,315,50.476190476190474,-0.7254357790608662,0.3448272460139292,-228.51227040417285,43.80952380952381,32.698412698412696,23.49206349206349,4.5267863207189105,-6.0786621499902544,0.7590222634460867,-0.1193413552457475,5.0,0
8.0,1.5,5.0,10.0,0.5,2106,519,519,51.637764932562625,-0.7324213063515771,0.19347785828357883,-380.1266579964685,36.80154142581888,19.653179190751445,43.54527938342967,3.9297784333057058,-5.710387562240628,0.7347905338941512,-0.1282612254192063,15.0,0
8.0,1.5,20.0,10.0,2.0,2106,519,519,38.15028901734104,-0.7574175564918716,-1.5151503596691505,-393.09971181928137,11.560693641618498,28.901734104046245,59.53757225433526,8.022466454773857,-6.173046946618396,0.801619896182402,-0.12269752085828312,50.0,0
5.0,2.0,20.0,8.0,2.5,2106,473,473,35.72938689217759,-0.7590254667894832,-2.2908321026913465,-359.0190457914256,11.20507399577167,39.74630021141649,49.04862579281184,8.3689072726957,-5.83343544367434,0.7975491946959139,-0.13011637381065994,30.0,0
8.0,2.0,15.0,10.0,1.5,2106,395,395,40.25316455696203,-0.770394841156147,-1.6835000617720857,-304.3059622566781,18.734177215189874,31.89873417721519,49.36708860759494,8.188496815587925,-6.80625828786084,0.8105519965705327,-0.11318918685912474,30.0,0
5.0,1.5,10.0,3.0,3.3333333333333335,2106,685,685,28.175182481751825,-0.7706733331066629,-2.999999999999997,-527.9112331780641,6.131386861313868,57.372262773722625,36.496350364963504,3.8478908187498027,-2.5824271569040165,0.584503164602753,-0.2984298438181686,5.0,0
5.0,5.0,20.0,8.0,2.5,2106,220,220,29.545454545454547,-0.7768016730843038,-7.99999999999999,-170.89636807854683,19.090909090909093,59.09090909090909,21.818181818181817,14.13051033013627,-7.028255093789706,0.8431250433149161,-0.11052553766449084,10.0,0
5.0,3.0,15.0,3.0,5.0,2106,315,315,18.73015873015873,-0.7824086423864303,-3.000000000000001,-246.45872235172553,8.253968253968253,75.23809523809524,16.507936507936506,8.144985462943538,-2.8398940025991966,0.6609981276395192,-0.2755062835691527,0.0,0
5.0,1.5,5.0,3.0,1.6666666666666667,2106,685,685,31.386861313868614,-0.7849115160608551,-2.9999999999999956,-537.6643885016857,15.182481751824817,54.74452554744526,30.072992700729927,3.1272744224232123,-2.574528487920588,0.5556596909245676,-0.30487583250431133,5.0,0
8.0,3.0,20.0,3.0,6.666666666666667,2106,275,275,16.0,-0.7909663325963066,-3.0000000000000013,-217.5157414639843,6.181818181818182,78.9090909090909,14.909090909090908,10.063780418228,-2.858537142277127,0.6705914460589902,-0.2767031853104481,0.0,0
8.0,3.0,15.0,3.0,5.0,2106,275,275,17.454545454545457,-0.8259470602329164,-3.000000000000001,-227.13544156405203,8.727272727272728,77.45454545454545,13.818181818181818,8.774721631290921,-2.856044404696107,0.6496564768995798,-0.2891926536138012,0.0,0
8.0,3.0,5.0,10.0,0.5,2106,275,275,54.54545454545454,-0.826969288205679,1.3493276095717444,-227.41655425656174,48.0,28.72727272727273,23.272727272727273,4.543885185098954,-7.271994656171239,0.7498165881477165,-0.11371973266012886,5.0,0
5.0,3.0,20.0,3.0,6.666666666666667,2106,315,315,16.825396825396826,-0.853290573571391,-3.000000000000001,-268.78653067498817,5.714285714285714,77.14285714285715,17.142857142857142,8.985402528120872,-2.8435605521579936,0.6392189404733198,-0.30007821459044515,0.0,0
5.0,1.5,15.0,3.0,5.0,2106,685,685,26.71532846715328,-0.8618881655188105,-2.9999999999999973,-590.3933933803852,2.9197080291970803,58.54014598540146,38.54014598540146,3.860827188594047,-2.583515475882661,0.5447743712349048,-0.33361060677383614,5.0,0
2.0,5.0,5.0,8.0,0.625,2106,244,244,52.86885245901639,-0.8658766781631813,1.0213389341472259,-211.27390947181624,48.77049180327869,38.9344262295082,12.295081967213115,4.68270239508483,-7.089934942937036,0.7408771103012897,-0.12212759145635942,0.0,0
5.0,1.5,20.0,3.0,6.666666666666667,2106,685,685,26.13138686131387,-0.87936861908217,-2.9999999999999973,-602.3675040712865,2.0437956204379564,59.12408759124088,38.83211678832117,3.9472472895073154,-2.586807843662245,0.5397997513786189,-0.33994354131739973,5.0,0
8.0,3.0,20.0,10.0,2.0,2106,275,275,32.72727272727273,-0.8903892122671136,-3.8859871515196565,-244.85703337345626,18.181818181818183,45.45454545454545,36.36363636363637,12.856592326804593,-7.578109961004702,0.8253454306470716,-0.11749489211015174,25.0,0
5.0,1.5,10.0,5.0,2.0,2106,685,685,34.45255474452555,-0.9189687832258528,-1.916375939981208,-629.4936165097092,10.218978102189782,42.33576642335766,47.44525547445255,4.464694610575598,-3.7486894089210474,0.6260052289530941,-0.24514401781030765,15.0,0
8.0,1.5,10.0,3.0,3.3333333333333335,2106,519,519,24.85549132947977,-0.9381688506544599,-2.9999999999999987,-486.90963348966466,7.129094412331407,64.9325626204239,27.9383429672447,4.418484344745964,-2.7099849075945994,0.5393014048830062,-0.3461896957526545,0.0,0
8.0,2.0,20.0,10.0,2.0,2106,395,395,36.9620253164557,-0.9384491104893077,-2.4822662556360395,-370.68739864327654,13.924050632911392,34.68354430379747,51.392405063291136,9.254785369134128,-6.915205070429154,0.7847201352584607,-0.13570806663453988,40.0,0
5.0,1.5,15.0,5.0,3.0,2106,685,685,32.7007299270073,-0.9535843936412107,-2.038835284060223,-653.2053096442294,5.985401459854015,43.64963503649635,50.36496350364964,4.810070140994328,-3.7541453822710604,0.6225688903647134,-0.2540083818129447,15.0,0
5.0,2.0,10.0,3.0,3.3333333333333335,2106,473,473,24.312896405919663,-0.9628323988595728,-2.9999999999999987,-455.41972466057797,7.6109936575052854,65.96194503171247,26.42706131078224,4.539505811958093,-2.730343276636197,0.5340797815391676,-0.3526415184122157,0.0,0
5.0,2.0,5.0,3.0,1.6666666666666667,2106,473,473,28.541226215644823,-0.9822612685708154,-2.999999999999998,-464.6095800339957,15.856236786469344,61.94503171247357,22.198731501057082,3.372678349031424,-2.7216602282640174,0.49494630445095594,-0.3609051777919173,0.0,0
5.0,2.0,15.0,3.0,5.0,2106,473,473,23.25581395348837,-0.9874805321064227,-2.9999999999999987,-467.07829168633793,4.651162790697675,67.01902748414376,28.32980972515856,4.776223648631097,-2.7340575565723375,0.5293745539869681,-0.36117766787046646,0.0,0
8.0,1.5,15.0,3.0,5.0,2106,519,519,23.121387283236995,-0.9894531441675198,-2.9999999999999987,-513.5261818229428,4.238921001926782,66.47398843930635,29.28709055876686,4.7419936648102095,-2.713196545363829,0.5256395857685104,-0.36468170573865966,5.0,0
5.0,1.5,5.0,5.0,1.0,2106,685,685,38.54014598540146,-1.000050068069927,-1.2170374212722963,-685.0342966279,21.16788321167883,39.70802919708029,39.12408759124087,3.3495576359320434,-3.727595041600853,0.5634826660855183,-0.2682829161722582,10.0,0
8.0,1.5,20.0,3.0,6.666666666666667,2106,519,519,22.350674373795762,-1.001838418493569,-2.9999999999999987,-519.9541391981622,2.8901734104046244,67.2447013487476,29.865125240847785,4.953545537948325,-2.7160432297770916,0.5249675086227095,-0.368859526059823,5.0,0
5.0,1.5,20.0,5.0,4.0,2106,685,685,31.532846715328468,-1.0063130531045692,-2.3405912453811206,-689.3244413766299,4.233576642335766,44.81751824817518,50.948905109489054,5.006187869677448,-3.775396633746181,0.6106965516759549,-0.2665449887065358,15.0,0
2.0,3.0,5.0,3.0,1.6666666666666667,2106,356,356,26.685393258426966,-1.0077112617911008,-3.0000000000000004,-358.7452091976319,19.662921348314608,67.97752808988764,12.359550561797752,4.035701744696558,-2.8434363024666847,0.5166050612634008,-0.3543990983434058,0.0,0
5.0,5.0,20.0,10.0,2.0,2106,220,220,32.27272727272727,-1.0099066413388536,-9.999999999999991,-222.17946109454778,21.363636363636363,52.27272727272727,26.36363636363636,14.354058201480054,-8.330990559729072,0.8210132022006885,-0.12122287669135184,15.0,0
5.0,3.0,10.0,3.0,3.3333333333333335,2106,315,315,19.682539682539684,-1.0204822066184962,-3.0000000000000004,-321.45189508482633,10.793650793650794,74.28571428571429,14.920634920634921,6.396144670654321,-2.8379955125114398,0.5523034322865117,-0.3595785131159127,0.0,0
8.0,1.5,5.0,3.0,1.6666666666666667,2106,519,519,27.74566473988439,-1.0276780633719766,-2.9999999999999987,-533.3649148900558,15.414258188824661,62.6204238921002,21.965317919075144,3.3615177128612124,-2.7131292414455213,0.47576900577392744,-0.3787796201055438,0.0,0
2.0,5.0,20.0,3.0,6.666666666666667,2106,244,244,13.524590163934427,-1.047745842501916,-3.0000000000000013,-255.6499855704675,6.147540983606557,83.60655737704919,10.245901639344263,11.131568268744688,-2.9525674807537543,0.5896414514082966,-0.35485923669200586,0.0,0
5.0,5.0,10.0,10.0,1.0,2106,220,220,43.18181818181818,-1.0591160810935736,-2.3132139752660517,-233.0055378405862,34.54545454545455,43.18181818181818,22.272727272727273,8.493183319332386,-8.318863625417304,0.775925608753902,-0.127314995026192,10.0,0
5.0,5.0,15.0,10.0,1.5,2106,220,220,35.90909090909091,-1.0608395139576992,-7.066074142573665,-233.3846930706938,25.90909090909091,48.63636363636364,25.454545454545453,11.745986080113138,-8.23629498864987,0.7990345669460794,-0.12880057300273998,15.0,0
8.0,2.0,15.0,3.0,5.0,2106,395,395,21.012658227848103,-1.0683781258041753,-2.9999999999999996,-422.0093596926493,5.5696202531645564,70.12658227848101,24.30379746835443,5.318203054960385,-2.767372478379363,0.5112352557718886,-0.38606227898524237,0.0,0
8.0,2.0,10.0,3.0,3.3333333333333335,2106,395,395,22.278481012658226,-1.090294238768696,-2.9999999999999996,-430.6662243136349,8.354430379746836,68.86075949367088,22.78481012658228,4.7472044197809815,-2.763583756528864,0.49239042447882053,-0.3945218726202585,0.0,0
5.0,5.0,15.0,8.0,1.875,2106,220,220,31.818181818181817,-1.1004618184304222,-7.99999999999999,-242.10160005469288,22.272727272727273,56.81818181818182,20.909090909090907,11.532541992610167,-6.99586359691603,0.7692907180547679,-0.15730178314447643,5.0,0
2.0,5.0,5.0,5.0,1.0,2106,244,244,38.9344262295082,-1.1121999559831641,-4.999999999999999,-271.37678925989206,34.83606557377049,56.14754098360656,9.01639344262295,4.569143252273082,-4.734532873998892,0.6153114189384562,-0.23491228925479513,0.0,0
8.0,2.0,5.0,3.0,1.6666666666666667,2106,395,395,26.83544303797468,-1.114994110185723,-2.9999999999999987,-440.4226735233606,15.443037974683543,64.81012658227849,19.746835443037973,3.379274301565521,-2.763410897886872,0.44852432593740427,-0.4034847336812408,0.0,0
5.0,2.0,20.0,3.0,6.666666666666667,2106,473,473,21.775898520084567,-1.134098657147859,-2.9999999999999987,-536.4286648309374,2.748414376321353,68.49894291754757,28.752642706131077,4.631400273833217,-2.7390889000966445,0.4706972810577189,-0.41404229600136166,5.0,0
8.0,3.0,10.0,3.0,3.3333333333333335,2106,275,275,18.181818181818183,-1.1477762498026025,-3.000000000000001,-315.6384686957157,10.545454545454545,76.72727272727272,12.727272727272727,6.533672223406011,-2.8547647994045167,0.5085978225105455,-0.4020563270368264,0.0,0
5.0,5.0,10.0,8.0,1.25,2106,220,220,38.18181818181819,-1.1553130307792163,-7.999999999999989,-254.1688667714276,30.0,51.81818181818182,18.181818181818183,8.40711255345655,-7.061517068101308,0.7353417533035854,-0.16360691613960163,5.0,0
10.0,3.0,15.0,3.0,5.0,2106,259,259,13.8996138996139,-1.1722495739067733,-3.0000000000000004,-303.6126396418543,6.94980694980695,79.92277992277992,13.127413127413126,9.107482262854138,-2.8317578524870095,0.519206186224203,-0.41396533000773267,0.0,0
5.0,5.0,5.0,10.0,0.5,2106,220,220,54.54545454545454,-1.1790816160217128,4.999999999999995,-259.3979555247768,50.45454545454545,34.090909090909086,15.454545454545453,4.704861778466296,-8.239813689407322,0.6851895378918029,-0.14309566459463507,0.0,0
8.0,2.0,20.0,3.0,6.666666666666667,2106,395,395,19.49367088607595,-1.1960553257612416,-3.0,-472.4418536756905,3.2911392405063293,71.64556962025317,25.063291139240505,5.311407267255467,-2.7717616769005073,0.4639992973029851,-0.43151448976620443,0.0,0
10.0,1.5,10.0,3.0,3.3333333333333335,2106,428,428,20.5607476635514,-1.2178727376334593,-2.9999999999999996,-521.2495317071206,6.775700934579438,72.19626168224299,21.02803738317757,4.900786403002339,-2.801525691680372,0.45276716093845115,-0.4347176758900155,0.0,0
5.0,2.0,10.0,5.0,2.0,2106,473,473,31.712473572938688,-1.2231212896843493,-4.9999999999999964,-578.5363700206972,12.050739957716702,52.00845665961945,35.94080338266385,5.136538337565248,-4.176523593360632,0.5711423071194325,-0.292856310360303,5.0,0
5.0,2.0,15.0,5.0,3.0,2106,473,473,30.021141649048626,-1.2260915807160562,-4.999999999999997,-579.9413176786945,7.822410147991543,53.69978858350951,38.47780126849894,5.69771692237176,-4.196426346391192,0.5824807995130994,-0.2921751698967528,10.0,0
5.0,2.0,5.0,5.0,1.0,2106,473,473,37.420718816067655,-1.2294102859098528,-2.821321347132213,-581.5110652353603,23.890063424947147,47.14587737843552,28.964059196617338,3.656901012363357,-4.1512923798097106,0.5267583610506923,-0.2961512159175373,5.0,0
10.0,3.0,20.0,3.0,6.666666666666667,2106,259,259,12.355212355212355,-1.2352913048846215,-3.000000000000001,-319.94044796511696,4.633204633204633,81.46718146718148,13.8996138996139,10.110673535608946,-2.8347224718264457,0.5027981397833877,-0.4357715145527839,0.0,0
8.0,1.5,10.0,5.0,2.0,2106,519,519,31.79190751445087,-1.2353938672967768,-3.9133400400433263,-641.1694171270271,10.982658959537572,49.13294797687861,39.884393063583815,4.816795543473957,-4.056329609605171,0.5534847467910742,-0.3045595368708279,10.0,0
10.0,1.5,5.0,3.0,1.6666666666666667,2106,428,428,23.83177570093458,-1.240491961806623,-2.999999999999999,-530.9305596532347,15.42056074766355,69.39252336448598,15.186915887850466,3.758531911576501,-2.8046037258712815,0.4193042911530738,-0.44230561000957463,0.0,0
2.0,5.0,15.0,3.0,5.0,2106,244,244,13.934426229508196,-1.25678860957011,-3.0000000000000013,-306.65642073510685,6.967213114754098,83.19672131147541,9.836065573770492,9.215744638351039,-2.9523416116144863,0.5053862790056235,-0.42569213692138963,0.0,0
15.0,3.0,15.0,3.0,5.0,2106,202,202,12.376237623762377,-1.2583186347678488,-3.000000000000001,-254.18036422310544,7.425742574257425,82.67326732673267,9.900990099009901,10.261803764137106,-2.8854545668165708,0.5023150695170656,-0.43609026086870994,0.0,0
8.0,1.5,20.0,5.0,4.0,2106,519,519,28.709055876685934,-1.2621597811987406,-4.9999999999999964,-655.0609264421464,4.8169556840077075,51.83044315992292,43.35260115606936,5.722684106855344,-4.0749752928745755,0.5655348047322213,-0.3097343395935993,15.0,0
8.0,1.5,15.0,5.0,3.0,2106,519,519,29.672447013487474,-1.2706896879102656,-4.9999999999999964,-659.4879480254278,6.74373795761079,50.86705202312138,42.38921001926782,5.345798119078994,-4.06230372154409,0.5552237302253458,-0.31280026679720385,10.0,0
5.0,3.0,15.0,5.0,3.0,2106,315,315,23.809523809523807,-1.285900425631567,-5.000000000000001,-405.0586340739436,12.063492063492063,64.76190476190476,23.174603174603174,8.932720493683723,-4.4792194629175945,0.6232057119295293,-0.28708136233940634,0.0,0
10.0,1.5,15.0,3.0,5.0,2106,428,428,19.158878504672895,-1.2877003461989065,-3.0,-551.135748173132,3.5046728971962615,73.36448598130842,23.130841121495326,5.100556714045327,-2.801680343135401,0.4314562370413634,-0.4596171541674959,0.0,0
5.0,3.0,20.0,5.0,4.0,2106,315,315,21.58730158730159,-1.288445805776837,-5.000000000000002,-405.8604288197037,8.88888888888889,66.98412698412697,24.126984126984127,10.355180033537046,-4.493978425506975,0.6343641479178586,-0.2867049379818696,5.0,0
8.0,1.5,10.0,8.0,1.25,2106,519,519,38.53564547206166,-1.2898530293063402,-1.524388803427296,-669.4337222099905,16.184971098265898,33.911368015414254,49.90366088631985,5.392541925584714,-5.479442342717659,0.6170160788484397,-0.2353985950815949,25.0,0
5.0,3.0,5.0,3.0,1.6666666666666667,2106,315,315,22.22222222222222,-1.2958530697921755,-3.0000000000000004,-408.1937169845353,16.507936507936506,71.74603174603175,11.746031746031745,4.0831306811551284,-2.832705570062834,0.41183551809037644,-0.4574612637074849,0.0,0
15.0,3.0,20.0,3.0,6.666666666666667,2106,202,202,10.891089108910892,-1.2995454086453866,-3.000000000000001,-262.5081725463681,4.9504950495049505,84.15841584158416,10.891089108910892,11.691694808189316,-2.887363657369628,0.49490992149659235,-0.4500802679733335,0.0,0
8.0,5.0,20.0,10.0,2.0,2106,196,196,32.142857142857146,-1.3059166850162853,-9.999999999999993,-255.95967026319192,21.428571428571427,55.10204081632652,23.46938775510204,14.254796852436007,-8.676780992230531,0.7782001411935328,-0.1505070470472454,15.0,0
8.0,3.0,5.0,3.0,1.6666666666666667,2106,275,275,21.818181818181817,-1.3251274959883703,-3.0000000000000004,-364.41006139680184,17.09090909090909,73.45454545454545,9.454545454545455,4.1609881764446595,-2.856136520853402,0.4065653004506166,-0.4639580378295179,0.0,0
10.0,2.0,5.0,3.0,1.6666666666666667,2106,348,348,22.988505747126435,-1.3274290486423423,-2.999999999999999,-461.94530892753517,14.655172413793101,70.40229885057471,14.942528735632186,3.6331006163957524,-2.808184172534311,0.3861953419196719,-0.47270013898140206,0.0,0
8.0,1.5,5.0,8.0,0.625,2106,519,519,44.3159922928709,-1.3313004155609007,-0.680271446845552,-690.9449156761075,29.47976878612717,29.865125240847785,40.655105973025044,3.7529592179388227,-5.377597009695629,0.5554124169772863,-0.24756418399530689,15.0,0
15.0,2.0,5.0,3.0,1.6666666666666667,2106,245,245,23.26530612244898,-1.346691888023014,-2.9999999999999996,-329.93951256563844,16.3265306122449,73.87755102040816,9.795918367346939,3.850159808396845,-2.9223330938524392,0.3994533303010765,-0.46082764858529646,0.0,0
10.0,1.5,20.0,3.0,6.666666666666667,2106,428,428,18.22429906542056,-1.3525333347825612,-3.0,-578.8842672869362,2.336448598130841,74.29906542056075,23.364485981308412,5.160219633819392,-2.8039468534995677,0.41013323867855506,-0.4823676786507144,0.0,0
5.0,2.0,20.0,5.0,4.0,2106,473,473,28.118393234672308,-1.3536179433188196,-4.999999999999998,-640.2612871898017,5.2854122621564485,55.602536997885835,39.112050739957716,5.968088973426185,-4.217697413692601,0.5535190773056179,-0.32093766113338246,10.0,0
8.0,1.5,5.0,5.0,1.0,2106,519,519,35.64547206165704,-1.3548694246826432,-2.9792917735853113,-703.1772314102918,21.57996146435453,46.628131021194605,31.79190751445087,3.5250381698494913,-4.057812253989364,0.4811684424145513,-0.33389159967926757,5.0,0
15.0,1.5,5.0,3.0,1.6666666666666667,2106,293,293,21.501706484641637,-1.3657857320594533,-2.999999999999999,-400.17521949341983,16.38225255972696,73.37883959044369,10.238907849829351,4.076502644434011,-2.8564995047511412,0.39090055651221883,-0.47813266894945283,0.0,0
2.0,5.0,10.0,3.0,3.3333333333333335,2106,244,244,15.573770491803279,-1.3817090217702266,-3.0000000000000013,-337.1370013119353,9.836065573770492,81.55737704918032,8.60655737704918,7.127756240187022,-2.9514162060147675,0.4454908183826629,-0.4681511943162764,0.0,0
10.0,3.0,10.0,3.0,3.3333333333333335,2106,259,259,14.671814671814673,-1.3822651524477412,-3.0000000000000004,-358.00667448396496,9.266409266409266,79.15057915057915,11.583011583011583,7.038824384753639,-2.8302352991158517,0.4276307330159397,-0.48839230889373486,0.0,0
8.0,1.5,15.0,8.0,1.875,2106,519,519,35.26011560693642,-1.3824281603955153,-2.038835284060223,-717.4802152452725,10.597302504816955,36.60886319845857,52.79383429672448,6.254631905970761,-5.541898375112863,0.6146883903433928,-0.24945029064473986,30.0,0
15.0,1.5,15.0,3.0,5.0,2106,293,293,15.358361774744028,-1.4023975182240869,-3.0,-410.90247283965743,4.778156996587031,78.839590443686,16.38225255972696,6.58121076775668,-2.851036118502855,0.41885520176875685,-0.4918904776837826,0.0,0
5.0,5.0,5.0,8.0,0.625,2106,220,220,48.18181818181818,-1.4064946857600924,-1.0085992291266772,-309.4288308672203,44.09090909090909,43.18181818181818,12.727272727272727,4.66588125864109,-7.052738984940138,0.6151441311156969,-0.19942531387641171,0.0,0
8.0,1.5,20.0,8.0,2.5,2106,519,519,33.71868978805395,-1.4092660292720216,-2.35172790159923,-731.4090691921792,7.89980732177264,38.15028901734104,53.94990366088632,6.8266787705471,-5.599063529180005,0.6202598624667127,-0.25169673855770874,30.0,0
15.0,2.0,15.0,3.0,5.0,2106,245,245,15.918367346938775,-1.4166001689759542,-3.0000000000000004,-347.0670413991088,5.3061224489795915,80.81632653061224,13.877551020408163,6.509572208401806,-2.9171862015863073,0.4224600876741038,-0.48560498750667186,0.0,0
5.0,5.0,20.0,3.0,6.666666666666667,2106,220,220,12.272727272727273,-1.4199328796395068,-3.000000000000001,-312.3852335206915,4.545454545454546,84.54545454545455,10.909090909090908,9.536841195802124,-2.9527458331986987,0.45184027650221065,-0.4808855756139697,0.0,0
15.0,5.0,20.0,3.0,6.666666666666667,2106,150,150,10.666666666666668,-1.421185044135637,-3.000000000000001,-213.17775662034558,5.333333333333334,88.0,6.666666666666667,11.701929327644073,-2.9881240736018713,0.467599489993329,-0.4756111222726261,0.0,0
15.0,1.5,10.0,3.0,3.3333333333333335,2106,293,293,16.723549488054605,-1.4377270813483747,-3.0,-421.25403483507375,7.167235494880546,77.47440273037543,15.358361774744028,5.587814745992537,-2.8485940876586393,0.3939287559717369,-0.5047146196003284,0.0,0
10.0,2.0,15.0,3.0,5.0,2106,348,348,16.954022988505745,-1.4390334384749914,-3.0,-500.78363658929703,4.022988505747127,76.14942528735632,19.82758620689655,5.294092500549474,-2.8136162426356957,0.3841323044478805,-0.5114533448694325,0.0,0
15.0,1.5,20.0,3.0,6.666666666666667,2106,293,293,14.334470989761092,-1.4430510720549188,-3.0,-422.8139641120912,3.4129692832764507,79.86348122866895,16.723549488054605,6.981976030395638,-2.8528165633016256,0.40952467572692164,-0.5058338102134562,0.0,0
10.0,1.5,15.0,5.0,3.0,2106,428,428,26.635514018691588,-1.4479182738423533,-4.999999999999999,-619.7090212045272,7.476635514018691,57.943925233644855,34.57943925233645,6.398543003897277,-4.296633514805149,0.5406646617331715,-0.336989009849963,5.0,0
10.0,2.0,10.0,3.0,3.3333333333333335,2106,348,348,17.81609195402299,-1.4505147698427177,-3.0,-504.7791399052657,6.609195402298851,75.28735632183908,18.103448275862068,4.82832184220081,-2.8116611682577486,0.3722707246640064,-0.5158924504198107,0.0,0
8.0,2.0,10.0,8.0,1.25,2106,395,395,37.9746835443038,-1.451825295110838,-2.277589393804013,-573.470991568781,19.240506329113924,38.734177215189874,42.025316455696206,5.939395028587811,-5.977062227987561,0.608386555888572,-0.24289947799316425,10.0,0
5.0,3.0,10.0,5.0,2.0,2106,315,315,26.34920634920635,-1.4573073231969653,-5.0,-459.05180680704404,16.19047619047619,62.22222222222222,21.58730158730159,6.9392875216045615,-4.46126151336303,0.5564771141216366,-0.3266581254723183,0.0,0
10.0,3.0,5.0,3.0,1.6666666666666667,2106,259,259,18.53281853281853,-1.4814843221298966,-3.0,-383.7044394316432,15.444015444015443,75.2895752895753,9.266409266409266,4.412032534853334,-2.8221895786948017,0.355640575668313,-0.5249414615211815,0.0,0
8.0,2.0,10.0,5.0,2.0,2106,395,395,29.620253164556964,-1.4815543979979684,-4.999999999999998,-585.2139872091975,12.40506329113924,55.18987341772152,32.40506329113924,5.200901232010429,-4.293954789044668,0.5097558338769754,-0.34503260299291344,5.0,0
10.0,1.5,10.0,10.0,1.0,2106,428,428,39.25233644859813,-1.4851136473021143,-1.5373874838043093,-635.6286410453049,21.49532710280374,32.00934579439252,46.49532710280374,6.476796601930173,-6.629732577575284,0.6312482420857977,-0.22400807723759955,30.0,0
10.0,1.5,10.0,5.0,2.0,2106,428,428,28.504672897196258,-1.4886471140171464,-4.999999999999998,-637.1409647993387,12.149532710280374,56.54205607476636,31.308411214953267,5.5738559538595664,-4.304416311013744,0.5162735513392434,-0.3458418067527839,5.0,0
15.0,2.0,10.0,3.0,3.3333333333333335,2106,245,245,17.142857142857142,-1.4895679871132117,-3.0000000000000004,-364.94415684273685,7.346938775510205,79.59183673469387,13.061224489795919,5.404671444858152,-2.915962352348666,0.38347816261839035,-0.5108323795447622,0.0,0
8.0,5.0,20.0,3.0,6.666666666666667,2106,196,196,11.73469387755102,-1.5021228105214393,-3.000000000000001,-294.4160708622021,4.591836734693878,86.22448979591837,9.183673469387756,9.5222954975019,-2.9677969208366806,0.4265689180903587,-0.5061406998488162,0.0,0
8.0,2.0,15.0,5.0,3.0,2106,395,395,27.341772151898734,-1.5058312753089542,-4.999999999999999,-594.8033537470369,8.10126582278481,57.46835443037974,34.43037974683544,5.9621859037720455,-4.316095579632118,0.5198239902504169,-0.348887379235773,5.0,0
8.0,2.0,5.0,8.0,0.625,2106,395,395,45.063291139240505,-1.5097816071404415,-0.936716838267508,-596.3637348204744,31.89873417721519,33.67088607594937,34.43037974683544,3.893279884145981,-5.941785964048198,0.5374757702886308,-0.2540955894870054,5.0,0
8.0,2.0,5.0,5.0,1.0,2106,395,395,34.93670886075949,-1.5265569952290783,-4.9999999999999964,-602.9900131154859,22.278481012658226,50.8860759493671,26.83544303797468,3.6311985197681897,-4.296091084994147,0.45386059186035543,-0.355336273144022,0.0,0
10.0,1.5,20.0,5.0,4.0,2106,428,428,25.233644859813083,-1.5363211809159343,-4.999999999999999,-657.5454654320199,5.14018691588785,59.345794392523366,35.51401869158878,6.6814579464518244,-4.309821636402552,0.52322166603854,-0.35646978240109156,10.0,0
10.0,1.5,15.0,10.0,1.5,2106,428,428,35.280373831775705,-1.538933105725617,-2.2964454011110775,-658.6633692505641,14.719626168224298,35.046728971962615,50.23364485981309,7.963743743031067,-6.719092687538827,0.646106072805422,-0.22903882671237882,35.0,0
8.0,2.0,20.0,5.0,4.0,2106,395,395,25.82278481012658,-1.5422922635356602,-5.0,-609.2054440965858,5.5696202531645564,58.9873417721519,35.44303797468354,6.465823404488548,-4.330100448308593,0.519826504551735,-0.35617932700339655,5.0,0
15.0,3.0,10.0,3.0,3.3333333333333335,2106,202,202,12.871287128712872,-1.5550899519659234,-3.000000000000001,-314.1281702971165,8.415841584158416,82.17821782178217,9.405940594059405,7.446049539592943,-2.884803740491665,0.381303093737932,-0.5390626510006137,0.0,0
10.0,1.5,5.0,5.0,1.0,2106,428,428,33.41121495327103,-1.5564159963956898,-4.9999999999999964,-666.1460464573553,23.598130841121495,53.0373831775701,23.364485981308412,3.945578135721109,-4.317065683738506,0.4585779508110083,-0.3605263645300527,5.0,0
10.0,5.0,20.0,3.0,6.666666666666667,2106,179,179,10.614525139664805,-1.5764010212203572,-3.000000000000001,-282.17578279844395,4.4692737430167595,87.70949720670392,7.82122905027933,10.234768579403458,-2.978977411294435,0.40798522479431965,-0.5291752180609434,0.0,0
2.0,5.0,5.0,3.0,1.6666666666666667,2106,244,244,18.852459016393443,-1.5831574245868467,-3.000000000000001,-386.2904115991906,15.573770491803279,78.27868852459017,6.147540983606557,4.297854931301122,-2.9494532244396066,0.3385344583269099,-0.536763021521606,0.0,0
8.0,5.0,15.0,10.0,1.5,2106,196,196,35.204081632653065,-1.5889641792290274,-9.99999999999999,-311.4369791288894,25.0,52.55102040816326,22.448979591836736,11.450240081284472,-8.673256257775732,0.7172619365441052,-0.18320272479029917,10.0,0
10.0,1.5,5.0,10.0,0.5,2106,428,428,46.728971962616825,-1.5947873510974122,-0.508762640791284,-682.5689862696925,35.981308411214954,28.037383177570092,35.981308411214954,4.1801018118149535,-6.6604795992661545,0.5505243159487005,-0.2394403176721875,12.5,0
8.0,5.0,5.0,10.0,0.5,2106,196,196,53.06122448979592,-1.596143282861366,0.8963368707752217,-312.8440834408277,47.44897959183674,37.244897959183675,15.306122448979592,4.580859492634466,-8.578842072552305,0.6036202626092403,-0.1860557951017852,0.0,0
8.0,3.0,10.0,8.0,1.25,2106,275,275,34.909090909090914,-1.5980626839030916,-4.950496276539116,-439.4672380733502,24.727272727272727,48.0,27.27272727272727,7.595302639243364,-6.528582633747001,0.6239422286920553,-0.2447794220513531,5.0,0
15.0,3.0,5.0,3.0,1.6666666666666667,2106,202,202,16.831683168316832,-1.6421437901103115,-3.0,-331.71304560228293,14.356435643564355,78.21782178217822,7.425742574257425,4.470953315419119,-2.8793182043246013,0.31425348843565704,-0.5703238314000475,0.0,0
8.0,3.0,20.0,5.0,4.0,2106,275,275,19.636363636363637,-1.6450158498709673,-5.0,-452.379358714516,7.636363636363637,69.0909090909091,23.272727272727273,10.122680888720618,-4.520380663825473,0.547169679662488,-0.36391091198032777,0.0,0
5.0,5.0,15.0,3.0,5.0,2106,220,220,12.272727272727273,-1.6472056069122343,-3.000000000000001,-362.38523352069154,4.545454545454546,84.54545454545455,10.909090909090908,7.684989343950269,-2.9527458331986987,0.36410249880384815,-0.5578555351402604,0.0,0
8.0,5.0,10.0,10.0,1.0,2106,196,196,41.3265306122449,-1.650606304894052,-3.8762120422985684,-323.5188357592342,32.142857142857146,46.93877551020408,20.918367346938776,8.208370940799679,-8.594755495339202,0.6726832695825775,-0.19204808162246725,5.0,0
10.0,2.0,5.0,5.0,1.0,2106,348,348,33.33333333333333,-1.654186890360966,-4.999999999999998,-575.6570378456162,23.275862068965516,55.172413793103445,21.551724137931032,3.869979040594882,-4.416269855838889,0.438150199933804,-0.3745665333774641,0.0,0
15.0,2.0,20.0,3.0,6.666666666666667,2106,245,245,13.877551020408163,-1.656408559676468,-3.0000000000000004,-405.82009712073466,2.857142857142857,82.85714285714286,14.285714285714285,6.180007659001311,-2.9191486138709917,0.3411373485084701,-0.5674286508763787,0.0,0
10.0,2.0,20.0,3.0,6.666666666666667,2106,348,348,15.229885057471265,-1.6595881962957555,-3.0,-577.536692310923,2.0114942528735633,77.87356321839081,20.114942528735632,4.784875505864023,-2.8174070987176814,0.3051229620844946,-0.589048063750213,0.0,0
10.0,2.0,15.0,5.0,3.0,2106,348,348,24.71264367816092,-1.6792481004096576,-5.0,-584.3783389425608,8.045977011494253,62.643678160919535,29.310344827586203,6.675153530532745,-4.421532605222812,0.4955478395164096,-0.3797886955364962,5.0,0
10.0,1.5,20.0,10.0,2.0,2106,428,428,32.71028037383177,-1.6857472277524683,-3.075961431331157,-721.4998134780565,11.214953271028037,37.61682242990654,51.16822429906542,8.92634900692999,-6.844405119611996,0.6339772935840311,-0.24629565291541833,45.0,0
15.0,5.0,15.0,3.0,5.0,2106,150,150,10.666666666666668,-1.687851710802304,-3.000000000000001,-253.17775662034558,5.333333333333334,88.0,6.666666666666667,9.201929327644072,-2.9881240736018713,0.36770154220605794,-0.5648532889625881,0.0,0
10.0,3.0,15.0,5.0,3.0,2106,259,259,20.077220077220076,-1.689252018385674,-5.0,-437.5162727618896,10.424710424710424,67.95366795366795,21.62162162162162,9.335983287872233,-4.458876346527757,0.5259780675302856,-0.3788515058734783,0.0,0
10.0,5.0,15.0,3.0,5.0,2106,179,179,11.1731843575419,-1.6993060491533185,-3.000000000000001,-304.175782798444,5.027932960893855,87.15083798882681,7.82122905027933,8.473030150433278,-2.978845193755406,0.35778628518983574,-0.5704579924850063,0.0,0
5.0,3.0,5.0,5.0,1.0,2106,315,315,31.428571428571427,-1.7002979212147185,-5.0,-535.5938451826363,25.07936507936508,57.460317460317455,17.46031746031746,4.268016501143341,-4.435775364795496,0.44099938991858406,-0.3833147040558281,0.0,0
10.0,3.0,20.0,5.0,4.0,2106,259,259,18.146718146718147,-1.7059617030314758,-5.000000000000001,-441.8440810851522,7.722007722007722,69.88416988416989,22.393822393822393,10.7690068648105,-4.471638696845498,0.5339135527053744,-0.3815070533840179,0.0,0
10.0,2.0,10.0,10.0,1.0,2106,348,348,38.50574712643678,-1.7123956793303423,-2.268859257383153,-595.9136964069592,23.563218390804597,35.3448275862069,41.09195402298851,6.830759113442636,-7.06184774583305,0.6056777855629729,-0.24248549968253952,17.5,0
8.0,3.0,15.0,5.0,3.0,2106,275,275,21.09090909090909,-1.7236329411439406,-5.0,-473.9990588145837,10.181818181818182,67.63636363636364,22.181818181818183,8.706983929152512,-4.5115397544029,0.5158354843613399,-0.38204981779487,0.0,0
10.0,3.0,10.0,10.0,1.0,2106,259,259,37.45173745173745,-1.73015634681912,-3.135314505189774,-448.11049382615204,28.957528957528954,42.857142857142854,28.185328185328185,8.133454449725877,-7.636145527466433,0.63776041859453,-0.22657456443122054,5.0,0
8.0,5.0,15.0,3.0,5.0,2106,196,196,11.73469387755102,-1.7317146472561336,-3.000000000000001,-339.41607086220216,4.591836734693878,86.22448979591837,9.183673469387756,7.565773758371462,-2.9677969208366806,0.33892289180393576,-0.5835017332546895,0.0,0
5.0,5.0,10.0,3.0,3.3333333333333335,2106,220,220,13.18181818181818,-1.7384805386956987,-3.000000000000001,-382.46571851305373,6.8181818181818175,83.63636363636363,9.545454545454547,6.2556630101481066,-2.9522510251693657,0.32172491439565365,-0.5888660970474098,0.0,0
10.0,2.0,5.0,10.0,0.5,2106,348,348,47.701149425287355,-1.7432365481617988,-0.2513366161378409,-606.646318760306,37.06896551724138,30.17241379310345,32.758620689655174,4.1679803435038085,-7.13478602077988,0.5328210934508602,-0.24432919825271107,5.0,0
10.0,2.0,10.0,5.0,2.0,2106,348,348,26.436781609195403,-1.744728977313455,-5.0,-607.1656841050824,12.35632183908046,60.91954022988506,26.72413793103448,5.6660419398184185,-4.407974775657722,0.4619431656839311,-0.39581192409457944,5.0,0
8.0,2.0,15.0,8.0,1.875,2106,395,395,33.41772151898734,-1.7454500002427236,-3.6816000805708913,-689.4527500958758,12.40506329113924,43.291139240506325,44.303797468354425,6.961571937583915,-6.115514242802101,0.5713372183774043,-0.2854134470044119,15.0,0
5.0,5.0,20.0,5.0,4.0,2106,220,220,18.181818181818183,-1.773766771285223,-5.000000000000003,-390.22868968274906,9.090909090909092,75.9090909090909,15.0,11.751313702539909,-4.77934020991303,0.5463940481977927,-0.37113214238362413,0.0,0
8.0,3.0,10.0,5.0,2.0,2106,275,275,24.0,-1.7915260195458764,-5.0,-492.669655375116,14.545454545454545,64.72727272727272,20.727272727272727,6.762643505004746,-4.4928427115092315,0.4753274864683643,-0.39875111028404303,0.0,0
8.0,2.0,20.0,8.0,2.5,2106,395,395,31.39240506329114,-1.8030651037357281,-4.3872913161174205,-712.2107159756126,9.113924050632912,45.31645569620253,45.56962025316456,7.743302660333385,-6.171144818660341,0.5741335035856839,-0.2921767608310876,20.0,0
10.0,5.0,10.0,3.0,3.3333333333333335,2106,179,179,12.290502793296088,-1.8065044815770919,-3.000000000000001,-323.3643022022994,7.262569832402235,86.03351955307262,6.70391061452514,6.5578219820368275,-2.978575705777768,0.3085133834395844,-0.6064994346367892,0.0,0
8.0,3.0,15.0,8.0,1.875,2106,275,275,29.09090909090909,-1.816850231575148,-7.999999999999989,-499.6338136831657,16.727272727272727,53.81818181818182,29.454545454545457,9.962280971969342,-6.649314315080581,0.6146633225408527,-0.2732387349255771,10.0,0
8.0,5.0,10.0,3.0,3.3333333333333335,2106,196,196,12.755102040816327,-1.8296152564594772,-3.000000000000001,-358.6045902660575,6.63265306122449,85.20408163265306,8.16326530612245,5.952971081547528,-2.96742027663594,0.293290915491627,-0.6165676196476111,0.0,0
5.0,5.0,5.0,3.0,1.6666666666666667,2106,220,220,15.454545454545453,-1.850099669405978,-3.0000000000000004,-407.02192726931514,12.272727272727273,81.36363636363636,6.363636363636363,4.172294662883343,-2.950967450577144,0.2584499937037677,-0.6269468235049964,0.0,0
10.0,2.0,20.0,5.0,4.0,2106,348,348,22.701149425287355,-1.856447974433574,-5.0,-646.0438951028838,5.172413793103448,64.65517241379311,30.17241379310345,6.929084145132826,-4.43658566010549,0.4586715209254841,-0.41844069215817475,5.0,0
15.0,5.0,10.0,3.0,3.3333333333333335,2106,150,150,11.333333333333332,-1.8697604741291691,-3.0000000000000004,-280.4640711193754,6.666666666666667,87.33333333333333,6.0,6.879091455486782,-2.988034780922186,0.29426778165527984,-0.625749233598985,0.0,0
10.0,5.0,5.0,3.0,1.6666666666666667,2106,179,179,15.64245810055866,-1.872326147554541,-3.0000000000000004,-335.14638041226283,11.731843575418994,82.68156424581005,5.58659217877095,4.088928764101671,-2.9777244093186064,0.25462798165084904,-0.6287775126855967,0.0,0
10.0,1.5,10.0,8.0,1.25,2106,428,428,33.8785046728972,-1.878118490868483,-3.1107836354758964,-803.8347140917107,16.588785046728972,41.1214953271028,42.28971962616823,6.019679130554573,-5.924693243894431,0.5205818709560182,-0.3169984357931001,20.0,0
10.0,1.5,5.0,8.0,0.625,2106,428,428,40.42056074766355,-1.8839100307174355,-1.590713405554861,-806.3134931470623,30.140186915887853,36.915887850467286,32.94392523364486,4.079606977856271,-5.929747060063519,0.4667540340949956,-0.31770495632190676,10.0,0
8.0,3.0,5.0,8.0,0.625,2106,275,275,42.18181818181818,-1.8841691397996139,-2.179482124260711,-518.1465134448938,36.0,42.18181818181818,21.818181818181817,4.439259610237322,-6.497488227876876,0.4984549430277539,-0.2899842329403167,0.0,0
8.0,3.0,5.0,5.0,1.0,2106,275,275,29.818181818181817,-1.8884099719820246,-5.0,-519.3127422950568,24.0,60.0,16.0,4.264618132846286,-4.5026498921681455,0.40240976717644583,-0.41939969067253086,0.0,0
10.0,5.0,20.0,5.0,4.0,2106,179,179,17.318435754189945,-1.906962100135389,-5.000000000000003,-341.3462159242346,9.497206703910614,79.88826815642457,10.614525139664805,12.359591644640092,-4.895226735865389,0.5288485140143985,-0.38955541858027376,0.0,0
8.0,5.0,5.0,3.0,1.6666666666666667,2106,196,196,15.306122448979592,-1.9131096589519732,-3.0000000000000004,-374.96949315458676,11.224489795918368,82.6530612244898,6.122448979591836,3.915312471671966,-2.9664389596671428,0.2385306425942486,-0.6449179251497691,0.0,0
10.0,3.0,5.0,5.0,1.0,2106,259,259,28.57142857142857,-1.9133677689336883,-4.999999999999999,-495.5622521538253,23.166023166023166,59.84555984555985,16.988416988416986,4.331621071257092,-4.41136330501,0.3927693796008735,-0.4337361574279475,0.0,0
15.0,5.0,5.0,3.0,1.6666666666666667,2106,150,150,14.666666666666666,-1.9164292563009744,-3.0000000000000004,-287.46438844514614,12.0,84.0,4.0,4.315647155341118,-2.987567389551959,0.24827953920580653,-0.6414681265443785,0.0,0
10.0,2.0,15.0,10.0,1.5,2106,348,348,33.62068965517241,-1.9212443190934148,-3.485091796096196,-668.5930230445083,16.091954022988507,39.6551724137931,44.252873563218394,8.530846721058412,-7.215160560209275,0.5988527120153487,-0.2662788032311909,25.0,0
8.0,3.0,20.0,8.0,2.5,2106,275,275,25.818181818181817,-1.9222979316573137,-7.99999999999999,-528.6319312057612,12.363636363636363,56.36363636363636,31.272727272727273,11.670453209262186,-6.65310837776165,0.6105079236694333,-0.2889323038961294,10.0,0
8.0,5.0,20.0,5.0,4.0,2106,196,196,18.877551020408163,-1.9365030572221316,-5.000000000000003,-379.5545992155378,8.673469387755102,77.55102040816327,13.77551020408163,10.677474746179161,-4.871831225309225,0.5100126146156956,-0.3974897667148184,0.0,0
10.0,3.0,10.0,5.0,2.0,2106,259,259,21.62162162162162,-1.956562469152674,-5.0,-506.74967951054253,13.8996138996139,66.40926640926641,19.69111969111969,7.07567364679827,-4.448213811483969,0.4388075875515032,-0.43985351245963267,0.0,0
10.0,1.5,15.0,8.0,1.875,2106,428,428,30.60747663551402,-1.971223536435988,-3.947514340043041,-843.6836735946029,10.514018691588785,43.69158878504673,45.794392523364486,7.078450000029279,-5.962830382486325,0.5236011109720154,-0.33058521037689587,25.0,0
10.0,3.0,15.0,10.0,1.5,2106,259,259,30.888030888030887,-1.9866185686610107,-5.539767567957219,-514.5342092832018,19.69111969111969,47.87644787644788,32.432432432432435,10.841766452521437,-7.719975002709031,0.6276551687948555,-0.25733484473251306,10.0,0
15.0,2.0,5.0,10.0,0.5,2106,245,245,48.16326530612245,-2.007604887597116,-0.782778098002071,-491.86319746129345,40.816326530612244,36.3265306122449,22.857142857142858,4.404725561568865,-7.965518218318263,0.5137869933206892,-0.2520369463194795,5.0,0
10.0,1.5,20.0,8.0,2.5,2106,428,428,28.971962616822427,-2.015233920145083,-4.410274387827471,-862.5201178220955,7.943925233644859,45.32710280373832,46.728971962616825,7.777746014325347,-6.009738893415916,0.5278934276518511,-0.3353280326958815,27.5,0
10.0,3.0,5.0,10.0,0.5,2106,259,259,45.559845559845556,-2.02396418136803,-0.6487460154930095,-524.2067229743197,39.768339768339764,36.67953667953668,23.552123552123554,4.552276459748634,-7.527484717905382,0.5061061806901475,-0.2688765580026609,5.0,0
15.0,1.5,15.0,10.0,1.5,2106,293,293,31.399317406143346,-2.0307213646161344,-4.413564255058737,-595.0013598325274,17.747440273037544,43.344709897610926,38.907849829351534,9.75769602560182,-7.4264148964571906,0.6013950457140141,-0.27344571949311647,20.0,0
10.0,2.0,5.0,8.0,0.625,2106,348,348,40.51724137931034,-2.096376115657904,-2.430468889915214,-729.5388882489506,30.17241379310345,39.94252873563218,29.88505747126437,4.039801496158969,-6.276091300518672,0.438449460571474,-0.33402575190145084,5.0,0
15.0,1.5,5.0,10.0,0.5,2106,293,293,45.051194539249146,-2.106405114607501,-1.2999512584503012,-617.1766985799977,38.56655290102389,34.8122866894198,26.621160409556317,4.462353945504164,-7.4919715489847665,0.48833286161190975,-0.2811549804794626,5.0,0
15.0,1.5,15.0,5.0,3.0,2106,293,293,20.13651877133106,-2.1086799523290485,-5.000000000000002,-617.8432260324112,7.508532423208192,68.94197952218431,23.549488054607508,7.47290938379078,-4.524550767846441,0.4164380504759125,-0.4660528880158241,0.0,0
10.0,2.0,10.0,8.0,1.25,2106,348,348,32.758620689655174,-2.1206803021685103,-4.6605966694216026,-737.9967451546416,18.103448275862068,45.11494252873563,36.7816091954023,6.342535045071014,-6.243785214926228,0.4948845715078191,-0.3396465812275009,10.0,0
15.0,1.5,5.0,5.0,1.0,2106,293,293,27.986348122866893,-2.1214866055450017,-5.0,-621.5955754246855,21.843003412969285,63.48122866894198,14.675767918088736,4.185010113352944,-4.572352629002971,0.35570354400417903,-0.4639814068775366,0.0,0
5.0,5.0,15.0,5.0,3.0,2106,220,220,18.636363636363637,-2.1374031349215876,-5.000000000000003,-470.22868968274923,9.545454545454547,75.45454545454545,15.0,9.391525563453566,-4.778107473655561,0.4502057698577566,-0.447332578161189,0.0,0
10.0,2.0,20.0,10.0,2.0,2106,348,348,30.45977011494253,-2.141547641393193,-4.6605966694216026,-745.2585792048311,12.068965517241379,42.81609195402299,45.11494252873563,9.730599152863316,-7.341744171108854,0.5805382434975305,-0.2916946697517174,30.0,0
15.0,2.0,5.0,5.0,1.0,2106,245,245,28.97959183673469,-2.1562370187494335,-5.0,-528.2780695936112,21.63265306122449,62.857142857142854,15.510204081632653,4.010670651621489,-4.672618884245615,0.3502399971095509,-0.46146220613444133,0.0,0
15.0,1.5,5.0,8.0,0.625,2106,293,293,39.59044368600683,-2.1591870440691023,-2.89017751296625,-632.641803912247,33.105802047781566,43.003412969283275,23.890784982935152,4.388195869021979,-6.450127258298286,0.4458640370030172,-0.33475107662275067,5.0,0
15.0,1.5,15.0,8.0,1.875,2106,293,293,27.303754266211605,-2.1806339657140192,-7.999999999999988,-638.9257519542076,13.651877133105803,50.85324232081911,35.49488054607509,8.971350429442094,-6.369172705678758,0.5290359429332324,-0.34237318824307666,10.0,0
10.0,3.0,20.0,10.0,2.0,2106,259,259,27.027027027027028,-2.182250765912369,-9.99999999999999,-565.2029483713036,15.057915057915059,51.35135135135135,33.59073359073359,12.97162154112075,-7.794796064813525,0.6163476548381128,-0.2799625221451608,15.0,0
15.0,1.5,10.0,5.0,2.0,2106,293,293,21.843003412969285,-2.2070315729350365,-5.000000000000001,-646.6602508699657,10.580204778156997,67.57679180887372,21.843003412969285,6.124308748140825,-4.535441094982438,0.3773827437895999,-0.4866189476866268,0.0,0
15.0,5.0,20.0,5.0,4.0,2106,150,150,15.333333333333332,-2.21004289678512,-5.000000000000003,-331.506434517768,8.666666666666668,82.0,9.333333333333334,12.835789781220619,-4.9348787361089945,0.4710534897510346,-0.44784137867745727,0.0,0
15.0,2.0,5.0,8.0,0.625,2106,245,245,41.224489795918366,-2.2176690573449487,-3.3160314191894433,-543.3289190495125,33.87755102040816,44.08163265306123,22.040816326530614,4.3045308541101575,-6.792267606351654,0.44449810989911015,-0.326499070100115,0.0,0
15.0,2.0,10.0,10.0,1.0,2106,245,245,36.3265306122449,-2.221107025027528,-3.6585309121098746,-544.1712211317443,24.489795918367346,43.26530612244898,32.244897959183675,7.483119675129107,-7.75749277062971,0.550334475109841,-0.2863176403382237,10.0,0
10.0,5.0,15.0,5.0,3.0,2106,179,179,17.877094972067038,-2.270090591755501,-5.000000000000003,-406.34621592423474,10.05586592178771,79.3296089385475,10.614525139664805,9.785854405745088,-4.894513992571956,0.43523300240456564,-0.46380306506440694,0.0,0
15.0,1.5,20.0,5.0,4.0,2106,293,293,18.43003412969283,-2.276108322001175,-5.000000000000002,-666.8997383463443,4.778156996587031,70.64846416382252,24.573378839590443,7.719354469068941,-4.534497404502374,0.38463401225417404,-0.5019538261817487,0.0,0
15.0,2.0,15.0,10.0,1.5,2106,245,245,31.428571428571427,-2.2896150250695464,-5.540161082465291,-560.9556811420389,18.367346938775512,47.755102040816325,33.87755102040816,9.876116440810703,-7.86557528026466,0.5754891673419463,-0.291093142394094,10.0,0
15.0,2.0,15.0,5.0,3.0,2106,245,245,20.0,-2.2931957384022823,-5.000000000000002,-561.8329559085591,7.346938775510205,70.61224489795919,22.040816326530614,7.135880452906657,-4.650464786229517,0.38361114323651585,-0.4931110854107873,0.0,0
10.0,3.0,10.0,8.0,1.25,2106,259,259,29.72972972972973,-2.304575011592338,-7.999999999999989,-596.8849280024156,21.62162162162162,52.8957528957529,25.482625482625483,7.757356086312936,-6.561545860706109,0.5001806607591305,-0.3512244005476379,5.0,0
8.0,5.0,20.0,8.0,2.5,2106,196,196,25.0,-2.3066621715776794,-7.999999999999992,-452.1057856292251,14.795918367346939,66.3265306122449,18.877551020408163,12.960542155278139,-7.395730280529619,0.5841452506454403,-0.3118910620159198,5.0,0
15.0,2.0,10.0,5.0,2.0,2106,245,245,22.040816326530614,-2.311413350059157,-5.000000000000001,-566.2962707644936,10.612244897959183,68.57142857142857,20.816326530612244,5.929533839564663,-4.641314649743379,0.36119350552126644,-0.49800832834872694,0.0,0
5.0,5.0,10.0,5.0,2.0,2106,220,220,20.454545454545457,-2.3241326121595964,-5.000000000000003,-511.3091746751112,12.727272727272727,73.63636363636363,13.636363636363635,7.199379180205205,-4.773035644481974,0.3878598589962319,-0.48692965761663376,0.0,0
15.0,1.5,10.0,10.0,1.0,2106,293,293,34.470989761092156,-2.329592524927826,-3.5810436086432826,-682.570609803853,22.18430034129693,40.955631399317404,36.86006825938566,7.314476639531929,-7.402774741648844,0.5197671976436177,-0.31469180222670784,15.0,0
8.0,5.0,15.0,5.0,3.0,2106,196,196,18.877551020408163,-2.3701765266098866,-5.000000000000003,-464.5545992155378,8.673469387755102,77.55102040816327,13.77551020408163,8.380177448881863,-4.871831225309225,0.4002815565709617,-0.4865062882919239,0.0,0
15.0,3.0,15.0,5.0,3.0,2106,202,202,14.85148514851485,-2.3794038958566106,-5.000000000000003,-480.63958696303536,8.91089108910891,75.74257425742574,15.346534653465346,10.364184746836319,-4.6021228451635166,0.39279843296443484,-0.5170231164857289,0.0,0
15.0,1.5,10.0,8.0,1.25,2106,293,293,30.034129692832767,-2.3839419860939706,-6.1236608303158215,-698.4950019255334,17.747440273037544,48.80546075085324,33.44709897610921,6.917751597644599,-6.376864109845162,0.46567895541960846,-0.37384236907501794,10.0,0
15.0,1.5,20.0,10.0,2.0,2106,293,293,27.64505119453925,-2.385863044868466,-6.1236608303158215,-699.0578721464605,12.969283276450511,47.098976109215016,39.93174061433447,11.156191630141167,-7.55994997258441,0.5638274320462954,-0.31559243824636657,25.0,0
10.0,2.0,15.0,8.0,1.875,2106,348,348,28.448275862068968,-2.4037077674994936,-6.0917059964551665,-836.4903030898238,11.206896551724139,49.137931034482754,39.6551724137931,7.483195356571888,-6.334645154178477,0.46967845462129515,-0.3794542091933836,10.0,0
15.0,2.0,10.0,8.0,1.25,2106,245,245,31.020408163265305,-2.4065166165324245,-7.999999999999988,-589.596571050444,19.183673469387756,50.61224489795918,30.20408163265306,7.052600672190662,-6.66032084104695,0.47619083373482646,-0.3613214248931196,5.0,0
10.0,5.0,20.0,8.0,2.5,2106,179,179,24.022346368715084,-2.4090054930565143,-7.999999999999992,-431.21198325711606,15.083798882681565,68.15642458100558,16.75977653631285,13.587017100542072,-7.466571460150186,0.575350431667198,-0.32263877817464276,5.0,0
15.0,5.0,20.0,10.0,2.0,2106,150,150,27.333333333333332,-2.417514189209394,-9.999999999999993,-362.62712838140914,20.0,64.66666666666666,15.333333333333332,15.648527594430819,-9.212997795899751,0.638895562278232,-0.26240255807781804,5.0,0
15.0,3.0,15.0,8.0,1.875,2106,202,202,23.762376237623762,-2.4176002516867423,-7.999999999999992,-488.3552508407219,16.831683168316832,61.386138613861384,21.782178217821784,11.876841046557123,-6.873010526464051,0.5386100486443353,-0.35175273519194244,5.0,0
15.0,3.0,5.0,5.0,1.0,2106,202,202,23.762376237623762,-2.4269208667894624,-5.000000000000001,-490.2380150914714,20.792079207920793,67.82178217821783,11.386138613861387,4.531313063090617,-4.595721052726111,0.30732007059656463,-0.5280827184560843,0.0,0
10.0,3.0,15.0,8.0,1.875,2106,259,259,25.096525096525095,-2.4354038475745714,-7.99999999999999,-630.769596521814,14.285714285714285,57.14285714285714,28.57142857142857,10.087886972683096,-6.6313518028155425,0.5096942871568992,-0.36725601656973567,5.0,0
10.0,3.0,5.0,8.0,0.625,2106,259,259,36.67953667953668,-2.4734131021456855,-3.920264646783895,-640.6139934557326,31.27413127413127,47.10424710424711,21.62162162162162,4.47936799234763,-6.50093873615096,0.39913556403733313,-0.38047014477944924,0.0,0
15.0,3.0,5.0,10.0,0.5,2106,202,202,44.554455445544555,-2.480675803030966,-1.7597393171185418,-501.0965122122551,41.089108910891085,42.57425742574257,16.33663366336634,4.712574333396262,-8.260966091231419,0.4584076544456304,-0.3002888252578682,0.0,0
8.0,5.0,10.0,5.0,2.0,2106,196,196,20.918367346938776,-2.4986893807111894,-5.000000000000003,-489.74311861939316,11.73469387755102,75.51020408163265,12.755102040816327,6.46044015133594,-4.868523644026882,0.35100797400307804,-0.5132334899465454,0.0,0
15.0,3.0,20.0,5.0,4.0,2106,202,202,12.871287128712872,-2.4998385905262275,-5.000000000000003,-504.9673952862979,5.9405940594059405,77.72277227722772,16.33663366336634,11.792220541608726,-4.611165507773436,0.3777857413865728,-0.542127274831501,0.0,0
10.0,5.0,20.0,10.0,2.0,2106,179,179,27.932960893854748,-2.5064569009900026,-9.999999999999993,-448.6557852772105,18.994413407821227,62.56983240223464,18.435754189944134,14.48483470646618,-9.092228841864495,0.6174808306803306,-0.275670239342108,10.0,0
15.0,3.0,10.0,5.0,2.0,2106,202,202,16.831683168316832,-2.5177593714705266,-5.000000000000003,-508.58739303704635,11.386138613861387,73.76237623762376,14.85148514851485,7.734639303855251,-4.592649579572172,0.3408367308492088,-0.5482149961254105,0.0,0
15.0,3.0,15.0,10.0,1.5,2106,202,202,28.217821782178216,-2.5297215030476545,-9.999999999999991,-511.0037436156262,20.792079207920793,55.44554455445545,23.762376237623762,12.135386547579921,-8.29462604708746,0.5751268677976454,-0.3049831889571357,5.0,0
15.0,2.0,15.0,8.0,1.875,2106,245,245,26.53061224489796,-2.556657269635667,-7.99999999999999,-626.3810310607385,13.46938775510204,54.69387755102041,31.83673469387755,8.93016870680653,-6.704677761128682,0.4809751130502821,-0.3813244067385683,10.0,0
5.0,5.0,5.0,5.0,1.0,2106,220,220,24.09090909090909,-2.558741889770481,-5.000000000000002,-562.9232157495057,20.454545454545457,70.0,9.545454545454547,4.384113623298861,-4.762163100505061,0.2921708837017071,-0.5373066473718862,0.0,0
10.0,2.0,20.0,8.0,2.5,2106,348,348,26.14942528735632,-2.5636662622130646,-7.999999999999988,-892.1558592501465,8.045977011494253,51.43678160919541,40.51724137931034,8.232645979563673,-6.386484993737123,0.4564422244391,-0.4014205411469865,15.0,0
15.0,1.5,20.0,8.0,2.5,2106,293,293,23.890784982935152,-2.569905338799115,-7.99999999999999,-752.9822642681406,9.215017064846416,54.26621160409556,36.51877133105802,9.766450314877636,-6.4423039744824,0.4758704191397298,-0.39891090966498377,10.0,0
15.0,2.0,20.0,5.0,4.0,2106,245,245,17.551020408163264,-2.581859624476298,-5.000000000000002,-632.555607996693,4.081632653061225,73.06122448979592,22.857142857142858,7.184546281495175,-4.660847020301908,0.32813426566371606,-0.5539464421874668,0.0,0
15.0,3.0,10.0,10.0,1.0,2106,202,202,33.16831683168317,-2.5930524168265308,-9.99999999999999,-523.7965881989592,27.22772277227723,50.99009900990099,21.782178217821784,8.725468646393917,-8.210392500054457,0.5274312735506904,-0.31582563401315245,5.0,0
10.0,5.0,10.0,5.0,2.0,2106,179,179,18.994413407821227,-2.6063393035088827,-5.000000000000002,-466.53473532809,12.290502793296088,78.2122905027933,9.497206703910614,7.145847693529045,-4.893059013159156,0.3424397856955668,-0.5326605087940939,0.0,0
10.0,3.0,20.0,8.0,2.5,2106,259,259,22.00772200772201,-2.6155920293819155,-7.99999999999999,-677.4383356099161,10.424710424710424,59.84555984555985,29.72972972972973,11.690962191248046,-6.652590002529975,0.4958872972020865,-0.39316898056053473,10.0,0
15.0,3.0,10.0,8.0,1.25,2106,202,202,27.22772277227723,-2.6211182413088365,-7.999999999999992,-529.465884744385,21.782178217821784,57.920792079207914,20.2970297029703,8.599595206019611,-6.819344361057576,0.4718247753660682,-0.38436513871875233,0.0,0
15.0,5.0,15.0,5.0,3.0,2106,150,150,15.333333333333332,-2.6433762301184536,-5.000000000000003,-396.506434517768,8.666666666666668,82.0,9.333333333333334,10.009702824698879,-4.9348787361089945,0.3673405008427002,-0.5356517092865137,0.0,0
15.0,3.0,5.0,8.0,0.625,2106,202,202,36.633663366336634,-2.6622069740479253,-7.999999999999989,-537.7658087576809,33.663366336633665,51.48514851485149,14.85148514851485,4.695986851734456,-6.9161627795783645,0.3925395461592202,-0.38492543609712776,0.0,0
15.0,5.0,20.0,8.0,2.5,2106,150,150,22.0,-2.6749595687456207,-7.999999999999992,-401.24393531184313,14.666666666666666,71.33333333333334,14.000000000000002,14.593625193080719,-7.5455860400299715,0.5455044410928162,-0.35450653594760356,0.0,0
15.0,5.0,15.0,10.0,1.5,2106,150,150,30.0,-2.6932906318999916,-9.999999999999993,-403.9935947849988,23.333333333333332,62.0,14.666666666666666,12.449403665957202,-9.183016759553075,0.5810137184418389,-0.29329039709071275,5.0,0
8.0,5.0,5.0,5.0,1.0,2106,196,196,23.97959183673469,-2.720468253011135,-5.000000000000002,-533.2117775901825,18.367346938775512,72.44897959183673,9.183673469387756,4.072540153914557,-4.863229294121925,0.26415097505526314,-0.5593954322283968,0.0,0
8.0,5.0,5.0,8.0,0.625,2106,196,196,39.285714285714285,-2.7287311050919545,-7.999999999999989,-534.8312965980231,33.6734693877551,53.06122448979592,13.26530612244898,4.433888145895901,-7.363367091025272,0.3896296914004501,-0.3705819730782982,0.0,0
15.0,5.0,15.0,8.0,1.875,2106,150,150,24.666666666666668,-2.737402678102885,-7.999999999999992,-410.6104017154327,18.0,68.66666666666667,13.333333333333334,11.897923377515516,-7.529500590119528,0.5174022067371356,-0.36355700425802473,0.0,0
10.0,5.0,15.0,10.0,1.5,2106,179,179,30.726256983240223,-2.7578535490346967,-9.999999999999993,-493.6557852772107,21.787709497206702,59.77653631284916,18.435754189944134,11.440758824060163,-9.055625166133224,0.5603732520370993,-0.304545903616758,5.0,0
10.0,5.0,5.0,5.0,1.0,2106,179,179,23.463687150837988,-2.7587100880838924,-5.000000000000001,-493.8091057670168,18.435754189944134,73.74301675977654,7.82122905027933,4.182963122406209,-4.886814284000565,0.2624139535448622,-0.5645211640466699,0.0,0
8.0,5.0,10.0,8.0,1.25,2106,196,196,30.612244897959183,-2.7770117603728584,-7.99999999999999,-544.2943050330803,21.428571428571427,60.71428571428571,17.857142857142858,7.5813007700795625,-7.346855523807751,0.4552548373073321,-0.37798643941940213,0.0,0
15.0,5.0,10.0,5.0,2.0,2106,150,150,17.333333333333336,-2.7786183267786524,-5.000000000000003,-416.79274901679787,11.333333333333332,80.0,8.666666666666668,7.497571171886325,-4.933303221660018,0.31866506154498425,-0.5632368824561466,0.0,0
8.0,5.0,15.0,8.0,1.875,2106,196,196,26.02040816326531,-2.8117642123940065,-7.999999999999992,-551.1057856292252,15.816326530612246,65.3061224489796,18.877551020408163,10.197383639384876,-7.387395525778303,0.48551156590966554,-0.3806164435872373,5.0,0
15.0,5.0,5.0,5.0,1.0,2106,150,150,22.0,-2.8752357238102118,-5.000000000000002,-431.2853585715318,18.666666666666668,75.33333333333333,6.0,4.40740123982759,-4.929312816118308,0.25218792488537933,-0.5832934185894043,0.0,0
15.0,2.0,20.0,10.0,2.0,2106,245,245,26.53061224489796,-2.8844013601231526,-9.999999999999991,-706.6783332301724,12.653061224489795,52.6530612244898,34.69387755102041,11.303666366989088,-8.007870261580349,0.5097334732052925,-0.360195815604275,15.0,0
10.0,5.0,15.0,8.0,1.875,2106,179,179,25.139664804469277,-2.9062121969671297,-7.999999999999992,-520.2119832571162,16.201117318435752,67.0391061452514,16.75977653631285,10.649816340517978,-7.458609840152428,0.4795036792739141,-0.3896452903759526,0.0,0
10.0,5.0,10.0,10.0,1.0,2106,179,179,34.63687150837989,-3.098119561918224,-9.999999999999993,-554.5634015833621,26.81564245810056,56.424581005586596,16.75977653631285,8.129890579346032,-9.048005277801847,0.4761433058820401,-0.34240912408827545,5.0,0
15.0,3.0,20.0,10.0,2.0,2106,202,202,22.772277227722775,-3.1518439737808333,-9.999999999999993,-636.6724827037283,14.356435643564355,60.396039603960396,25.247524752475247,14.508461410625936,-8.359369920464879,0.511777334617766,-0.3770432465328145,10.0,0
10.0,5.0,5.0,10.0,0.5,2106,179,179,43.575418994413404,-3.173908935137049,-5.9032091376302045,-568.1296993895318,37.988826815642454,49.162011173184354,12.849162011173185,4.496155782758135,-9.097325251927389,0.3816812774262979,-0.34888374849130677,0.0,0
15.0,2.0,20.0,8.0,2.5,2106,245,245,22.040816326530614,-3.1840966659137635,-7.99999999999999,-780.103683148872,8.16326530612245,59.183673469387756,32.6530612244898,9.532190997301681,-6.779277471220747,0.39752982606806314,-0.46968082947346923,10.0,0
15.0,5.0,10.0,10.0,1.0,2106,150,150,33.33333333333333,-3.195199395226855,-9.999999999999993,-479.27990928402824,27.333333333333332,58.666666666666664,14.000000000000002,8.698737009380894,-9.14216759753073,0.47574806065305536,-0.34950129289796306,5.0,0
15.0,5.0,5.0,8.0,0.625,2106,150,150,36.0,-3.226138509216917,-7.99999999999999,-483.9207763825375,32.666666666666664,59.333333333333336,8.0,4.637856313227974,-7.649635596842167,0.34103509156274936,-0.4217375413998405,0.0,0
15.0,5.0,5.0,10.0,0.5,2106,150,150,43.333333333333336,-3.228693129680689,-9.999999999999988,-484.3039694521034,40.0,50.66666666666667,9.333333333333334,4.699142167912472,-9.29115541607546,0.38676154868726553,-0.3475017890772162,0.0,0
10.0,5.0,10.0,8.0,1.25,2106,179,179,27.932960893854748,-3.2353050254931155,-7.99999999999999,-579.1195995632677,20.11173184357542,64.80446927374301,15.083798882681565,7.681064318389079,-7.466455933974587,0.39873759905378414,-0.43331200962045713,0.0,0
10.0,5.0,5.0,8.0,0.625,2106,179,179,35.754189944134076,-3.2555670744132166,-7.99999999999999,-582.7465063199658,30.16759776536313,58.10055865921788,11.731843575418994,4.3859398602364745,-7.50823180326174,0.3250926373477083,-0.4335997022626455,0.0,0
15.0,3.0,20.0,8.0,2.5,2106,202,202,17.82178217821782,-3.2773464847961584,-7.999999999999993,-662.023989928824,9.900990099009901,66.83168316831683,23.26732673267327,13.493348941985534,-6.914364770122309,0.42321580398745895,-0.473990972960801,5.0,0
15.0,5.0,10.0,8.0,1.25,2106,150,150,26.666666666666668,-3.279311441429748,-7.999999999999992,-491.89671621446223,20.666666666666668,66.66666666666666,12.666666666666668,8.373421261726115,-7.51666878803188,0.4050837604628246,-0.43627190899392865,0.0,0
