min_gain_from_open_pct,min_volume_mult,take_profit_pct,stop_loss_pct,sessions_scanned,entries_triggered,num_trades,win_rate_pct,avg_profit_pct,median_profit_pct,total_return_pct,tp_hit_pct,sl_hit_pct,eod_exit_pct,avg_win_pct,avg_loss_pct,profit_factor,expectancy_r,median_minutes_held,ambiguous_excluded
8.0,3.0,20.0,10.0,25,10,10,50.0,4.810497546901532,0.7350665221686409,48.104975469015315,40.0,30.0,30.0,16.66498207487681,-7.0439869810737505,2.365845098756341,0.682922549378171,27.5,0
8.0,2.0,20.0,10.0,25,14,14,42.857142857142854,3.5541327871736335,-2.609967452684383,49.75785902043087,35.714285714285715,28.57142857142857,35.714285714285715,17.22081839573067,-6.695881419244145,1.9288892661208394,0.5307938663547653,57.5,0
8.0,3.0,10.0,10.0,25,10,10,60.0,2.8104975469015323,6.662455187192029,28.104975469015322,50.0,20.0,30.0,8.887485062397348,-6.30498372634219,2.1143952422744916,0.44575809690979656,7.5,0
8.0,3.0,15.0,10.0,25,10,10,50.0,2.8104975469015283,0.7350665221686409,28.104975469015283,40.0,30.0,30.0,12.664982074876805,-7.0439869810737505,1.7979848782949082,0.39899243914745425,20.0,0
8.0,3.0,20.0,8.0,25,10,10,40.0,2.610497546901531,-2.609967452684383,26.104975469015308,30.0,40.0,30.0,15.831227593596013,-6.203322484228124,1.701370798616035,0.4208224791696209,27.5,0
10.0,2.0,20.0,10.0,25,11,11,45.45454545454545,2.527912701478037,-3.639235924045914,27.80703971625841,36.36363636363637,45.45454545454545,18.181818181818183,16.289255128060866,-8.939872654007651,1.5184085723300322,0.2827683121800175,50.0,0
10.0,3.0,20.0,10.0,25,9,9,44.44444444444444,1.9785599684731596,-3.639235924045914,17.807039716258437,33.33333333333333,44.44444444444444,22.22222222222222,15.361568910076084,-8.72784718480918,1.4080511342419375,0.22669507457885418,40.0,0
8.0,2.0,15.0,10.0,25,14,14,42.857142857142854,1.768418501459347,-2.609967452684383,24.757859020430857,35.714285714285715,28.57142857142857,35.714285714285715,13.054151729064001,-6.695881419244145,1.4621844659105685,0.2641054090917537,40.0,0
8.0,5.0,20.0,10.0,25,9,9,33.33333333333333,1.5322330224896739,-3.3651575753219913,13.790097202407065,33.33333333333333,44.44444444444444,22.22222222222222,20.0,-7.70165046626549,1.2984229865795214,0.1989486577196809,10.0,0
8.0,3.0,10.0,8.0,25,10,10,50.0,1.4104975469015326,0.7350665221686409,14.104975469015326,40.0,30.0,30.0,8.664982074876816,-5.843986981073751,1.4827175527493641,0.24135877637468203,7.5,0
8.0,3.0,20.0,5.0,25,10,10,30.0,1.310497546901526,-4.1825787876609954,13.104975469015262,20.0,50.0,30.0,14.441636791461354,-4.317133557909828,1.4336533321482128,0.3035573325037489,7.5,0
10.0,3.0,5.0,10.0,25,9,9,77.77777777777779,1.2718084044782676,5.000000000000005,11.446275640304409,66.66666666666666,22.22222222222222,11.11111111111111,4.492325091472058,-9.999999999999998,1.5723137820152204,0.1271808404478268,0.0,0
8.0,3.0,15.0,8.0,25,10,10,40.0,1.1104975469015284,-2.609967452684383,11.104975469015283,30.0,40.0,30.0,12.081227593596006,-6.203322484228124,1.2983609589121945,0.1790165753473168,20.0,0
8.0,3.0,5.0,10.0,25,10,10,70.0,0.9959752799062109,5.000000000000002,9.959752799062109,60.0,20.0,20.0,4.760701482054871,-7.788385858440662,1.4262651671385043,0.1278795501415512,7.5,0
2.0,3.0,20.0,5.0,25,13,13,38.46153846153847,0.8749099469789614,-5.0,11.373829310726498,15.384615384615385,53.84615384615385,30.76923076923077,9.676372718532793,-4.626004285242184,1.3073340568179739,0.18912865034952245,10.0,0
10.0,3.0,10.0,10.0,25,9,9,55.55555555555556,0.8674488573620542,1.4462756403043568,7.807039716258489,44.44444444444444,33.33333333333333,22.22222222222222,8.289255128060878,-8.409808981011476,1.2320813627838045,0.10314727234835758,5.0,0
2.0,3.0,20.0,10.0,25,13,13,46.15384615384615,0.7213591381387807,-2.00803428193742,9.37766879580415,23.076923076923077,38.46153846153847,38.46153846153847,11.396977265443992,-8.429170685265685,1.1589322391075698,0.08557889798099914,35.0,0
10.0,2.0,15.0,10.0,25,11,11,45.45454545454545,0.7097308832962188,-3.639235924045914,7.807039716258407,36.36363636363637,45.45454545454545,18.181818181818183,12.289255128060864,-8.939872654007651,1.1455471835451445,0.07938937284280598,25.0,0
2.0,3.0,10.0,10.0,25,13,13,53.84615384615385,0.41993828719236864,0.6578993461579525,5.459197733500792,38.46153846153847,30.76923076923077,30.76923076923077,7.780484647194372,-8.167365799476634,1.1114026616727641,0.0514166130797372,20.0,0
10.0,3.0,15.0,10.0,25,9,9,44.44444444444444,0.311893301806492,-3.639235924045914,2.807039716258428,33.33333333333333,44.44444444444444,22.22222222222222,11.611568910076082,-8.72784718480918,1.064323759498083,0.03573542194337939,25.0,0
8.0,3.0,15.0,5.0,25,10,10,30.0,0.3104975469015255,-4.1825787876609954,3.1049754690152547,20.0,50.0,30.0,11.108303458128015,-4.317133557909828,1.1027459350504303,0.07192215453530124,5.0,0
10.0,3.0,5.0,8.0,25,9,9,66.66666666666666,0.27180840447826715,5.000000000000003,2.446275640304404,55.55555555555556,33.33333333333333,11.11111111111111,4.407712606717399,-7.999999999999997,1.1019281516793502,0.03397605055978341,0.0,0
2.0,3.0,20.0,3.0,25,13,13,30.76923076923077,0.18260225467127006,-2.9999999999999982,2.373829310726511,7.6923076923076925,61.53846153846154,30.76923076923077,7.095465898165992,-2.8897815868819396,1.0912729230126836,0.06318894670108859,0.0,0
8.0,2.0,20.0,8.0,25,14,14,28.57142857142857,0.12556135860220843,-4.1735582242922,1.7578590204309181,21.428571428571427,42.857142857142854,35.714285714285715,15.83122759359601,-6.156705135395312,1.0285519442911901,0.02039424592227874,32.5,0
2.0,3.0,15.0,5.0,25,13,13,38.46153846153847,0.10567917774819172,-5.0,1.3738293107264923,15.384615384615385,53.84615384615385,30.76923076923077,7.676372718532792,-4.626004285242184,1.037122461038062,0.02284459140803825,5.0,0
5.0,3.0,10.0,8.0,25,12,12,41.66666666666667,0.09944140206593073,-1.30609817970574,1.1932968247911688,33.33333333333333,41.66666666666667,25.0,8.761098636840526,-6.087456622773066,1.0280036451237184,0.01633545965550247,10.0,0
8.0,3.0,5.0,8.0,25,10,10,60.0,0.09597527990621132,4.1624551871920294,0.9597527990621133,50.0,30.0,20.0,4.720818395730682,-6.841289393830495,1.0350720728145058,0.014028829125802259,7.5,0
5.0,3.0,20.0,3.0,25,12,12,25.0,0.09522239282381995,-3.000000000000001,1.1426687138858393,8.333333333333332,58.333333333333336,33.33333333333333,8.251621691099118,-2.623577373267946,1.0483931565066114,0.03629486737995849,0.0,0
5.0,3.0,10.0,3.0,25,12,12,25.0,0.01610806873259159,-3.000000000000001,0.1932968247910991,16.666666666666664,58.333333333333336,25.0,7.935164394734204,-2.623577373267946,1.008186312778737,0.006139734584052793,0.0,0
8.0,2.0,10.0,10.0,25,14,14,42.857142857142854,-0.017295784254933975,-2.609967452684383,-0.24214097956907565,35.714285714285715,28.57142857142857,35.714285714285715,8.887485062397346,-6.695881419244145,0.9954796657002997,-0.002583048171257248,25.0,0
2.0,3.0,10.0,3.0,25,13,13,30.76923076923077,-0.11881859627514514,-2.9999999999999982,-1.5446417515768869,15.384615384615385,61.53846153846154,23.076923076923077,6.115848132590143,-2.8897815868819396,0.9406090543086667,-0.041116808555538564,0.0,0
15.0,3.0,20.0,3.0,25,8,8,12.5,-0.1250000000000031,-3.0000000000000018,-1.0000000000000249,12.5,87.5,0.0,20.0,-3.0000000000000036,0.9523809523809512,-0.04166666666666766,0.0,0
8.0,5.0,15.0,10.0,25,9,9,33.33333333333333,-0.1344336441769952,-3.3651575753219913,-1.2099027975929566,33.33333333333333,44.44444444444444,22.22222222222222,14.999999999999993,-7.70165046626549,0.9738172399346405,-0.017455173376906274,10.0,0
2.0,3.0,10.0,5.0,25,13,13,38.46153846153847,-0.1957416731982215,-5.0,-2.5446417515768793,23.076923076923077,53.84615384615385,23.076923076923077,6.8926785060721185,-4.626004285242184,0.9312408291618223,-0.042313335900417116,0.0,0
2.0,3.0,15.0,3.0,25,13,13,30.76923076923077,-0.2020131299441149,-2.9999999999999982,-2.626170689273494,7.6923076923076925,61.53846153846154,30.76923076923077,5.84546589816599,-2.8897815868819396,0.8990246375099034,-0.06990602018545149,0.0,0
10.0,3.0,20.0,8.0,25,9,9,33.33333333333333,-0.24366225374906086,-7.999999999999992,-2.192960283741548,22.22222222222222,55.55555555555556,22.22222222222222,13.815425213434784,-7.273205987340982,0.9497479679167988,-0.033501354722134245,15.0,0
5.0,3.0,15.0,3.0,25,12,12,25.0,-0.32144427384284713,-3.000000000000001,-3.8573312861141655,8.333333333333332,58.333333333333336,33.33333333333333,6.58495502443245,-2.623577373267946,0.8366381836149401,-0.122521362288795,0.0,0
2.0,3.0,10.0,8.0,25,13,13,46.15384615384615,-0.349292482038401,-2.00803428193742,-4.540802266499213,30.76923076923077,38.46153846153847,30.76923076923077,7.410565421726766,-7.000599256694258,0.907338498564817,-0.049894654618944705,5.0,0
8.0,2.0,20.0,5.0,25,14,14,21.428571428571427,-0.374438641397797,-4.655400407117309,-5.242140979569157,14.285714285714285,50.0,35.714285714285715,14.441636791461347,-4.415186486723018,0.8920638409491899,-0.08480698211135085,15.0,0
2.0,3.0,15.0,10.0,25,13,13,46.15384615384615,-0.4324870157073735,-2.00803428193742,-5.622331204195856,23.076923076923077,38.46153846153847,38.46153846153847,8.896977265443992,-8.429170685265685,0.9047130255136526,-0.051308370877264024,30.0,0
10.0,3.0,20.0,3.0,25,9,9,11.11111111111111,-0.4444444444444501,-3.000000000000006,-4.000000000000051,11.11111111111111,88.88888888888889,0.0,20.0,-3.000000000000006,0.8333333333333316,-0.14814814814814972,0.0,0
10.0,3.0,10.0,8.0,25,9,9,44.44444444444444,-0.4658844759712799,-3.639235924045914,-4.192960283741519,33.33333333333333,44.44444444444444,22.22222222222222,7.861568910076095,-7.12784718480918,0.8823498827899249,-0.0653611762278195,5.0,0
5.0,3.0,20.0,8.0,25,12,12,33.33333333333333,-0.4881109405095098,-5.004017140968706,-5.857331286114118,16.666666666666664,50.0,33.33333333333333,11.188716268324338,-6.326524544926433,0.8842703595686788,-0.07715309362088087,17.5,0
2.0,3.0,20.0,8.0,25,13,13,38.46153846153847,-0.6632562464766024,-6.9961605149224,-8.62233120419583,15.384615384615385,46.15384615384615,38.46153846153847,9.676372718532793,-7.125524349607475,0.848742163012347,-0.09308174583855564,20.0,0
8.0,3.0,10.0,5.0,25,10,10,30.0,-0.6895024530984724,-4.1825787876609954,-6.895024530984724,20.0,50.0,30.0,7.774970124794689,-4.317133557909828,0.7718385379526488,-0.15971302343314578,2.5,0
8.0,5.0,20.0,8.0,25,9,9,22.22222222222222,-0.6899891997325471,-7.999999999999992,-6.209902797592924,22.22222222222222,55.55555555555556,22.22222222222222,20.0,-6.601414685370419,0.8656153243863477,-0.1045214143661739,10.0,0
8.0,3.0,20.0,3.0,25,10,10,10.0,-0.7000000000000037,-3.0000000000000027,-7.000000000000037,10.0,90.0,0.0,20.0,-3.000000000000004,0.7407407407407398,-0.23333333333333425,0.0,0
5.0,3.0,10.0,10.0,25,12,12,41.66666666666667,-0.7050096872373116,-1.30609817970574,-8.46011624684774,33.33333333333333,33.33333333333333,33.33333333333333,8.761098636840526,-7.466515633007195,0.8381322567756824,-0.09442285021418534,10.0,0
15.0,3.0,15.0,3.0,25,8,8,12.5,-0.7500000000000036,-3.0000000000000018,-6.000000000000028,12.5,87.5,0.0,14.999999999999995,-3.0000000000000036,0.7142857142857132,-0.2500000000000009,0.0,0
10.0,2.0,5.0,10.0,25,11,11,63.63636363636363,-0.7776113054268715,5.000000000000005,-8.553724359695586,54.54545454545454,36.36363636363637,9.090909090909092,4.4923250914720585,-10.0,0.7861568910076102,-0.07776113054268716,0.0,0
5.0,3.0,5.0,3.0,25,12,12,25.0,-0.8172252646007433,-3.000000000000001,-9.80670317520892,16.666666666666664,58.333333333333336,25.0,4.6018310614008655,-2.623577373267946,0.5846763669953942,-0.31149272475345446,0.0,0
2.0,3.0,5.0,3.0,25,13,13,30.76923076923077,-0.8880493655059157,-2.9999999999999982,-11.544641751576904,15.384615384615385,61.53846153846154,23.076923076923077,3.6158481325901373,-2.8897815868819396,0.5561124833031059,-0.30730674232861893,0.0,0
8.0,2.0,15.0,8.0,25,14,14,28.57142857142857,-0.9458672128263651,-4.1735582242922,-13.242140979569111,21.428571428571427,42.857142857142854,35.714285714285715,12.081227593596003,-6.156705135395312,0.7849151341772216,-0.15363204701627026,20.0,0
8.0,1.5,20.0,10.0,25,16,16,31.25,-0.969933749670479,-9.99999999999999,-15.518939994727663,25.0,56.25,18.75,16.66498207487681,-8.985804579010154,0.8429953918551796,-0.10794066809956418,15.0,0
10.0,3.0,15.0,3.0,25,9,9,11.11111111111111,-1.0000000000000062,-3.000000000000006,-9.000000000000055,11.11111111111111,88.88888888888889,0.0,14.999999999999995,-3.000000000000006,0.6249999999999984,-0.3333333333333347,0.0,0
8.0,3.0,5.0,5.0,25,10,10,40.0,-1.0040247200937946,-4.1825787876609954,-10.040247200937946,30.0,50.0,20.0,4.581227593596019,-4.72752626255367,0.646035909574038,-0.21237845425557725,0.0,0
5.0,3.0,20.0,5.0,25,12,12,25.0,-1.0714442738428465,-4.999999999999998,-12.857331286114157,8.333333333333332,58.333333333333336,33.33333333333333,8.251621691099118,-4.179132928823501,0.658160582720213,-0.25637956295984027,5.0,0
8.0,2.0,15.0,5.0,25,14,14,21.428571428571427,-1.0887243556835118,-4.655400407117309,-15.242140979569166,14.285714285714285,50.0,35.714285714285715,11.108303458128011,-4.415186486723018,0.6861629323862894,-0.24658626741077264,5.0,0
10.0,2.0,10.0,10.0,25,11,11,45.45454545454545,-1.1084509348855909,-3.639235924045914,-12.1929602837415,36.36363636363637,45.45454545454545,18.181818181818183,8.289255128060882,-8.939872654007651,0.7726857947602582,-0.1239895664944046,20.0,0
2.0,1.5,10.0,5.0,25,21,21,28.57142857142857,-1.1327239911520337,-5.000000000000002,-23.787203814192708,23.809523809523807,71.42857142857143,4.761904761904762,8.535466030967894,-5.000000000000004,0.6828372824774309,-0.22654479823040655,0.0,0
5.0,3.0,10.0,5.0,25,12,12,25.0,-1.1505585979340747,-4.999999999999998,-13.806703175208897,16.666666666666664,58.333333333333336,25.0,7.935164394734204,-4.179132928823501,0.6329195178267191,-0.27531036162996064,0.0,0
8.0,3.0,15.0,3.0,25,10,10,10.0,-1.2000000000000042,-3.0000000000000027,-12.000000000000043,10.0,90.0,0.0,14.999999999999995,-3.000000000000004,0.5555555555555546,-0.40000000000000085,0.0,0
5.0,2.0,5.0,3.0,25,18,18,22.22222222222222,-1.2222222222222254,-3.0000000000000013,-22.000000000000057,22.22222222222222,77.77777777777779,0.0,5.0000000000000036,-3.0000000000000044,0.47619047619047583,-0.4074074074074079,0.0,0
10.0,3.0,5.0,3.0,25,9,9,22.22222222222222,-1.2222222222222259,-3.0000000000000058,-11.000000000000032,22.22222222222222,77.77777777777779,0.0,5.000000000000006,-3.0000000000000058,0.4761904761904759,-0.40740740740740783,0.0,0
10.0,2.0,5.0,8.0,25,11,11,54.54545454545454,-1.2321567599723258,1.4462756403043568,-13.553724359695583,45.45454545454545,45.45454545454545,9.090909090909092,4.407712606717401,-7.999999999999997,0.6611568910076103,-0.15401959499654078,0.0,0
15.0,3.0,10.0,8.0,25,8,8,37.5,-1.2499999999999936,-7.999999999999991,-9.999999999999948,37.5,62.5,0.0,10.000000000000007,-7.999999999999995,0.7500000000000011,-0.1562499999999993,2.5,0
8.0,1.5,20.0,5.0,25,16,16,18.75,-1.2525154500586257,-5.0000000000000036,-20.040247200938012,12.5,75.0,12.5,14.441636791461347,-4.874242890409389,0.6837339640934972,-0.2569661541740335,0.0,0
8.0,2.0,5.0,10.0,25,14,14,50.0,-1.3133831178230218,-0.02012360046896755,-18.387363649522303,42.857142857142854,28.57142857142857,28.57142857142857,4.760701482054869,-7.387467717700913,0.6444294126183293,-0.17778529369083532,10.0,0
8.0,2.0,5.0,5.0,25,14,14,35.714285714285715,-1.3133831178230242,-4.1735582242922,-18.38736364952234,28.57142857142857,42.857142857142854,28.57142857142857,4.664982074876815,-4.63469711376738,0.5591857773329727,-0.2833805717145175,2.5,0
5.0,3.0,15.0,8.0,25,12,12,33.33333333333333,-1.3214442738428445,-5.004017140968706,-15.857331286114134,16.666666666666664,50.0,33.33333333333333,8.688716268324335,-6.326524544926433,0.6866895249218835,-0.20887365005207778,17.5,0
2.0,3.0,5.0,5.0,25,13,13,38.46153846153847,-1.3495878270443784,-5.0,-17.54464175157692,23.076923076923077,53.84615384615385,23.076923076923077,3.8926785060721096,-4.626004285242184,0.5259234354919535,-0.2917394243126439,0.0,0
10.0,3.0,15.0,8.0,25,9,9,33.33333333333333,-1.354773364860173,-7.999999999999992,-12.192960283741556,22.22222222222222,55.55555555555556,22.22222222222222,10.482091880101445,-7.273205987340982,0.7205963847542288,-0.18626907683051416,10.0,0
2.0,2.0,20.0,10.0,25,21,21,28.57142857142857,-1.3602261077300999,-5.92695104607752,-28.564748262332095,19.047619047619047,42.857142857142854,38.095238095238095,15.010124270819583,-7.9083662591499735,0.7592022816825349,-0.17199837022676073,80.0,0
15.0,3.0,10.0,3.0,25,8,8,12.5,-1.3750000000000022,-3.0000000000000018,-11.000000000000018,12.5,87.5,0.0,10.000000000000005,-3.0000000000000036,0.4761904761904759,-0.45833333333333354,0.0,0
8.0,3.0,5.0,3.0,25,10,10,20.0,-1.4000000000000026,-3.0000000000000027,-14.000000000000025,20.0,80.0,0.0,5.000000000000007,-3.0000000000000053,0.4166666666666665,-0.4666666666666667,0.0,0
2.0,3.0,15.0,8.0,25,13,13,38.46153846153847,-1.432487015707372,-6.9961605149224,-18.622331204195834,15.384615384615385,46.15384615384615,38.46153846153847,7.676372718532792,-7.125524349607475,0.6733164766109162,-0.2010360143932823,20.0,0
5.0,3.0,20.0,10.0,25,12,12,33.33333333333333,-1.4592286964794174,-5.830723676788162,-17.51074435775301,16.666666666666664,41.66666666666667,41.66666666666667,11.188716268324338,-7.783201178881295,0.7187734205485699,-0.18748438630095351,17.5,0
5.0,3.0,15.0,5.0,25,12,12,25.0,-1.4881109405095134,-4.999999999999998,-17.85733128611416,8.333333333333332,58.333333333333336,33.33333333333333,6.58495502443245,-4.179132928823501,0.5252249798050996,-0.3560812651461754,2.5,0
2.0,3.0,5.0,10.0,25,13,13,53.84615384615385,-1.5031386358845564,0.6578993461579525,-19.540802266499234,38.46153846153847,30.76923076923077,30.76923076923077,4.209056075765796,-8.167365799476634,0.6012422539028963,-0.18404203666020172,5.0,0
10.0,3.0,20.0,5.0,25,9,9,22.22222222222222,-1.5059693732995214,-5.000000000000006,-13.553724359695693,11.11111111111111,77.77777777777779,11.11111111111111,10.723137820152179,-5.000000000000007,0.6127507325801236,-0.3011938746599038,0.0,0
2.0,2.0,20.0,5.0,25,21,21,19.047619047619047,-1.5421484481757537,-5.000000000000003,-32.38511741169083,9.523809523809524,71.42857142857143,19.047619047619047,12.515186406229382,-4.849756649212257,0.607195361672533,-0.3179847072174733,10.0,0
10.0,2.0,5.0,3.0,25,11,11,18.181818181818183,-1.545454545454547,-3.0000000000000004,-17.000000000000018,18.181818181818183,81.81818181818183,0.0,5.00000000000001,-3.000000000000004,0.3703703703703706,-0.5151515151515149,0.0,0
10.0,3.0,10.0,3.0,25,9,9,11.11111111111111,-1.5555555555555602,-3.000000000000006,-14.000000000000043,11.11111111111111,88.88888888888889,0.0,10.000000000000005,-3.000000000000006,0.416666666666666,-0.518518518518519,0.0,0
5.0,3.0,5.0,8.0,25,12,12,41.66666666666667,-1.5672252646007376,-1.30609817970574,-18.806703175208852,33.33333333333333,41.66666666666667,25.0,4.761098636840524,-6.087456622773066,0.5586544514959004,-0.2574515699607248,10.0,0
8.0,1.5,20.0,8.0,25,16,16,25.0,-1.5949337496704776,-7.99999999999999,-25.518939994727642,18.75,62.5,18.75,15.83122759359601,-7.403654197425972,0.7127663885715629,-0.21542520857132794,12.5,0
2.0,1.5,20.0,5.0,25,21,21,19.047619047619047,-1.6373503588301526,-5.0000000000000036,-34.3843575354332,9.523809523809524,80.95238095238095,9.523809523809524,12.653910616141722,-5.000000000000005,0.5954781466419629,-0.32747007176603016,5.0,0
10.0,2.0,20.0,8.0,25,11,11,27.27272727272727,-1.65390548034014,-7.99999999999999,-18.19296028374154,18.181818181818183,63.63636363636363,18.181818181818183,13.815425213434779,-7.454904490505735,0.6949498094356648,-0.22185468404678924,15.0,0
2.0,1.5,5.0,5.0,25,21,21,33.33333333333333,-1.666666666666669,-5.0,-35.00000000000005,33.33333333333333,66.66666666666666,0.0,5.000000000000004,-5.000000000000004,0.5,-0.3333333333333335,0.0,0
8.0,2.0,5.0,8.0,25,14,14,42.857142857142854,-1.670525974965877,-3.7007366048358863,-23.38736364952228,35.714285714285715,35.714285714285715,28.57142857142857,4.720818395730681,-6.464034252988295,0.5477405685406447,-0.2584339608339173,10.0,0
2.0,2.0,5.0,3.0,25,21,21,19.047619047619047,-1.6829571739924813,-3.000000000000001,-35.34210065384211,14.285714285714285,80.95238095238095,4.761904761904762,3.914474836539491,-3.0000000000000044,0.30701763423839096,-0.5609857246641596,0.0,0
8.0,3.0,10.0,3.0,25,10,10,10.0,-1.7000000000000033,-3.0000000000000027,-17.000000000000032,10.0,90.0,0.0,10.000000000000005,-3.000000000000004,0.3703703703703701,-0.566666666666667,0.0,0
10.0,5.0,20.0,10.0,25,8,8,25.0,-1.70490449050574,-9.999999999999996,-13.63923592404592,25.0,62.5,12.5,19.99999999999999,-8.939872654007651,0.7457227775697751,-0.19070791682266852,12.5,0
5.0,2.0,10.0,3.0,25,18,18,11.11111111111111,-1.7623860738447232,-3.0000000000000013,-31.72294932920502,5.555555555555555,88.88888888888889,5.555555555555555,8.13852533539752,-3.0000000000000036,0.33910522230822965,-0.587462024614907,0.0,0
8.0,5.0,10.0,10.0,25,9,9,33.33333333333333,-1.8011003108436574,-3.3651575753219913,-16.209902797592918,33.33333333333333,44.44444444444444,22.22222222222222,10.000000000000005,-7.70165046626549,0.649211493289761,-0.23385900447349256,10.0,0
8.0,5.0,15.0,8.0,25,9,9,22.22222222222222,-1.8011003108436607,-7.999999999999992,-16.209902797592946,22.22222222222222,55.55555555555556,22.22222222222222,14.99999999999999,-6.601414685370419,0.6492114932897602,-0.27283550521907524,10.0,0
8.0,2.0,10.0,5.0,25,14,14,21.428571428571427,-1.803010069969224,-4.655400407117309,-25.242140979569136,14.285714285714285,50.0,35.714285714285715,7.774970124794688,-4.415186486723018,0.4802620238233898,-0.4083655527101938,5.0,0
2.0,1.5,5.0,3.0,25,21,21,14.285714285714285,-1.8571428571428579,-2.999999999999999,-39.000000000000014,14.285714285714285,85.71428571428571,0.0,5.000000000000004,-3.0000000000000018,0.27777777777777785,-0.619047619047619,0.0,0
8.0,2.0,5.0,3.0,25,14,14,14.285714285714285,-1.8571428571428592,-3.000000000000002,-26.00000000000003,14.285714285714285,85.71428571428571,0.0,5.000000000000011,-3.000000000000005,0.27777777777777796,-0.6190476190476187,0.0,0
15.0,3.0,20.0,5.0,25,8,8,12.5,-1.8750000000000058,-5.000000000000006,-15.000000000000046,12.5,87.5,0.0,20.0,-5.000000000000007,0.5714285714285706,-0.3750000000000006,0.0,0
8.0,1.5,15.0,5.0,25,16,16,18.75,-1.8775154500586266,-5.0000000000000036,-30.040247200938026,12.5,75.0,12.5,11.108303458128011,-4.874242890409389,0.5259185276193904,-0.3851911963092454,0.0,0
2.0,3.0,5.0,8.0,25,13,13,46.15384615384615,-1.887754020499942,-2.00803428193742,-24.540802266499245,30.76923076923077,38.46153846153847,30.76923076923077,4.077232088393427,-7.000599256694258,0.4992101723489227,-0.2696560610428878,5.0,0
5.0,3.0,5.0,5.0,25,12,12,25.0,-1.9838919312674097,-4.999999999999998,-23.806703175208916,16.666666666666664,58.333333333333336,25.0,4.6018310614008655,-4.179132928823501,0.367048311996492,-0.4747137660026311,0.0,0
15.0,2.0,5.0,3.0,25,8,8,12.5,-2.000000000000001,-3.0000000000000018,-16.000000000000007,12.5,87.5,0.0,5.00000000000001,-3.0000000000000027,0.23809523809523836,-0.6666666666666664,0.0,0
15.0,3.0,5.0,3.0,25,8,8,12.5,-2.0000000000000027,-3.0000000000000018,-16.00000000000002,12.5,87.5,0.0,5.000000000000003,-3.0000000000000036,0.23809523809523794,-0.6666666666666667,0.0,0
10.0,5.0,5.0,3.0,25,8,8,12.5,-2.0000000000000036,-3.0000000000000058,-16.00000000000003,12.5,87.5,0.0,5.00000000000001,-3.000000000000005,0.23809523809523817,-0.6666666666666667,0.0,0
8.0,2.0,10.0,8.0,25,14,14,28.57142857142857,-2.0172957842549324,-4.1735582242922,-28.24214097956905,21.428571428571427,42.857142857142854,35.714285714285715,8.331227593596019,-6.156705135395312,0.5412783240632546,-0.32765833995481825,17.5,0
2.0,2.0,15.0,5.0,25,21,21,19.047619047619047,-2.0183389243662297,-5.000000000000003,-42.38511741169082,9.523809523809524,71.42857142857143,19.047619047619047,10.015186406229386,-4.849756649212257,0.48590364815672327,-0.4161732372064622,10.0,0
8.0,5.0,20.0,5.0,25,9,9,11.11111111111111,-2.040573063924669,-5.0000000000000036,-18.36515757532202,11.11111111111111,77.77777777777779,11.11111111111111,20.0,-4.795644696915252,0.5213063431509216,-0.4255054727547364,5.0,0
2.0,5.0,5.0,3.0,25,10,10,10.0,-2.0552840164532573,-3.0000000000000004,-20.552840164532572,10.0,80.0,10.0,5.0000000000000036,-2.839204462725842,0.19567296503267056,-0.7238943314705963,0.0,0
5.0,5.0,5.0,3.0,25,10,10,10.0,-2.0552840164532578,-3.0000000000000013,-20.55284016453258,10.0,80.0,10.0,5.0000000000000036,-2.8392044627258426,0.19567296503267054,-0.7238943314705965,0.0,0
10.0,3.0,5.0,5.0,25,9,9,33.33333333333333,-2.0615249288550745,-5.000000000000005,-18.55372435969567,22.22222222222222,66.66666666666666,11.11111111111111,3.8154252134347897,-5.000000000000007,0.38154252134347844,-0.4123049857710143,0.0,0
10.0,3.0,15.0,5.0,25,9,9,22.22222222222222,-2.0615249288550777,-5.000000000000006,-18.5537243596957,11.11111111111111,77.77777777777779,11.11111111111111,8.223137820152175,-5.000000000000007,0.4698935897229808,-0.41230498577101493,0.0,0
8.0,5.0,5.0,3.0,25,9,9,11.11111111111111,-2.1111111111111147,-3.0000000000000044,-19.000000000000032,11.11111111111111,88.88888888888889,0.0,5.0000000000000036,-3.0000000000000044,0.20833333333333318,-0.7037037037037038,0.0,0
2.0,1.5,15.0,5.0,25,21,21,19.047619047619047,-2.113540835020628,-5.0000000000000036,-44.38435753543319,9.523809523809524,80.95238095238095,9.523809523809524,10.153910616141722,-5.000000000000005,0.47783108781843353,-0.42270816700412517,5.0,0
5.0,2.0,20.0,10.0,25,18,18,27.77777777777778,-2.1288369868332304,-8.747731604402798,-38.31906576299815,16.666666666666664,44.44444444444444,38.88888888888889,13.445284511977954,-8.118883717145223,0.6369426455655659,-0.262208089313758,60.0,0
2.0,5.0,20.0,10.0,25,10,10,20.0,-2.139374590172591,-8.498080257461197,-21.39374590172591,20.0,50.0,30.0,19.999999999999993,-7.674218237715737,0.6515321619897363,-0.27877427040821096,5.0,0
2.0,5.0,20.0,5.0,25,10,10,10.0,-2.15528401645326,-5.0000000000000036,-21.5528401645326,10.0,80.0,10.0,19.999999999999996,-4.616982240503622,0.48131487332293077,-0.46681661400936236,0.0,0
2.0,1.5,10.0,3.0,25,21,21,9.523809523809524,-2.1803430387710816,-3.0000000000000004,-45.787203814192715,4.761904761904762,90.47619047619048,4.761904761904762,5.60639809290366,-3.0000000000000013,0.19671572255802308,-0.7267810129236936,0.0,0
2.0,2.0,10.0,3.0,25,21,21,9.523809523809524,-2.206766697802005,-3.0000000000000027,-46.34210065384211,4.761904761904762,90.47619047619048,4.761904761904762,5.328949673078983,-3.0000000000000036,0.18698069028347286,-0.7355888992673342,0.0,0
2.0,1.5,15.0,3.0,25,21,21,9.523809523809524,-2.2087789302587204,-3.0000000000000004,-46.38435753543313,0.0,90.47619047619048,9.523809523809524,5.307821232283451,-3.0000000000000013,0.18623934148362975,-0.7362596434195732,0.0,0
2.0,1.5,20.0,3.0,25,21,21,9.523809523809524,-2.2087789302587204,-3.0000000000000004,-46.38435753543313,0.0,90.47619047619048,9.523809523809524,5.307821232283451,-3.0000000000000013,0.18623934148362975,-0.7362596434195732,0.0,0
8.0,1.5,15.0,10.0,25,16,16,31.25,-2.2199337496704805,-9.99999999999999,-35.51893999472769,25.0,56.25,18.75,12.664982074876802,-8.985804579010154,0.6406560462579146,-0.24704896819768377,10.0,0
2.0,2.0,5.0,5.0,25,21,21,28.57142857142857,-2.2279982709738277,-5.0,-46.78796369045038,23.809523809523807,61.904761904761905,14.285714285714285,4.2763165576929945,-4.829724202440556,0.3541665220164818,-0.46130962713108464,5.0,0
2.0,2.0,15.0,3.0,25,21,21,9.523809523809524,-2.2352025892896443,-3.0000000000000027,-46.93925437508253,0.0,90.47619047619048,9.523809523809524,5.030372812458774,-3.0000000000000036,0.17650430920907956,-0.7450675297632139,0.0,0
2.0,2.0,20.0,3.0,25,21,21,9.523809523809524,-2.2352025892896443,-3.0000000000000027,-46.93925437508253,0.0,90.47619047619048,9.523809523809524,5.030372812458774,-3.0000000000000036,0.17650430920907956,-0.7450675297632139,0.0,0
15.0,3.0,15.0,8.0,25,8,8,25.0,-2.2499999999999964,-7.999999999999993,-17.99999999999997,25.0,75.0,0.0,14.999999999999996,-7.999999999999993,0.6250000000000004,-0.2812499999999998,5.0,0
5.0,2.0,20.0,3.0,25,18,18,11.11111111111111,-2.2651987466727928,-3.0000000000000013,-40.77357744011027,0.0,88.88888888888889,11.11111111111111,3.613211279944894,-3.0000000000000036,0.15055046999770375,-0.75506624889093,0.0,0
5.0,2.0,15.0,3.0,25,18,18,11.11111111111111,-2.2651987466727928,-3.0000000000000013,-40.77357744011027,0.0,88.88888888888889,11.11111111111111,3.613211279944894,-3.0000000000000036,0.15055046999770375,-0.75506624889093,0.0,0
2.0,2.0,10.0,10.0,25,21,21,33.33333333333333,-2.284171168623409,-5.1315222000245395,-47.96759454109159,28.57142857142857,38.095238095238095,33.33333333333333,8.665414192308289,-7.758963849089257,0.5584131052064013,-0.2943912631957325,80.0,0
5.0,3.0,15.0,10.0,25,12,12,33.33333333333333,-2.292562029812752,-5.830723676788162,-27.510744357753026,16.666666666666664,41.66666666666667,41.66666666666667,8.688716268324335,-7.783201178881295,0.558171121922175,-0.2945525853852167,17.5,0
2.0,2.0,15.0,10.0,25,21,21,28.57142857142857,-2.3126070601110507,-5.92695104607752,-48.56474826233207,19.047619047619047,42.857142857142854,38.095238095238095,11.676790937486253,-7.9083662591499735,0.5906044588653802,-0.2924253865247283,80.0,0
5.0,3.0,5.0,10.0,25,12,12,41.66666666666667,-2.3716763539039802,-1.30609817970574,-28.46011624684776,33.33333333333333,33.33333333333333,33.33333333333333,4.761098636840524,-7.466515633007195,0.4554714551947817,-0.3176416511363775,10.0,0
5.0,2.0,5.0,5.0,25,18,18,22.22222222222222,-2.3916680618934656,-5.000000000000002,-43.05002511408238,22.22222222222222,61.111111111111114,16.666666666666664,5.0000000000000036,-4.503573222434457,0.31720843828074796,-0.5310601035594182,0.0,0
10.0,1.5,20.0,10.0,25,14,14,28.57142857142857,-2.4524881610885054,-9.999999999999993,-34.33483425523907,21.428571428571427,64.28571428571429,14.285714285714285,15.361568910076082,-9.57811098955434,0.6415281228972621,-0.25605134078767,15.0,0
2.0,2.0,10.0,5.0,25,21,21,19.047619047619047,-2.466093509069065,-5.000000000000003,-51.78796369045036,14.285714285714285,71.42857142857143,14.285714285714285,7.664474836539498,-4.849756649212257,0.37185491444907304,-0.5084984025888456,10.0,0
5.0,1.5,10.0,3.0,25,18,18,5.555555555555555,-2.484608296066944,-3.000000000000001,-44.722949329204994,0.0,94.44444444444444,5.555555555555555,6.277050670795031,-3.0000000000000018,0.12307942491754956,-0.8282027653556475,0.0,0
5.0,1.5,15.0,3.0,25,18,18,5.555555555555555,-2.484608296066944,-3.000000000000001,-44.722949329204994,0.0,94.44444444444444,5.555555555555555,6.277050670795031,-3.0000000000000018,0.12307942491754956,-0.8282027653556475,0.0,0
5.0,1.5,20.0,3.0,25,18,18,5.555555555555555,-2.484608296066944,-3.000000000000001,-44.722949329204994,0.0,94.44444444444444,5.555555555555555,6.277050670795031,-3.0000000000000018,0.12307942491754956,-0.8282027653556475,0.0,0
15.0,3.0,10.0,10.0,25,8,8,37.5,-2.499999999999994,-9.999999999999993,-19.99999999999995,37.5,62.5,0.0,10.000000000000007,-9.999999999999996,0.6000000000000006,-0.24999999999999947,2.5,0
10.0,5.0,5.0,10.0,25,8,8,50.0,-2.4999999999999947,-2.4999999999999947,-19.999999999999957,50.0,50.0,0.0,5.000000000000009,-9.999999999999998,0.500000000000001,-0.2499999999999995,0.0,0
15.0,3.0,20.0,10.0,25,8,8,25.0,-2.4999999999999956,-9.999999999999993,-19.999999999999964,25.0,75.0,0.0,20.0,-9.999999999999995,0.666666666666667,-0.2499999999999997,7.5,0
15.0,2.0,20.0,10.0,25,8,8,25.0,-2.4999999999999973,-9.999999999999993,-19.99999999999998,25.0,75.0,0.0,19.999999999999996,-9.999999999999995,0.6666666666666669,-0.24999999999999986,2.5,0
15.0,3.0,15.0,5.0,25,8,8,12.5,-2.5000000000000067,-5.000000000000006,-20.000000000000053,12.5,87.5,0.0,14.999999999999995,-5.000000000000007,0.4285714285714278,-0.5000000000000007,0.0,0
8.0,1.5,10.0,5.0,25,16,16,18.75,-2.5025154500586244,-5.0000000000000036,-40.04024720093799,12.5,75.0,12.5,7.774970124794688,-4.874242890409389,0.3681030911452841,-0.5134162384444567,0.0,0
8.0,1.5,15.0,8.0,25,16,16,25.0,-2.5324337496704796,-7.99999999999999,-40.518939994727674,18.75,62.5,18.75,12.081227593596003,-7.403654197425972,0.5439308424118585,-0.34205186819110633,5.0,0
5.0,1.5,5.0,3.0,25,18,18,5.555555555555555,-2.555555555555557,-3.000000000000001,-46.00000000000003,5.555555555555555,94.44444444444444,0.0,5.000000000000005,-3.0000000000000018,0.09803921568627456,-0.8518518518518519,0.0,0
10.0,2.0,15.0,8.0,25,11,11,27.27272727272727,-2.5629963894310506,-7.99999999999999,-28.192960283741556,18.181818181818183,63.63636363636363,18.181818181818183,10.482091880101441,-7.454904490505735,0.5272749583906983,-0.34380003026131045,10.0,0
10.0,2.0,5.0,5.0,25,11,11,27.27272727272727,-2.595793123608697,-5.000000000000005,-28.553724359695668,18.181818181818183,72.72727272727273,9.090909090909092,3.8154252134347924,-5.000000000000005,0.2861568910076091,-0.5191586247217389,0.0,0
8.0,5.0,5.0,10.0,25,9,9,44.44444444444444,-2.5961286194802184,-3.3651575753219913,-23.365157575321966,44.44444444444444,44.44444444444444,11.11111111111111,5.0000000000000036,-8.673031515064396,0.4611997538637219,-0.29933347007571004,0.0,0
8.0,5.0,5.0,5.0,25,9,9,22.22222222222222,-2.5961286194802233,-5.0,-23.36515757532201,22.22222222222222,66.66666666666666,11.11111111111111,5.0000000000000036,-4.766451082188859,0.29971385501252185,-0.5446670016569275,0.0,0
8.0,5.0,15.0,5.0,25,9,9,11.11111111111111,-2.5961286194802247,-5.0000000000000036,-23.365157575322023,11.11111111111111,77.77777777777779,11.11111111111111,14.999999999999995,-4.795644696915252,0.39097975736319107,-0.5413513267882746,5.0,0
10.0,3.0,10.0,5.0,25,9,9,22.22222222222222,-2.6170804844106317,-5.000000000000006,-23.553724359695686,11.11111111111111,77.77777777777779,11.11111111111111,5.723137820152181,-5.000000000000007,0.32703644686583844,-0.5234160968821256,0.0,0
2.0,5.0,5.0,5.0,25,10,10,20.0,-2.655284016453259,-5.000000000000002,-26.552840164532594,20.0,70.0,10.0,5.000000000000002,-4.569105020566575,0.27357655260132296,-0.5811387579189415,0.0,0
2.0,5.0,15.0,5.0,25,10,10,10.0,-2.65528401645326,-5.0000000000000036,-26.5528401645326,10.0,80.0,10.0,14.999999999999996,-4.616982240503622,0.36098615499219805,-0.5751124605070218,0.0,0
5.0,2.0,20.0,8.0,25,18,18,22.22222222222222,-2.7124223641218084,-7.999999999999996,-48.82360255419255,11.11111111111111,61.111111111111114,27.77777777777778,11.806605639972442,-6.860716079577308,0.4916856867428939,-0.3953555769777492,35.0,0
5.0,2.0,5.0,8.0,25,18,18,33.33333333333333,-2.780556950782351,-6.155400407117307,-50.05002511408232,33.33333333333333,50.0,16.666666666666664,5.0000000000000036,-6.670835426173528,0.3747656538176707,-0.41682289745488627,12.5,0
5.0,2.0,5.0,10.0,25,18,18,38.88888888888889,-2.808082684604882,-3.72293151830414,-50.54548832288788,38.88888888888889,33.33333333333333,27.77777777777778,5.000000000000005,-7.776862574807992,0.40913905205490186,-0.36108169041089333,12.5,0
2.0,5.0,15.0,3.0,25,10,10,0.0,-2.855284016453258,-3.000000000000001,-28.55284016453258,0.0,90.0,10.0,,-2.855284016453258,0.0,-1.0,0.0,0
2.0,5.0,10.0,3.0,25,10,10,0.0,-2.855284016453258,-3.000000000000001,-28.55284016453258,0.0,90.0,10.0,,-2.855284016453258,0.0,-1.0,0.0,0
2.0,5.0,20.0,3.0,25,10,10,0.0,-2.855284016453258,-3.000000000000001,-28.55284016453258,0.0,90.0,10.0,,-2.855284016453258,0.0,-1.0,0.0,0
5.0,5.0,20.0,3.0,25,10,10,0.0,-2.8552840164532585,-3.0000000000000018,-28.552840164532583,0.0,90.0,10.0,,-2.8552840164532585,0.0,-1.0,0.0,0
5.0,5.0,10.0,3.0,25,10,10,0.0,-2.8552840164532585,-3.0000000000000018,-28.552840164532583,0.0,90.0,10.0,,-2.8552840164532585,0.0,-1.0,0.0,0
5.0,5.0,15.0,3.0,25,10,10,0.0,-2.8552840164532585,-3.0000000000000018,-28.552840164532583,0.0,90.0,10.0,,-2.8552840164532585,0.0,-1.0,0.0,0
8.0,5.0,10.0,8.0,25,9,9,22.22222222222222,-2.9122114219547672,-7.999999999999992,-26.209902797592907,22.22222222222222,55.55555555555556,22.22222222222222,10.000000000000009,-6.601414685370419,0.43280766219317424,-0.44114959607197546,10.0,0
10.0,5.0,15.0,10.0,25,8,8,25.0,-2.95490449050574,-9.999999999999996,-23.63923592404592,25.0,62.5,12.5,14.99999999999999,-8.939872654007651,0.5592920831773313,-0.3305309376170014,10.0,0
5.0,2.0,15.0,10.0,25,18,18,27.77777777777778,-2.9621703201665635,-8.747731604402798,-53.31906576299814,16.666666666666664,44.44444444444444,38.88888888888889,10.445284511977954,-8.118883717145223,0.4948238279983806,-0.3648494575567252,57.5,0
15.0,1.5,10.0,3.0,25,10,10,0.0,-3.0000000000000013,-3.0000000000000018,-30.000000000000014,0.0,100.0,0.0,,-3.0000000000000013,0.0,-1.0,0.0,0
15.0,1.5,20.0,3.0,25,10,10,0.0,-3.0000000000000013,-3.0000000000000018,-30.000000000000014,0.0,100.0,0.0,,-3.0000000000000013,0.0,-1.0,0.0,0
15.0,1.5,5.0,3.0,25,10,10,0.0,-3.0000000000000013,-3.0000000000000018,-30.000000000000014,0.0,100.0,0.0,,-3.0000000000000013,0.0,-1.0,0.0,0
15.0,1.5,15.0,3.0,25,10,10,0.0,-3.0000000000000013,-3.0000000000000018,-30.000000000000014,0.0,100.0,0.0,,-3.0000000000000013,0.0,-1.0,0.0,0
8.0,1.5,10.0,3.0,25,16,16,0.0,-3.0000000000000018,-3.0000000000000018,-48.00000000000003,0.0,100.0,0.0,,-3.0000000000000018,0.0,-1.0,0.0,0
8.0,1.5,5.0,3.0,25,16,16,0.0,-3.0000000000000018,-3.0000000000000018,-48.00000000000003,0.0,100.0,0.0,,-3.0000000000000018,0.0,-1.0,0.0,0
8.0,1.5,15.0,3.0,25,16,16,0.0,-3.0000000000000018,-3.0000000000000018,-48.00000000000003,0.0,100.0,0.0,,-3.0000000000000018,0.0,-1.0,0.0,0
15.0,2.0,15.0,3.0,25,8,8,0.0,-3.0000000000000018,-3.0000000000000018,-24.000000000000014,0.0,100.0,0.0,,-3.0000000000000018,0.0,-1.0,0.0,0
15.0,2.0,10.0,3.0,25,8,8,0.0,-3.0000000000000018,-3.0000000000000018,-24.000000000000014,0.0,100.0,0.0,,-3.0000000000000018,0.0,-1.0,0.0,0
15.0,2.0,20.0,3.0,25,8,8,0.0,-3.0000000000000018,-3.0000000000000018,-24.000000000000014,0.0,100.0,0.0,,-3.0000000000000018,0.0,-1.0,0.0,0
8.0,1.5,20.0,3.0,25,16,16,0.0,-3.0000000000000018,-3.0000000000000018,-48.00000000000003,0.0,100.0,0.0,,-3.0000000000000018,0.0,-1.0,0.0,0
15.0,5.0,20.0,3.0,25,8,8,0.0,-3.0000000000000027,-3.0000000000000018,-24.00000000000002,0.0,100.0,0.0,,-3.0000000000000027,0.0,-1.0,0.0,0
15.0,5.0,15.0,3.0,25,8,8,0.0,-3.0000000000000027,-3.0000000000000018,-24.00000000000002,0.0,100.0,0.0,,-3.0000000000000027,0.0,-1.0,0.0,0
15.0,5.0,5.0,3.0,25,8,8,0.0,-3.0000000000000027,-3.0000000000000018,-24.00000000000002,0.0,100.0,0.0,,-3.0000000000000027,0.0,-1.0,0.0,0
15.0,5.0,10.0,3.0,25,8,8,0.0,-3.0000000000000027,-3.0000000000000018,-24.00000000000002,0.0,100.0,0.0,,-3.0000000000000027,0.0,-1.0,0.0,0
10.0,1.5,20.0,3.0,25,14,14,0.0,-3.000000000000003,-3.0000000000000013,-42.00000000000004,0.0,100.0,0.0,,-3.000000000000003,0.0,-1.0,0.0,0
10.0,1.5,15.0,3.0,25,14,14,0.0,-3.000000000000003,-3.0000000000000013,-42.00000000000004,0.0,100.0,0.0,,-3.000000000000003,0.0,-1.0,0.0,0
8.0,2.0,10.0,3.0,25,14,14,0.0,-3.000000000000003,-3.000000000000002,-42.00000000000004,0.0,100.0,0.0,,-3.000000000000003,0.0,-1.0,0.0,0
8.0,2.0,20.0,3.0,25,14,14,0.0,-3.000000000000003,-3.000000000000002,-42.00000000000004,0.0,100.0,0.0,,-3.000000000000003,0.0,-1.0,0.0,0
10.0,1.5,10.0,3.0,25,14,14,0.0,-3.000000000000003,-3.0000000000000013,-42.00000000000004,0.0,100.0,0.0,,-3.000000000000003,0.0,-1.0,0.0,0
10.0,1.5,5.0,3.0,25,14,14,0.0,-3.000000000000003,-3.0000000000000013,-42.00000000000004,0.0,100.0,0.0,,-3.000000000000003,0.0,-1.0,0.0,0
8.0,2.0,15.0,3.0,25,14,14,0.0,-3.000000000000003,-3.000000000000002,-42.00000000000004,0.0,100.0,0.0,,-3.000000000000003,0.0,-1.0,0.0,0
10.0,2.0,10.0,3.0,25,11,11,0.0,-3.000000000000004,-3.0000000000000058,-33.00000000000004,0.0,100.0,0.0,,-3.000000000000004,0.0,-1.0,0.0,0
10.0,2.0,15.0,3.0,25,11,11,0.0,-3.000000000000004,-3.0000000000000058,-33.00000000000004,0.0,100.0,0.0,,-3.000000000000004,0.0,-1.0,0.0,0
8.0,5.0,15.0,3.0,25,9,9,0.0,-3.000000000000004,-3.0000000000000044,-27.000000000000036,0.0,100.0,0.0,,-3.000000000000004,0.0,-1.0,0.0,0
8.0,5.0,20.0,3.0,25,9,9,0.0,-3.000000000000004,-3.0000000000000044,-27.000000000000036,0.0,100.0,0.0,,-3.000000000000004,0.0,-1.0,0.0,0
10.0,2.0,20.0,3.0,25,11,11,0.0,-3.000000000000004,-3.0000000000000058,-33.00000000000004,0.0,100.0,0.0,,-3.000000000000004,0.0,-1.0,0.0,0
8.0,5.0,10.0,3.0,25,9,9,0.0,-3.000000000000004,-3.0000000000000044,-27.000000000000036,0.0,100.0,0.0,,-3.000000000000004,0.0,-1.0,0.0,0
10.0,5.0,20.0,3.0,25,8,8,0.0,-3.0000000000000058,-3.000000000000006,-24.000000000000046,0.0,100.0,0.0,,-3.0000000000000058,0.0,-1.0,0.0,0
10.0,5.0,15.0,3.0,25,8,8,0.0,-3.0000000000000058,-3.000000000000006,-24.000000000000046,0.0,100.0,0.0,,-3.0000000000000058,0.0,-1.0,0.0,0
10.0,5.0,10.0,3.0,25,8,8,0.0,-3.0000000000000058,-3.000000000000006,-24.000000000000046,0.0,100.0,0.0,,-3.0000000000000058,0.0,-1.0,0.0,0
2.0,1.5,10.0,8.0,25,21,21,28.57142857142857,-3.0009588747530964,-7.99999999999999,-63.02013636981502,23.809523809523807,57.14285714285714,19.047619047619047,8.535466030967894,-7.615528837041492,0.44831901834325044,-0.3940578440405354,5.0,0
2.0,1.5,10.0,10.0,25,21,21,33.33333333333333,-3.0579128924462613,-7.196034371556465,-64.21617074137149,28.57142857142857,47.61904761904761,23.809523809523807,8.744685169401054,-8.959211923369917,0.4880275879282822,-0.3413149413811453,15.0,0
15.0,3.0,5.0,8.0,25,8,8,37.5,-3.124999999999994,-7.999999999999991,-24.99999999999995,37.5,62.5,0.0,5.000000000000007,-7.999999999999995,0.3750000000000008,-0.3906249999999995,2.5,0
10.0,5.0,5.0,8.0,25,8,8,37.5,-3.124999999999995,-7.999999999999992,-24.99999999999996,37.5,62.5,0.0,5.000000000000008,-7.999999999999997,0.3750000000000008,-0.3906249999999995,0.0,0
15.0,3.0,10.0,5.0,25,8,8,12.5,-3.1250000000000053,-5.000000000000006,-25.000000000000043,12.5,87.5,0.0,10.000000000000005,-5.000000000000007,0.2857142857142855,-0.6250000000000002,0.0,0
8.0,1.5,5.0,5.0,25,16,16,18.75,-3.127515450058625,-5.0000000000000036,-50.040247200938,12.5,75.0,12.5,4.4416367914613515,-4.874242890409389,0.21028765467117724,-0.6416412805796685,0.0,0
2.0,5.0,15.0,10.0,25,10,10,20.0,-3.139374590172591,-8.498080257461197,-31.39374590172591,20.0,50.0,30.0,14.999999999999993,-7.674218237715737,0.4886491214923022,-0.40908070280615827,5.0,0
8.0,5.0,5.0,8.0,25,9,9,33.33333333333333,-3.1516841750357734,-7.999999999999992,-28.36515757532196,33.33333333333333,55.55555555555556,11.11111111111111,5.000000000000004,-7.2275262625536625,0.3458998153977916,-0.4360667897348056,0.0,0
8.0,5.0,10.0,5.0,25,9,9,11.11111111111111,-3.151684175035779,-5.0000000000000036,-28.365157575322012,11.11111111111111,77.77777777777779,11.11111111111111,10.000000000000005,-4.795644696915252,0.260653171575461,-0.6571971808218126,5.0,0
5.0,2.0,10.0,5.0,25,18,18,11.11111111111111,-3.154054135738187,-5.000000000000003,-56.77297444328736,5.555555555555555,72.22222222222221,22.22222222222222,8.13852533539752,-4.565626569630151,0.22282060335195134,-0.6908261303538209,10.0,0
2.0,5.0,10.0,5.0,25,10,10,10.0,-3.155284016453258,-5.0000000000000036,-31.55284016453258,10.0,80.0,10.0,10.000000000000018,-4.616982240503622,0.24065743666146586,-0.6834083070046808,0.0,0
10.0,1.5,20.0,8.0,25,14,14,21.428571428571427,-3.1667738753742176,-7.999999999999991,-44.334834255239045,14.285714285714285,71.42857142857143,14.285714285714285,13.815425213434779,-7.79828271777667,0.4831632009748293,-0.40608605637692,5.0,0
2.0,2.0,20.0,8.0,25,21,21,19.047619047619047,-3.1697499172539083,-7.999999999999989,-66.56474826233207,9.523809523809524,52.38095238095239,38.095238095238095,12.515186406229382,-6.860323169838211,0.42924358951324076,-0.46204090372737666,45.0,0
2.0,2.0,5.0,8.0,25,21,21,33.33333333333333,-3.182980831022607,-5.92695104607752,-66.84259745147475,28.57142857142857,42.857142857142854,28.57142857142857,4.379699906593996,-6.964321199830908,0.3144383911170218,-0.4570410725886521,15.0,0
2.0,1.5,20.0,10.0,25,21,21,23.809523809523807,-3.234437570459478,-9.999999999999988,-67.92318897964904,14.285714285714285,52.38095238095239,33.33333333333333,14.123128492913375,-8.658676965263494,0.5097173242218446,-0.3735487053547851,35.0,0
2.0,2.0,10.0,8.0,25,21,21,23.809523809523807,-3.2365521210043617,-6.9961605149224,-67.9675945410916,19.047619047619047,47.61904761904761,33.33333333333333,8.1315798692316,-6.7890933679531,0.3742942645522959,-0.4767281793887269,45.0,0
5.0,2.0,15.0,8.0,25,18,18,22.22222222222222,-3.2679779196773637,-7.999999999999996,-58.82360255419255,11.11111111111111,61.111111111111114,27.77777777777778,9.306605639972442,-6.860716079577308,0.38757327252829465,-0.47633189914465973,35.0,0
5.0,2.0,10.0,10.0,25,18,18,27.77777777777778,-3.292690980671823,-8.747731604402798,-59.26843765209282,22.22222222222222,44.44444444444444,33.33333333333333,9.255410134159016,-8.118883717145223,0.43845598145534126,-0.40555956894892015,40.0,0
5.0,2.0,10.0,8.0,25,18,18,22.22222222222222,-3.3207208024048476,-7.999999999999996,-59.772974443287254,16.666666666666664,61.111111111111114,22.22222222222222,9.06926266769877,-6.860716079577308,0.3776891325921823,-0.4840195635394139,35.0,0
2.0,2.0,5.0,10.0,25,21,21,38.095238095238095,-3.325837973879749,-5.1315222000245395,-69.84259745147473,33.33333333333333,38.095238095238095,28.57142857142857,4.457237418269747,-8.115422830587132,0.3379879756827656,-0.4098169674344784,15.0,0
2.0,1.5,5.0,8.0,25,21,21,33.33333333333333,-3.392044407410589,-7.999999999999989,-71.23293255562237,33.33333333333333,52.38095238095239,14.285714285714285,5.000000000000004,-7.588066611115885,0.32946468819049507,-0.44702354120633664,5.0,0
8.0,1.5,10.0,8.0,25,16,16,25.0,-3.4699337496704756,-7.99999999999999,-55.51893999472761,18.75,62.5,18.75,8.331227593596019,-7.403654197425972,0.37509529625215504,-0.46867852781088387,5.0,0
8.0,1.5,10.0,10.0,25,16,16,31.25,-3.469933749670477,-9.99999999999999,-55.51893999472763,25.0,56.25,18.75,8.664982074876814,-8.985804579010154,0.43831670066065065,-0.38615726829580277,10.0,0
10.0,2.0,10.0,8.0,25,11,11,27.27272727272727,-3.472087298521954,-7.99999999999999,-38.19296028374149,18.181818181818183,63.63636363636363,18.181818181818183,7.1487585467681285,-7.454904490505735,0.3596001073457329,-0.46574537647583064,5.0,0
10.0,1.5,15.0,10.0,25,14,14,28.57142857142857,-3.523916732517077,-9.999999999999993,-49.33483425523908,21.428571428571427,64.28571428571429,14.285714285714285,11.61156891007608,-9.57811098955434,0.48492104226979127,-0.3679135412358634,10.0,0
5.0,1.5,20.0,8.0,25,18,18,16.666666666666664,-3.5447669000260413,-7.999999999999996,-63.80580420046874,11.11111111111111,72.22222222222221,16.666666666666664,15.425683556931673,-7.338856991417584,0.42038381657991747,-0.4830134861834021,15.0,0
2.0,1.5,20.0,8.0,25,21,21,19.047619047619047,-3.5584359337186933,-7.99999999999999,-74.72715460809256,9.523809523809524,61.904761904761905,28.57142857142857,12.653910616141722,-7.3731057101564375,0.40381771945958506,-0.4826237509136693,15.0,0
2.0,1.5,5.0,10.0,25,21,21,38.095238095238095,-3.5918555679608963,-6.9961605149224,-75.42896692717882,38.095238095238095,42.857142857142854,19.047619047619047,5.000000000000004,-8.87915130209068,0.34653346612064023,-0.40452690192531804,5.0,0
2.0,2.0,15.0,8.0,25,21,21,19.047619047619047,-3.6459403934443837,-7.999999999999989,-76.56474826233206,9.523809523809524,52.38095238095239,38.095238095238095,10.015186406229386,-6.860323169838211,0.34349904373092904,-0.5314531550749623,45.0,0
5.0,5.0,5.0,5.0,25,10,10,10.0,-3.6552840164532574,-5.000000000000002,-36.552840164532576,10.0,80.0,10.0,5.0000000000000036,-4.61698224050362,0.12032871833073286,-0.7917041535023405,0.0,0
5.0,2.0,15.0,5.0,25,18,18,11.11111111111111,-3.6568668085662566,-5.000000000000003,-65.82360255419262,0.0,72.22222222222221,27.77777777777778,3.613211279944894,-4.565626569630151,0.09892429945923037,-0.8009561782584618,10.0,0
5.0,2.0,20.0,5.0,25,18,18,11.11111111111111,-3.6568668085662566,-5.000000000000003,-65.82360255419262,0.0,72.22222222222221,27.77777777777778,3.613211279944894,-4.565626569630151,0.09892429945923037,-0.8009561782584618,10.0,0
15.0,3.0,15.0,10.0,25,8,8,25.0,-3.7499999999999973,-9.999999999999993,-29.99999999999998,25.0,75.0,0.0,14.999999999999996,-9.999999999999995,0.5000000000000001,-0.37499999999999994,5.0,0
15.0,2.0,15.0,10.0,25,8,8,25.0,-3.7499999999999973,-9.999999999999993,-29.99999999999998,25.0,75.0,0.0,14.999999999999996,-9.999999999999995,0.5000000000000001,-0.37499999999999994,2.5,0
15.0,2.0,5.0,5.0,25,8,8,12.5,-3.7500000000000036,-5.000000000000005,-30.00000000000003,12.5,87.5,0.0,5.00000000000001,-5.000000000000005,0.142857142857143,-0.7499999999999999,0.0,0
10.0,5.0,5.0,5.0,25,8,8,12.5,-3.7500000000000036,-5.000000000000005,-30.00000000000003,12.5,87.5,0.0,5.00000000000001,-5.000000000000005,0.142857142857143,-0.7499999999999999,0.0,0
15.0,3.0,5.0,5.0,25,8,8,12.5,-3.7500000000000053,-5.000000000000006,-30.000000000000043,12.5,87.5,0.0,5.000000000000003,-5.000000000000007,0.14285714285714274,-0.75,0.0,0
5.0,1.5,5.0,8.0,25,18,18,27.77777777777778,-3.837936381736875,-7.99999999999999,-69.08285487126375,27.77777777777778,61.111111111111114,11.11111111111111,5.000000000000004,-7.2371426824049045,0.26572322910702734,-0.5303110012004804,5.0,0
10.0,1.5,15.0,8.0,25,14,14,21.428571428571427,-3.8810595896599325,-7.999999999999991,-54.33483425523905,14.285714285714285,71.42857142857143,14.285714285714285,10.482091880101441,-7.79828271777667,0.36658741858897387,-0.4976813139658064,5.0,0
2.0,5.0,20.0,8.0,25,10,10,10.0,-3.9393745901725894,-7.999999999999991,-39.39374590172589,10.0,60.0,30.0,19.999999999999996,-6.599305100191766,0.3367357908876872,-0.5969377882010815,0.0,0
2.0,1.5,15.0,10.0,25,21,21,23.809523809523807,-3.9487232847451916,-9.999999999999988,-82.92318897964903,14.285714285714285,52.38095238095239,33.33333333333333,11.123128492913375,-8.658676965263494,0.4014444317509715,-0.4560423377135455,30.0,0
10.0,5.0,20.0,8.0,25,8,8,12.5,-3.9549044905057373,-7.999999999999993,-31.6392359240459,12.5,75.0,12.5,19.99999999999999,-7.377033703435127,0.3873023998538088,-0.5361104001279172,7.5,0
2.0,1.5,15.0,8.0,25,21,21,19.047619047619047,-4.03462640990917,-7.99999999999999,-84.72715460809256,9.523809523809524,61.904761904761905,28.57142857142857,10.153910616141722,-7.3731057101564375,0.3240365095811814,-0.5472085398628532,15.0,0
5.0,5.0,20.0,8.0,25,10,10,10.0,-4.039758538680348,-7.999999999999996,-40.397585386803485,10.0,70.0,20.0,19.999999999999996,-6.710842820755943,0.33113906577414065,-0.6019748408032733,5.0,0
5.0,1.5,15.0,8.0,25,18,18,16.666666666666664,-4.100322455581598,-7.999999999999996,-73.80580420046876,11.11111111111111,72.22222222222221,16.666666666666664,12.092350223598338,-7.338856991417584,0.3295431492326317,-0.5587140423061403,10.0,0
5.0,1.5,15.0,5.0,25,18,18,5.555555555555555,-4.129283967037728,-5.0000000000000036,-74.32711140667911,0.0,88.88888888888889,11.11111111111111,6.277050670795031,-4.7414212986749495,0.07787501921751548,-0.8708958151834576,0.0,0
5.0,1.5,10.0,5.0,25,18,18,5.555555555555555,-4.129283967037728,-5.0000000000000036,-74.32711140667911,0.0,88.88888888888889,11.11111111111111,6.277050670795031,-4.7414212986749495,0.07787501921751548,-0.8708958151834576,0.0,0
5.0,1.5,20.0,5.0,25,18,18,5.555555555555555,-4.129283967037728,-5.0000000000000036,-74.32711140667911,0.0,88.88888888888889,11.11111111111111,6.277050670795031,-4.7414212986749495,0.07787501921751548,-0.8708958151834576,0.0,0
2.0,5.0,10.0,10.0,25,10,10,20.0,-4.139374590172588,-8.498080257461197,-41.39374590172588,20.0,50.0,30.0,10.00000000000001,-7.674218237715737,0.32576608099486865,-0.5393871352041052,5.0,0
5.0,1.5,5.0,5.0,25,18,18,5.555555555555555,-4.20023122652634,-5.0000000000000036,-75.60416207747413,5.555555555555555,88.88888888888889,5.555555555555555,5.000000000000005,-4.7414212986749495,0.062031536227548215,-0.8858591046739821,0.0,0
10.0,5.0,10.0,10.0,25,8,8,25.0,-4.204904490505734,-9.999999999999996,-33.63923592404587,25.0,62.5,12.5,10.000000000000014,-8.939872654007651,0.37286138878488834,-0.47035395841133365,7.5,0
2.0,5.0,5.0,10.0,25,10,10,30.0,-4.354900067945493,-8.498080257461197,-43.54900067945493,30.0,50.0,20.0,5.0000000000000036,-8.364142954207848,0.25619566219622203,-0.5206630364626446,0.0,0
15.0,3.0,5.0,10.0,25,8,8,37.5,-4.374999999999995,-9.999999999999993,-34.99999999999996,37.5,62.5,0.0,5.000000000000007,-9.999999999999996,0.30000000000000054,-0.4374999999999996,2.5,0
10.0,1.5,5.0,8.0,25,14,14,28.57142857142857,-4.3810595896599285,-7.99999999999999,-61.334834255239,21.428571428571427,64.28571428571429,14.285714285714285,4.111568910076095,-7.77811098955434,0.21144305683463507,-0.563254959403832,0.0,0
8.0,1.5,5.0,8.0,25,16,16,25.0,-4.407433749670476,-7.99999999999999,-70.51893999472762,18.75,62.5,18.75,4.581227593596015,-7.403654197425972,0.20625975009245076,-0.5953051874306621,2.5,0
10.0,2.0,15.0,5.0,25,11,11,9.090909090909092,-4.413974941790518,-5.000000000000006,-48.5537243596957,0.0,90.9090909090909,9.090909090909092,1.4462756403043568,-5.000000000000005,0.028925512806087104,-0.8827949883581027,0.0,0
10.0,2.0,10.0,5.0,25,11,11,9.090909090909092,-4.413974941790518,-5.000000000000006,-48.5537243596957,0.0,90.9090909090909,9.090909090909092,1.4462756403043568,-5.000000000000005,0.028925512806087104,-0.8827949883581027,0.0,0
10.0,2.0,20.0,5.0,25,11,11,9.090909090909092,-4.413974941790518,-5.000000000000006,-48.5537243596957,0.0,90.9090909090909,9.090909090909092,1.4462756403043568,-5.000000000000005,0.028925512806087104,-0.8827949883581027,0.0,0
2.0,5.0,15.0,8.0,25,10,10,10.0,-4.439374590172589,-7.999999999999991,-44.39374590172589,10.0,60.0,30.0,14.999999999999996,-6.599305100191766,0.25255184316576534,-0.6727033411508111,0.0,0
15.0,3.0,20.0,8.0,25,8,8,12.5,-4.499999999999995,-7.999999999999994,-35.99999999999996,12.5,87.5,0.0,20.0,-7.999999999999994,0.35714285714285743,-0.5624999999999998,7.5,0
10.0,1.5,15.0,5.0,25,14,14,7.142857142857142,-4.539551739978265,-5.000000000000005,-63.55372435969571,0.0,92.85714285714286,7.142857142857142,1.4462756403043568,-5.000000000000004,0.022250394466220857,-0.9079103479956522,0.0,0
10.0,1.5,5.0,5.0,25,14,14,7.142857142857142,-4.539551739978265,-5.000000000000005,-63.55372435969571,0.0,92.85714285714286,7.142857142857142,1.4462756403043568,-5.000000000000004,0.022250394466220857,-0.9079103479956522,0.0,0
10.0,1.5,20.0,5.0,25,14,14,7.142857142857142,-4.539551739978265,-5.000000000000005,-63.55372435969571,0.0,92.85714285714286,7.142857142857142,1.4462756403043568,-5.000000000000004,0.022250394466220857,-0.9079103479956522,0.0,0
10.0,1.5,10.0,5.0,25,14,14,7.142857142857142,-4.539551739978265,-5.000000000000005,-63.55372435969571,0.0,92.85714285714286,7.142857142857142,1.4462756403043568,-5.000000000000004,0.022250394466220857,-0.9079103479956522,0.0,0
5.0,5.0,15.0,8.0,25,10,10,10.0,-4.53975853868035,-7.999999999999996,-45.3975853868035,10.0,70.0,20.0,14.999999999999988,-6.710842820755943,0.24835429933060535,-0.6764811306024553,5.0,0
10.0,5.0,15.0,8.0,25,8,8,12.5,-4.579904490505738,-7.999999999999993,-36.639235924045906,12.5,75.0,12.5,14.999999999999986,-7.377033703435127,0.29047679989035646,-0.6208328000959381,7.5,0
10.0,1.5,10.0,8.0,25,14,14,21.428571428571427,-4.595345303945642,-7.999999999999991,-64.33483425523899,14.285714285714285,71.42857142857143,14.285714285714285,7.1487585467681285,-7.79828271777667,0.2500116362031193,-0.589276571554692,2.5,0
10.0,1.5,10.0,10.0,25,14,14,28.57142857142857,-4.595345303945643,-9.999999999999993,-64.334834255239,21.428571428571427,64.28571428571429,14.285714285714285,7.861568910076101,-9.57811098955434,0.3283139616423214,-0.47977574168405623,7.5,0
10.0,1.5,5.0,10.0,25,14,14,35.714285714285715,-4.595345303945644,-9.99999999999999,-64.33483425523902,28.57142857142857,57.14285714285714,14.285714285714285,4.289255128060878,-9.531234432838156,0.2500116362031192,-0.4821353767265662,2.5,0
2.0,5.0,5.0,8.0,25,10,10,20.0,-4.654900067945493,-7.999999999999991,-46.549000679454934,20.0,60.0,20.0,5.000000000000002,-7.068625084931867,0.1768377845734973,-0.6585297723412022,0.0,0
5.0,5.0,15.0,5.0,25,10,10,0.0,-4.655284016453258,-5.0000000000000036,-46.55284016453258,0.0,90.0,10.0,,-4.655284016453258,0.0,-1.0,0.0,0
5.0,5.0,10.0,5.0,25,10,10,0.0,-4.655284016453258,-5.0000000000000036,-46.55284016453258,0.0,90.0,10.0,,-4.655284016453258,0.0,-1.0,0.0,0
5.0,5.0,20.0,5.0,25,10,10,0.0,-4.655284016453258,-5.0000000000000036,-46.55284016453258,0.0,90.0,10.0,,-4.655284016453258,0.0,-1.0,0.0,0
5.0,1.5,10.0,8.0,25,18,18,16.666666666666664,-4.65587801113715,-7.999999999999996,-83.8058042004687,11.11111111111111,72.22222222222221,16.666666666666664,8.759016890265022,-7.338856991417584,0.2387024818853465,-0.6344145984288779,10.0,0
8.0,1.5,5.0,10.0,25,16,16,31.25,-4.719933749670478,-9.99999999999999,-75.51893999472765,25.0,56.25,18.75,4.6649820748768125,-8.985804579010154,0.23597735506338594,-0.5252655683939222,10.0,0
15.0,2.0,5.0,8.0,25,8,8,25.0,-4.749999999999994,-7.999999999999993,-37.99999999999995,25.0,75.0,0.0,5.000000000000008,-7.999999999999993,0.20833333333333384,-0.5937499999999998,0.0,0
5.0,5.0,5.0,8.0,25,10,10,20.0,-4.755284016453252,-7.999999999999996,-47.55284016453252,20.0,70.0,10.0,5.000000000000006,-7.1941050205665675,0.17375337118745016,-0.6609973030500397,0.0,0
5.0,1.5,20.0,10.0,25,18,18,16.666666666666664,-4.850070411626352,-9.99999999999999,-87.30126740927435,11.11111111111111,61.111111111111114,27.77777777777778,15.425683556931673,-8.905221205337957,0.3464413337129734,-0.5446322219058555,15.0,0
5.0,1.5,5.0,10.0,25,18,18,27.77777777777778,-4.921017671114964,-9.826706535819447,-88.57831808006935,27.77777777777778,50.0,22.22222222222222,5.000000000000004,-8.736793698466874,0.22011243362818383,-0.5632521312685339,7.5,0
2.0,5.0,10.0,8.0,25,10,10,10.0,-4.939374590172588,-7.999999999999991,-49.39374590172588,10.0,60.0,30.0,10.000000000000018,-6.599305100191766,0.1683678954438439,-0.7484688941005405,0.0,0
15.0,2.0,10.0,10.0,25,8,8,25.0,-4.999999999999995,-9.999999999999993,-39.99999999999996,25.0,75.0,0.0,10.000000000000007,-9.999999999999995,0.3333333333333337,-0.4999999999999997,2.5,0
15.0,1.5,15.0,5.0,25,10,10,0.0,-5.000000000000004,-5.0000000000000036,-50.00000000000004,0.0,100.0,0.0,,-5.000000000000004,0.0,-1.0,0.0,0
15.0,1.5,10.0,5.0,25,10,10,0.0,-5.000000000000004,-5.0000000000000036,-50.00000000000004,0.0,100.0,0.0,,-5.000000000000004,0.0,-1.0,0.0,0
15.0,1.5,5.0,5.0,25,10,10,0.0,-5.000000000000004,-5.0000000000000036,-50.00000000000004,0.0,100.0,0.0,,-5.000000000000004,0.0,-1.0,0.0,0
15.0,1.5,20.0,5.0,25,10,10,0.0,-5.000000000000004,-5.0000000000000036,-50.00000000000004,0.0,100.0,0.0,,-5.000000000000004,0.0,-1.0,0.0,0
15.0,5.0,5.0,5.0,25,8,8,0.0,-5.000000000000005,-5.000000000000006,-40.00000000000004,0.0,100.0,0.0,,-5.000000000000005,0.0,-1.0,0.0,0
15.0,5.0,10.0,5.0,25,8,8,0.0,-5.000000000000005,-5.000000000000006,-40.00000000000004,0.0,100.0,0.0,,-5.000000000000005,0.0,-1.0,0.0,0
10.0,5.0,10.0,5.0,25,8,8,0.0,-5.000000000000005,-5.000000000000007,-40.00000000000004,0.0,100.0,0.0,,-5.000000000000005,0.0,-1.0,0.0,0
15.0,5.0,15.0,5.0,25,8,8,0.0,-5.000000000000005,-5.000000000000006,-40.00000000000004,0.0,100.0,0.0,,-5.000000000000005,0.0,-1.0,0.0,0
10.0,5.0,20.0,5.0,25,8,8,0.0,-5.000000000000005,-5.000000000000007,-40.00000000000004,0.0,100.0,0.0,,-5.000000000000005,0.0,-1.0,0.0,0
15.0,5.0,20.0,5.0,25,8,8,0.0,-5.000000000000005,-5.000000000000006,-40.00000000000004,0.0,100.0,0.0,,-5.000000000000005,0.0,-1.0,0.0,0
15.0,2.0,20.0,5.0,25,8,8,0.0,-5.000000000000005,-5.000000000000006,-40.00000000000004,0.0,100.0,0.0,,-5.000000000000005,0.0,-1.0,0.0,0
10.0,5.0,15.0,5.0,25,8,8,0.0,-5.000000000000005,-5.000000000000007,-40.00000000000004,0.0,100.0,0.0,,-5.000000000000005,0.0,-1.0,0.0,0
15.0,2.0,10.0,5.0,25,8,8,0.0,-5.000000000000005,-5.000000000000006,-40.00000000000004,0.0,100.0,0.0,,-5.000000000000005,0.0,-1.0,0.0,0
15.0,2.0,15.0,5.0,25,8,8,0.0,-5.000000000000005,-5.000000000000006,-40.00000000000004,0.0,100.0,0.0,,-5.000000000000005,0.0,-1.0,0.0,0
5.0,5.0,10.0,8.0,25,10,10,10.0,-5.039758538680347,-7.999999999999996,-50.39758538680347,10.0,70.0,20.0,10.000000000000018,-6.710842820755943,0.16556953288707066,-0.7509874204016365,5.0,0
15.0,2.0,15.0,8.0,25,8,8,12.5,-5.124999999999995,-7.999999999999993,-40.99999999999996,12.5,87.5,0.0,14.999999999999996,-7.999999999999992,0.26785714285714307,-0.640625,2.5,0
15.0,5.0,15.0,8.0,25,8,8,12.5,-5.124999999999996,-7.999999999999994,-40.999999999999964,12.5,87.5,0.0,14.999999999999996,-7.999999999999994,0.267857142857143,-0.6406249999999999,2.5,0
10.0,5.0,10.0,8.0,25,8,8,12.5,-5.204904490505735,-7.999999999999993,-41.63923592404588,12.5,75.0,12.5,10.00000000000001,-7.377033703435127,0.19365119992690472,-0.7055552000639583,5.0,0
5.0,5.0,20.0,10.0,25,10,10,10.0,-5.405099845844239,-9.999999999999993,-54.05099845844239,10.0,60.0,30.0,19.999999999999996,-8.22788871760471,0.27008413682935073,-0.6569242768535842,5.0,0
5.0,1.5,15.0,10.0,25,18,18,16.666666666666664,-5.4056259671819085,-9.99999999999999,-97.30126740927436,11.11111111111111,61.111111111111114,27.77777777777778,12.092350223598338,-8.905221205337957,0.2715788848984449,-0.6070175959179627,15.0,0
15.0,1.5,15.0,8.0,25,10,10,10.0,-5.699999999999996,-7.999999999999994,-56.99999999999996,10.0,90.0,0.0,14.999999999999996,-7.999999999999996,0.2083333333333334,-0.7124999999999999,0.0,0
15.0,2.0,10.0,8.0,25,8,8,12.5,-5.749999999999993,-7.999999999999993,-45.99999999999994,12.5,87.5,0.0,10.000000000000012,-7.999999999999992,0.17857142857142896,-0.7187499999999998,2.5,0
15.0,5.0,10.0,8.0,25,8,8,12.5,-5.749999999999994,-7.999999999999994,-45.99999999999995,12.5,87.5,0.0,10.000000000000012,-7.999999999999994,0.17857142857142894,-0.7187499999999998,2.5,0
5.0,5.0,15.0,10.0,25,10,10,10.0,-5.905099845844241,-9.999999999999993,-59.05099845844241,10.0,60.0,30.0,14.999999999999988,-8.22788871760471,0.20256310262201294,-0.7176932076401884,5.0,0
5.0,1.5,10.0,10.0,25,18,18,16.666666666666664,-5.961181522737461,-9.99999999999999,-107.3012674092743,11.11111111111111,61.111111111111114,27.77777777777778,8.759016890265022,-8.905221205337957,0.19671643608391678,-0.6694029699300694,15.0,0
5.0,5.0,5.0,10.0,25,10,10,20.0,-6.120625323617142,-9.999999999999993,-61.20625323617143,20.0,60.0,20.0,5.000000000000006,-8.900781654521431,0.1404371041238861,-0.6876503167008909,0.0,0
15.0,1.5,10.0,8.0,25,10,10,10.0,-6.199999999999994,-7.999999999999994,-61.99999999999994,10.0,90.0,0.0,10.000000000000012,-7.999999999999996,0.13888888888888914,-0.7749999999999997,0.0,0
15.0,2.0,5.0,10.0,25,8,8,25.0,-6.249999999999995,-9.999999999999993,-49.99999999999996,25.0,75.0,0.0,5.000000000000008,-9.999999999999995,0.16666666666666702,-0.6249999999999998,0.0,0
15.0,5.0,20.0,10.0,25,8,8,12.5,-6.2499999999999964,-9.999999999999995,-49.99999999999997,12.5,87.5,0.0,20.000000000000004,-9.999999999999996,0.28571428571428586,-0.6249999999999999,2.5,0
15.0,5.0,5.0,8.0,25,8,8,12.5,-6.374999999999995,-7.999999999999994,-50.99999999999996,12.5,87.5,0.0,5.000000000000006,-7.999999999999994,0.08928571428571447,-0.796875,2.5,0
5.0,5.0,10.0,10.0,25,10,10,10.0,-6.405099845844238,-9.999999999999993,-64.05099845844238,10.0,60.0,30.0,10.000000000000018,-8.22788871760471,0.13504206841467564,-0.778462138426792,5.0,0
15.0,1.5,5.0,8.0,25,10,10,10.0,-6.699999999999994,-7.999999999999994,-66.99999999999994,10.0,90.0,0.0,5.000000000000006,-7.999999999999996,0.06944444444444457,-0.8374999999999997,0.0,0
15.0,5.0,15.0,10.0,25,8,8,12.5,-6.8749999999999964,-9.999999999999995,-54.99999999999997,12.5,87.5,0.0,14.999999999999996,-9.999999999999996,0.21428571428571433,-0.6874999999999999,2.5,0
15.0,1.5,20.0,10.0,25,10,10,10.0,-6.999999999999995,-9.999999999999993,-69.99999999999994,10.0,90.0,0.0,20.000000000000004,-9.999999999999995,0.22222222222222238,-0.6999999999999998,0.0,0
15.0,5.0,10.0,10.0,25,8,8,12.5,-7.499999999999995,-9.999999999999995,-59.99999999999996,12.5,87.5,0.0,10.000000000000012,-9.999999999999996,0.1428571428571431,-0.7499999999999998,2.5,0
15.0,1.5,15.0,10.0,25,10,10,10.0,-7.499999999999995,-9.999999999999993,-74.99999999999994,10.0,90.0,0.0,14.999999999999996,-9.999999999999995,0.1666666666666667,-0.7499999999999999,0.0,0
15.0,1.5,10.0,10.0,25,10,10,10.0,-7.999999999999993,-9.999999999999993,-79.99999999999993,10.0,90.0,0.0,10.000000000000012,-9.999999999999995,0.1111111111111113,-0.7999999999999997,0.0,0
15.0,2.0,20.0,8.0,25,8,8,0.0,-7.999999999999993,-7.999999999999994,-63.99999999999994,0.0,100.0,0.0,,-7.999999999999993,0.0,-1.0,2.5,0
15.0,1.5,20.0,8.0,25,10,10,0.0,-7.999999999999995,-7.999999999999995,-79.99999999999994,0.0,100.0,0.0,,-7.999999999999995,0.0,-1.0,0.0,0
15.0,5.0,20.0,8.0,25,8,8,0.0,-7.999999999999995,-7.999999999999995,-63.99999999999996,0.0,100.0,0.0,,-7.999999999999995,0.0,-1.0,2.5,0
15.0,5.0,5.0,10.0,25,8,8,12.5,-8.124999999999996,-9.999999999999995,-64.99999999999997,12.5,87.5,0.0,5.000000000000006,-9.999999999999996,0.07142857142857155,-0.8124999999999999,2.5,0
15.0,1.5,5.0,10.0,25,10,10,10.0,-8.499999999999993,-9.999999999999993,-84.99999999999993,10.0,90.0,0.0,5.000000000000006,-9.999999999999995,0.05555555555555565,-0.8499999999999998,0.0,0
