trades,avg_pct,median_pct,win_rate,profit_factor,target_rate,stop_rate,close_rate,worst_pct,median_minutes,is_avg,oos_avg,is_n,oos_n,drop_best10,tp,sl
55,-1.0465650919084435,-4.999999999999998,43.63636363636363,0.6435079829489235,41.81818181818181,56.36363636363636,1.8181818181818181,-8.692300638503319,4.0,-1.2343159280756326,-0.878236756034412,26,29,-1.9017821613178694,5,4
55,-0.7526816077812035,0.27794484990881596,50.90909090909091,0.7433536423681784,49.09090909090909,45.45454545454545,5.454545454545454,-8.692300638503319,4.0,-0.7754773319988152,-0.7322440619309313,26,29,-1.5719129444403555,5,5
55,-0.6414976344723287,3.9999999999999973,54.54545454545454,0.7864130937508332,52.72727272727272,40.0,7.2727272727272725,-8.692300638503319,7.0,-0.14854202736849068,-1.0834578339447354,26,29,-1.4879962384011831,5,6
55,-0.5174874412216766,3.9999999999999973,58.18181818181818,0.8289238075086971,56.36363636363636,34.54545454545455,9.090909090909092,-9.12720937364152,7.0,0.005304126477663856,-0.9861971226072923,26,29,-1.3488011235280017,5,7
55,-0.3103168873319864,3.999999999999999,61.81818181818181,0.895275669811904,60.0,29.09090909090909,10.909090909090908,-9.461530702353649,8.0,0.23208890755356412,-0.7966117379190316,26,29,-1.1162627467130433,5,8
55,-0.2740235699153803,4.0,63.63636363636363,0.9086470099796127,61.81818181818181,25.454545454545453,12.727272727272727,-11.687612658629634,11.0,0.5437656649392056,-1.0072139184056987,26,29,-1.0755253496127715,5,9
55,0.09391851273942145,4.0,67.27272727272727,1.033818612527937,65.45454545454545,20.0,14.545454545454545,-11.769230063850333,13.0,0.9283810495545898,-0.6542203133707292,26,29,-0.6625291343879938,5,10
55,-0.08308987136065747,4.0,67.27272727272727,0.9718733510410752,65.45454545454545,20.0,14.545454545454545,-12.19230384798431,14.0,0.7745348957084366,-0.851994834939845,26,29,-0.8612120145003272,5,11
55,0.0457053636434626,4.0,69.0909090909091,1.0159206823848268,65.45454545454545,16.363636363636363,18.181818181818183,-14.148367681139165,14.0,1.2168938365059405,-1.0043256809918621,26,29,-0.7166459343936618,5,12
55,0.29506740384086855,4.0,70.9090909090909,1.1095202150864543,67.27272727272727,12.727272727272727,20.0,-14.148367681139165,15.0,1.7938169134290176,-1.0486390530312655,26,29,-0.43674976682514527,5,13
55,0.2756063772894216,4.0,70.9090909090909,1.101563235740797,67.27272727272727,9.090909090909092,23.636363636363637,-15.000000000000009,20.0,1.7168938365059405,-1.0165823792495268,26,29,-0.45859377621962666,5,14
55,0.17713978000978559,4.0,70.9090909090909,1.0629917737802312,67.27272727272727,9.090909090909092,23.636363636363637,-16.415662850380002,20.0,1.6239837268759407,-1.1200306551115948,26,29,-0.5691175078600343,5,15
55,0.09378819547123983,4.0,70.9090909090909,1.0323914517432335,67.27272727272727,9.090909090909092,23.636363636363637,-17.00000000000001,20.0,1.5630476826597868,-1.2234789309736644,26,29,-0.6626754088726875,5,16
55,0.16082164958446016,4.0,70.9090909090909,1.0568590246855165,67.27272727272727,7.2727272727272725,25.454545454545453,-18.000000000000004,20.0,1.820233835591599,-1.3269272068357334,26,29,-0.5874337767047874,5,17
55,0.3988817549088443,4.0,70.9090909090909,1.1539865349216067,67.27272727272727,3.6363636363636362,29.09090909090909,-18.999999999999993,20.0,2.142929580319653,-1.1647473299422255,26,29,-0.3202234544019073,5,18
55,0.36251811854520766,4.0,70.9090909090909,1.1380111113029296,67.27272727272727,3.6363636363636362,29.09090909090909,-20.000000000000004,20.0,2.142929580319653,-1.2337128471836054,26,29,-0.36103978093252,5,19
55,0.7806999367270261,4.000000000000002,72.72727272727273,1.342220602382208,69.0909090909091,1.8181818181818181,29.09090909090909,-21.0,20.0,2.142929580319653,-0.4406093989077431,26,29,0.108347974169521,5,20
55,-0.8673414862992209,-4.999999999999998,41.81818181818181,0.7136308527404251,40.0,58.18181818181818,1.8181818181818181,-8.692300638503319,4.0,-1.2778464415562374,-0.4993025608963785,26,29,-1.7612955930786884,6,4
55,-0.48294153676648915,-0.09214360672830346,49.09090909090909,0.8394470758791293,47.27272727272727,45.45454545454545,7.2727272727272725,-8.692300638503319,5.0,-0.7044537840447258,-0.2843443495515181,26,29,-1.3298262619705201,6,5
55,-0.3535757452757958,4.999999999999995,52.72727272727272,0.8851535368633803,50.90909090909091,40.0,9.090909090909092,-8.692300638503319,7.0,-0.039056940952862856,-0.635558121565322,26,29,-1.2050932294007355,6,6
55,-0.1932019156615072,4.9999999999999964,56.36363636363636,0.9376793426428398,54.54545454545454,34.54545454545455,10.909090909090908,-9.12720937364152,8.0,0.15325075135483035,-0.5038146516071893,26,29,-1.025081787996942,6,7
55,0.050332274591819305,4.999999999999997,60.0,1.0165653311983376,58.18181818181818,29.09090909090909,12.727272727272727,-9.461530702353649,8.0,0.41849707089226934,-0.2797465082982391,26,29,-0.7517270846513715,6,8
55,0.10480741019024355,4.999999999999999,61.81818181818181,1.0340854359052594,60.0,25.454545454545453,14.545454545454545,-11.687612658629634,14.0,0.7686353667394492,-0.49034868878490623,26,29,-0.6905815242857936,6,9
55,0.5091131292086823,5.000000000000001,65.45454545454545,1.1784885838907793,63.63636363636363,20.0,16.363636363636363,-11.769230063850333,14.0,1.1917122898163721,-0.10287232512924668,26,29,-0.23676898253040313,6,10
55,0.33210474510860327,5.000000000000001,65.45454545454545,1.1096284940721584,63.63636363636363,20.0,16.363636363636363,-12.19230384798431,16.0,1.0378661359702188,-0.3006468466983626,26,29,-0.4354518626427366,6,11
55,0.46089998011272326,5.000000000000001,67.27272727272727,1.156446827909906,63.63636363636363,16.363636363636363,20.0,-14.148367681139165,20.0,1.4802250767677225,-0.45297769275037963,26,29,-0.29088578253607117,6,12
55,0.7284438384919474,5.000000000000001,69.0909090909091,1.2630317626519887,65.45454545454545,12.727272727272727,21.818181818181817,-14.148367681139165,20.0,2.095609692152338,-0.4972910647897831,26,29,0.009418548297751713,6,13
55,0.7089828119405005,5.000000000000001,69.0909090909091,1.2542182107059123,65.45454545454545,9.090909090909092,25.454545454545453,-15.000000000000009,23.0,2.018686615229261,-0.46523439100804426,26,29,-0.012425461096729677,6,14
55,0.6105162146608644,5.000000000000001,69.0909090909091,1.211445786533767,65.45454545454545,9.090909090909092,25.454545454545453,-16.415662850380002,23.0,1.9257765055992613,-0.5686826668701124,26,29,-0.12294919273713738,6,15
55,0.5271646301223187,5.000000000000001,69.0909090909091,1.177455091511057,65.45454545454545,9.090909090909092,25.454545454545453,-17.00000000000001,23.0,1.8648404613831073,-0.6721309427321818,26,29,-0.21650709374979074,6,16
55,0.5941980842355389,5.000000000000001,69.0909090909091,1.2046376436335902,65.45454545454545,7.2727272727272725,27.27272727272727,-18.000000000000004,23.0,2.12202661431492,-0.7755792185942509,26,29,-0.1412654615818905,6,17
55,0.8322581895599229,5.000000000000001,69.0909090909091,1.3122217542030725,65.45454545454545,3.6363636363636362,30.909090909090907,-18.999999999999993,23.0,2.444722359042973,-0.6133993417007431,26,29,0.1259448607209896,6,18
55,0.7958945531962863,5.000000000000001,69.0909090909091,1.2945615752296644,65.45454545454545,3.6363636363636362,30.909090909090907,-20.000000000000004,23.0,2.444722359042973,-0.6823648589421228,26,29,0.08512853419037707,6,19
55,1.2322581895599227,5.000000000000001,70.9090909090909,1.522916882725537,67.27272727272727,1.8181818181818181,30.909090909090907,-21.0,23.0,2.444722359042973,0.1452213479544289,26,29,0.574924452557724,6,20
55,-0.5037051226628566,-4.999999999999998,41.81818181818181,0.8336922553275873,40.0,58.18181818181818,1.8181818181818181,-8.692300638503319,4.0,-0.9701541338639288,-0.08550945744810241,26,29,-1.43476498083379,7,4
55,-0.04657790040285197,-0.09214360672830346,49.09090909090909,0.9845152724713665,47.27272727272727,45.45454545454545,7.2727272727272725,-8.692300638503319,5.0,-0.31983839942934,0.19841427113813725,26,29,-0.921662996664397,7,5
55,0.10096970926965913,5.999999999999999,52.72727272727272,1.0327964068477264,50.90909090909091,40.0,9.090909090909092,-8.692300638503319,7.0,0.38401998212406085,-0.15279950087566657,26,29,-0.7561136375640001,7,6
55,0.2977071752475839,5.999999999999999,56.36363636363636,1.0960306568278464,54.54545454545454,34.54545454545455,10.909090909090908,-9.12720937364152,8.0,0.6147892128932919,0.01342672770315594,26,29,-0.5352858696295946,7,7
55,0.31757614445693116,5.999999999999999,58.18181818181818,1.0995739912287972,56.36363636363636,29.09090909090909,14.545454545454545,-9.461530702353649,12.0,0.3684360263761596,0.2719776296327958,26,29,-0.5129839654150211,7,8
55,0.09932400732808262,5.999999999999999,58.18181818181818,1.0291477852974444,56.36363636363636,27.27272727272727,16.363636363636363,-11.687612658629634,15.0,0.1416512453002625,0.06137544914612855,26,29,-0.757960854029035,7,9
55,0.5218115445283393,5.999999999999999,61.81818181818181,1.1628983851263848,60.0,21.818181818181817,18.181818181818183,-11.769230063850333,16.0,0.5647281683771852,0.48333457142247743,26,29,-0.28374014900833894,7,10
55,0.32662134224644235,5.999999999999999,61.81818181818181,1.0961079261075308,60.0,21.818181818181817,18.181818181818183,-12.19230384798431,23.0,0.37242047606949324,0.28556004985336186,26,29,-0.5028311923859785,7,11
55,0.43723475906874365,5.999999999999999,63.63636363636363,1.1311697591276142,60.0,18.181818181818183,21.818181818181817,-14.148367681139165,23.0,0.7763178784054582,0.13322920380134465,26,29,-0.37867327554461955,7,12
55,1.068414981084332,6.000000000000002,67.27272727272727,1.3658514488467992,63.63636363636363,12.727272727272727,23.636363636363637,-14.148367681139165,26.0,2.1609332630208438,0.08891583176194118,26,29,0.32979432059532604,7,13
55,1.048953954532885,6.000000000000002,67.27272727272727,1.3568097608910132,63.63636363636363,9.090909090909092,27.27272727272727,-15.000000000000009,32.0,2.0840101860977667,0.12097250554368007,26,29,0.3079503112008448,7,14
55,0.9504873572532487,6.000000000000002,67.27272727272727,1.3128373619125129,63.63636363636363,9.090909090909092,27.27272727272727,-16.415662850380002,32.0,1.9911000764677669,0.01752422968161184,26,29,0.1974265795604371,7,15
55,0.8671357727147031,6.000000000000002,67.27272727272727,1.2777829080529934,63.63636363636363,9.090909090909092,27.27272727272727,-17.00000000000001,32.0,1.9301640322516127,-0.08592404618045761,26,29,0.10386867854778382,7,16
55,0.9341692268279235,6.000000000000002,67.27272727272727,1.3058239828743203,63.63636363636363,7.2727272727272725,29.09090909090909,-18.000000000000004,32.0,2.187350185183425,-0.18937232204252671,26,29,0.17911031071568376,7,17
55,1.1722293321523074,6.000000000000002,67.27272727272727,1.4161951699389708,63.63636363636363,3.6363636363636362,32.72727272727273,-18.999999999999993,32.0,2.5100459299114783,-0.027192445149018876,26,29,0.4463206330185641,7,18
55,1.135865695788671,6.000000000000002,67.27272727272727,1.3981440695070584,63.63636363636363,3.6363636363636362,32.72727272727273,-20.000000000000004,32.0,2.5100459299114783,-0.09615796239039867,26,29,0.40550430648795155,7,19
55,1.5904111503341256,6.000000000000002,69.0909090909091,1.6342751675594618,65.45454545454545,1.8181818181818181,32.72727272727273,-21.0,32.0,2.5100459299114783,0.7659110031268428,26,29,0.9157083881206048,7,20
55,-0.32287244166775747,-5.0,40.0,0.8965040423986551,38.18181818181819,60.0,1.8181818181818181,-8.692300638503319,4.0,-0.6476235887065884,-0.03171624087432287,26,29,-1.3531323277725658,8,4
55,0.18880023513770203,-4.137752558978047,47.27272727272727,1.060569571599866,45.45454545454545,47.27272727272727,7.2727272727272725,-8.692300638503319,6.0,0.07961522265107777,0.28669024633260665,26,29,-0.7788058538072543,8,5
55,0.6090169368816919,6.999999999999997,52.72727272727272,1.1978174185466346,50.90909090909091,40.0,9.090909090909092,-8.692300638503319,9.0,0.8602736066633762,0.3837523363877686,26,29,-0.3071340457272655,8,6
55,0.8421180392232538,7.000000000000002,56.36363636363636,1.2716399037609138,54.54545454545454,34.54545454545455,10.909090909090908,-9.12720937364152,14.0,1.129504375894146,0.5844613235872809,26,29,-0.045489951262247384,8,7
55,0.8801688266144189,7.0000000000000036,58.18181818181818,1.275971367972353,56.36363636363636,29.09090909090909,14.545454545454545,-9.461530702353649,17.0,0.8831511893770135,0.8774949841376103,26,29,-0.002779883782367979,8,8
55,0.6619166894855705,7.0000000000000036,58.18181818181818,1.194247152012217,56.36363636363636,27.27272727272727,16.363636363636363,-11.687612658629634,23.0,0.6563664083011164,0.6668928036509434,26,29,-0.2477567723963817,8,9
55,1.1207678630494635,7.0000000000000036,61.81818181818181,1.3498797159754896,60.0,21.818181818181817,18.181818181818183,-11.769230063850333,26.0,1.117904869839578,1.123334684547982,26,29,0.2672802591549268,8,10
55,0.9255776607675663,7.0000000000000036,61.81818181818181,1.2723500822573686,60.0,21.818181818181817,18.181818181818183,-12.19230384798431,26.0,0.9255971775318861,0.925560162978866,26,29,0.04818921577728714,8,11
55,1.036191077589868,7.0000000000000036,63.63636363636363,1.3108557387960926,60.0,18.181818181818183,21.818181818181817,-14.148367681139165,32.0,1.3294945798678506,0.7732293169268488,26,29,0.17234713261864604,8,12
55,1.7037349359690923,7.0000000000000036,67.27272727272727,1.5834005567224465,63.63636363636363,12.727272727272727,23.636363636363637,-14.148367681139165,33.0,2.791033041406313,0.7289159448874453,26,29,0.9216310552892039,8,13
55,1.684273909417645,7.0000000000000036,67.27272727272727,1.5729187332745236,63.63636363636363,9.090909090909092,27.27272727272727,-15.000000000000009,37.0,2.714109964483236,0.7609726186691844,26,29,0.8997870458947224,8,14
55,1.5858073121380094,7.0000000000000036,67.27272727272727,1.5219425300558171,63.63636363636363,9.090909090909092,27.27272727272727,-16.415662850380002,37.0,2.621199854853236,0.6575243428071159,26,29,0.7892633142543151,8,15
55,1.5024557275994637,7.0000000000000036,67.27272727272727,1.4813046980253806,63.63636363636363,9.090909090909092,27.27272727272727,-17.00000000000001,37.0,2.5602638106370823,0.5540760669450464,26,29,0.6957054132416615,8,16
55,1.5694891817126837,7.0000000000000036,67.27272727272727,1.5138120790591472,63.63636363636363,7.2727272727272725,29.09090909090909,-18.000000000000004,37.0,2.8174499635688948,0.45062779108297774,26,29,0.7709470454095613,8,17
55,1.8075492870370682,7.0000000000000036,67.27272727272727,1.6417628889307754,63.63636363636363,3.6363636363636362,32.72727272727273,-18.999999999999993,37.0,3.140145708296948,0.6128076679764853,26,29,1.0381573677124418,8,18
55,1.7711856506734311,7.0000000000000036,67.27272727272727,1.620836658265299,63.63636363636363,3.6363636363636362,32.72727272727273,-20.000000000000004,37.0,3.140145708296948,0.5438421507351056,26,29,0.9973410411818293,8,19
55,2.2439129234007034,7.0000000000000036,69.0909090909091,1.8948995642917965,65.45454545454545,1.8181818181818181,32.72727272727273,-21.0,37.0,3.140145708296948,1.440393874873037,26,29,1.5279532860797889,8,20
55,-0.20923580468672404,-5.0,38.18181818181819,0.9348291078583048,36.36363636363637,61.81818181818181,1.8181818181818181,-8.692300638503319,5.0,-0.29185377970824844,-0.13516451673639163,26,29,-1.312316001241954,9,4
55,0.3569823266641902,-4.978052895274468,45.45454545454545,1.1106519998397186,43.63636363636363,49.09090909090909,7.2727272727272725,-8.692300638503319,6.0,0.5123081085724942,0.2177247290912276,26,29,-0.6767650374807238,9,5
55,0.8135626647718165,0.27794484990881596,50.90909090909091,1.2537661070480404,49.09090909090909,41.81818181818181,9.090909090909092,-8.692300638503319,10.0,1.369889569507869,0.3147868191463898,26,29,-0.16427690287012273,9,6
55,1.064845585295196,8.000000000000002,54.54545454545454,1.3280909028110948,52.72727272727272,36.36363636363637,10.909090909090908,-9.12720937364152,14.0,1.6775818772001778,0.5154958063459021,26,29,0.11777535486020138,9,7
55,1.1028963726863614,8.000000000000002,56.36363636363636,1.3289297349813858,54.54545454545454,30.909090909090907,14.545454545454545,-9.461530702353649,17.0,1.4312286906830454,0.8085294668962315,26,29,0.16048542234008087,9,8
55,0.8664624173756951,8.000000000000002,56.36363636363636,1.2413935229366129,54.54545454545454,29.09090909090909,16.363636363636363,-11.687612658629634,26.0,1.204443909607148,0.5634445277888754,26,29,-0.10489962953923866,9,9
55,1.4970443866190548,8.000000000000002,60.0,1.4606650747074033,58.18181818181818,21.818181818181817,20.0,-11.769230063850333,32.0,1.7044439096071475,1.3110999866986959,26,29,0.6028964583869815,9,10
55,1.3018541843371578,8.000000000000002,60.0,1.3779037368686538,58.18181818181818,21.818181818181817,20.0,-12.19230384798431,32.0,1.5121362172994557,1.1133254651295805,26,29,0.38380541500934195,9,11
55,1.4124676011594592,8.000000000000002,61.81818181818181,1.417914385021313,58.18181818181818,18.181818181818183,23.636363636363637,-14.148367681139165,33.0,1.9160336196354208,0.9609946190775628,26,29,0.5079633318507008,9,12
55,2.11637509590232,8.000000000000002,65.45454545454545,1.7133520954708763,61.81818181818181,12.727272727272727,25.454545454545453,-14.148367681139165,37.0,3.4544951580969605,0.9166812470381598,26,29,1.298063581051871,9,13
55,2.096914069350873,8.000000000000002,65.45454545454545,1.7021864413401058,61.81818181818181,9.090909090909092,29.09090909090909,-15.000000000000009,39.0,3.377572081173883,0.9487379208198984,26,29,1.2762195716573899,9,14
55,1.9984474720712362,8.000000000000002,65.45454545454545,1.6478515478352702,61.81818181818181,9.090909090909092,29.09090909090909,-16.415662850380002,39.0,3.2846619715438834,0.8452896449578304,26,29,1.1656958400169821,9,15
55,1.915095887532691,8.000000000000002,65.45454545454545,1.604496915267614,61.81818181818181,9.090909090909092,29.09090909090909,-17.00000000000001,39.0,3.2237259273277292,0.7418413690957609,26,29,1.0721379390043289,9,16
55,1.9821293416459107,8.000000000000002,65.45454545454545,1.6391803339626783,61.81818181818181,7.2727272727272725,30.909090909090907,-18.000000000000004,39.0,3.480912080259542,0.6383930932336918,26,29,1.1473795711722288,9,17
55,2.2201894469702945,8.000000000000002,65.45454545454545,1.7754796695984023,61.81818181818181,3.6363636363636362,34.54545454545455,-18.999999999999993,39.0,3.803607824987595,0.8005729701271999,26,29,1.414589893475109,9,18
55,2.183825810606658,8.000000000000002,65.45454545454545,1.7532116276348555,61.81818181818181,3.6363636363636362,34.54545454545455,-20.000000000000004,39.0,3.803607824987595,0.7316074528858201,26,29,1.3737735669444966,9,19
55,2.674734901515749,8.000000000000002,67.27272727272727,2.0473148239178287,63.63636363636363,1.8181818181818181,34.54545454545455,-21.0,39.0,3.803607824987595,1.6626419356444406,26,29,1.9247939751077618,9,20
55,0.12687297930836153,-5.0,38.18181818181819,1.039517257873625,36.36363636363637,61.81818181818181,1.8181818181818181,-8.692300638503319,5.0,0.044684103601103725,0.20055955752866167,26,29,-1.0266017155276679,10,4
55,0.7658183833865482,-4.978052895274468,45.45454545454545,1.237376837188513,43.63636363636363,49.09090909090909,7.2727272727272725,-8.692300638503319,7.0,0.9257690688049233,0.62241432059766,26,29,-0.3094180987052135,10,5
55,1.276944176039629,0.27794484990881596,50.90909090909091,1.3983038633688167,49.09090909090909,41.81818181818181,9.090909090909092,-8.692300638503319,10.0,1.8602736066633754,0.753959169273512,26,29,0.2642945257013062,10,6
55,1.5645907329266453,9.0,54.54545454545454,1.4820680042106493,52.72727272727272,36.36363636363637,10.909090909090908,-9.12720937364152,15.0,2.2064274528172225,0.9891509150937137,26,29,0.5871631099622429,10,7
55,1.6208233384996296,9.0,56.36363636363636,1.4833971752810724,54.54545454545454,30.909090909090907,14.545454545454545,-9.461530702353649,17.0,1.96007426630009,1.3166673342647328,26,29,0.6502813407074285,10,8
55,1.3843893831889629,9.0,56.36363636363636,1.3856862382285278,54.54545454545454,29.09090909090909,16.363636363636363,-11.687612658629634,26.0,1.7332894852241931,1.0715823951573766,26,29,0.3848962888281088,10,9
55,2.051334988795958,9.000000000000002,60.0,1.631229370558446,58.18181818181818,21.818181818181817,20.0,-11.769230063850333,33.0,2.2717510236857312,1.853720612687887,26,29,1.1335087032849411,10,10
55,1.8561447865140621,9.000000000000002,60.0,1.5388038533286854,58.18181818181818,21.818181818181817,20.0,-12.19230384798431,33.0,2.0794433313780396,1.6559460911187711,26,29,0.9144176599073016,10,11
55,1.9667582033363626,9.000000000000002,61.81818181818181,1.5819153263113659,58.18181818181818,18.181818181818183,23.636363636363637,-14.148367681139165,34.0,2.4833407337140043,1.503615245066754,26,29,1.0385755767486606,10,12
55,2.7070293344428604,9.000000000000004,65.45454545454545,1.9124398845766197,61.81818181818181,12.727272727272727,25.454545454545453,-14.148367681139165,38.0,4.098725349098621,1.4593018730273501,26,29,1.869492152480443,10,13
55,2.6875683078914134,9.000000000000004,65.45454545454545,1.8999768057071216,61.81818181818181,9.090909090909092,29.09090909090909,-15.000000000000009,39.0,4.0218022721755435,1.4913585468090893,26,29,1.8476481430859621,10,14
55,2.5891017106117773,9.000000000000004,65.45454545454545,1.8393283156871456,61.81818181818181,9.090909090909092,29.09090909090909,-16.415662850380002,39.0,3.928892162545544,1.3879102709470215,26,29,1.7371244114455542,10,15
55,2.5057501260732313,9.000000000000004,65.45454545454545,1.7909359690569784,61.81818181818181,9.090909090909092,29.09090909090909,-17.00000000000001,39.0,3.8679561183293902,1.2844619950849514,26,29,1.643566510432901,10,16
55,2.5727835801864516,9.000000000000004,65.45454545454545,1.829649525611553,61.81818181818181,7.2727272727272725,30.909090909090907,-18.000000000000004,39.0,4.125142271261202,1.1810137192228827,26,29,1.7188081426008008,10,17
55,2.8108436855108354,9.000000000000004,65.45454545454545,1.981786547768354,61.81818181818181,3.6363636363636362,34.54545454545455,-18.999999999999993,39.0,4.447838015989256,1.3431935961163908,26,29,1.9860184649036812,10,18
55,2.7744800491471984,9.000000000000004,65.45454545454545,1.9569310077336546,61.81818181818181,3.6363636363636362,34.54545454545455,-20.000000000000004,39.0,4.447838015989256,1.2742280788750104,26,29,1.9452021383730684,10,19
55,3.283570958238108,9.000000000000004,67.27272727272727,2.2857096746298207,63.63636363636363,1.8181818181818181,34.54545454545455,-21.0,39.0,4.447838015989256,2.2397453202543214,26,29,2.5166307098016407,10,20
55,0.08777135283189294,-5.0,36.36363636363637,1.0265854522387665,32.72727272727273,63.63636363636363,3.6363636363636362,-8.692300638503319,6.0,-0.18608512716812753,0.3332978521422562,26,29,-1.1664912669945986,11,4
55,0.49035312054644303,-5.999999999999998,41.81818181818181,1.1423643503887333,38.18181818181819,52.72727272727272,9.090909090909092,-8.692300638503319,8.0,0.11807676111261446,0.8241181324526343,26,29,-0.7146137726211241,11,5
55,1.0196607313813426,-3.702882015680263,47.27272727272727,1.2946570325820115,43.63636363636363,45.45454545454545,10.909090909090908,-8.692300638503319,12.0,1.052581298971067,0.9901457397491763,26,29,-0.1204929849492979,11,6
55,1.3073072882683587,0.27794484990881596,50.90909090909091,1.369662369106811,47.27272727272727,40.0,12.727272727272727,-9.12720937364152,18.0,1.3602736066633756,1.2598202441900677,26,29,0.20237559931163843,11,7
55,1.4195564291138474,4.145411978120377,52.72727272727272,1.39365867152055,49.09090909090909,32.72727272727273,18.181818181818183,-9.461530702353649,18.0,1.1939553986073115,1.6218194219817768,26,29,0.3283695329137177,11,8
55,1.164940655621363,4.145411978120377,52.72727272727272,1.3017453419673333,49.09090909090909,30.909090909090907,20.0,-11.687612658629634,33.0,0.9287090790698762,1.3767344828744204,26,29,0.042576317769092015,11,9
55,1.850068079410177,10.000000000000002,56.36363636363636,1.5227386268820757,52.72727272727272,23.636363636363637,23.636363636363637,-11.769230063850333,35.0,1.4671706175314143,2.1933554590256206,26,29,0.8115968954912308,11,10
55,1.6366960589464628,10.000000000000002,56.36363636363636,1.4361550201134565,52.72727272727272,23.636363636363637,23.636363636363637,-12.19230384798431,35.0,1.2364013867621844,1.9955809374565052,26,29,0.5720976888482852,11,11
55,1.7291276575869452,10.000000000000002,58.18181818181818,1.4666251783841873,52.72727272727272,20.0,27.27272727272727,-14.148367681139165,38.0,1.6018372506366103,1.8432500914044876,26,29,0.6758474424243378,11,12
55,2.0512169705116237,10.000000000000004,60.0,1.5753228731630171,54.54545454545454,16.363636363636363,29.09090909090909,-14.148367681139165,45.0,2.332606481405842,1.7989367193650845,26,29,1.037376263054079,11,13
55,1.9953923075965405,10.000000000000004,60.0,1.5510372981605351,54.54545454545454,12.727272727272727,32.72727272727273,-15.000000000000009,57.0,2.178760327559688,1.8309933931468227,26,29,0.9747159271289855,11,14
55,2.0367264204626303,10.000000000000004,60.0,1.5689462174771585,54.54545454545454,10.909090909090908,34.54545454545455,-16.415662850380002,65.0,2.3815824893918,1.727545117284755,26,29,1.0211113599378618,11,15
55,1.9351930177422667,10.000000000000004,60.0,1.52567399491308,54.54545454545454,10.909090909090908,34.54545454545455,-17.00000000000001,65.0,2.282184906714108,1.624096841422685,26,29,0.9071452956599022,11,16
55,1.9840446536736682,10.000000000000004,60.0,1.5461919810967615,54.54545454545454,9.090909090909092,36.36363636363637,-18.00000000000001,65.0,2.500909521184381,1.520648565560616,26,29,0.9619787645624961,11,17
55,2.203922940816234,10.000000000000004,60.0,1.645814399494327,54.54545454545454,5.454545454545454,40.0,-18.999999999999993,81.0,2.785143727450897,1.6828284424541244,26,29,1.2087809236000706,11,18
55,2.14937748627078,10.000000000000004,60.0,1.619922487743173,54.54545454545454,5.454545454545454,40.0,-20.000000000000004,81.0,2.746682188989359,1.6138629252127448,26,29,1.147556433804152,11,19
55,2.185741093735194,10.000000000000004,60.0,1.6370922710582467,54.54545454545454,3.6363636363636362,41.81818181818181,-21.0,81.0,2.9005282817025426,1.5448974079713653,26,29,1.1883727278968619,11,20
55,0.15401573707885638,-5.0,34.54545454545455,1.0460528335756205,30.909090909090907,63.63636363636363,5.454545454545454,-8.692300638503319,6.0,-0.39210662203032015,0.6436426797284631,26,29,-1.1941761418194359,12,4
55,0.6111429593388618,-5.999999999999998,40.0,1.1752532087179877,36.36363636363637,52.72727272727272,10.909090909090908,-8.692300638503319,10.0,-0.04948319528803925,1.2034284772802213,26,29,-0.6810741576500424,12,5
55,1.1949960247192153,-3.702882015680263,45.45454545454545,1.341101268475566,41.81818181818181,45.45454545454545,12.727272727272727,-8.692300638503319,14.0,0.9619444194934904,1.4039388431974518,26,29,-0.025728880182297905,12,6
55,1.3076618627283292,-0.6239395382846239,47.27272727272727,1.3641821398499434,43.63636363636363,40.0,16.363636363636363,-9.12720937364152,18.0,0.8610236680210052,1.7080961062590339,26,29,0.10073277472589079,12,7
55,1.4380928217556361,-0.09214360672830346,49.09090909090909,1.392894702598398,45.45454545454545,32.72727272727273,21.818181818181817,-9.461530702353649,18.0,0.694705459964941,2.104578042671432,26,29,0.24713487159327624,12,8
55,1.1834770482631518,-0.09214360672830346,49.09090909090909,1.302303355228669,45.45454545454545,30.909090909090907,23.636363636363637,-11.687612658629634,34.0,0.42945914042750566,1.859493103564076,26,29,-0.03865834355134948,12,9
55,1.5049681084156024,0.27794484990881596,50.90909090909091,1.396735950362242,47.27272727272727,25.454545454545453,27.27272727272727,-11.769230063850333,38.0,1.0063822173505825,1.9519761486807925,26,29,0.32219896886466626,12,10
55,1.2734142697700692,0.27794484990881596,50.90909090909091,1.316381834891607,47.27272727272727,25.454545454545453,27.27272727272727,-12.19230384798431,38.0,0.7756129865813524,1.719718868490987,26,29,0.06229159895641479,12,11
55,1.7840276865923705,4.145411978120377,54.54545454545454,1.4745014612122025,49.09090909090909,20.0,30.909090909090907,-14.148367681139165,40.0,1.1410488504557785,2.3604914707148326,26,29,0.6354291076345083,12,12
55,2.1242988176988664,11.000000000000002,56.36363636363636,1.5869002543111668,50.90909090909091,16.363636363636363,32.72727272727273,-14.148367681139165,53.0,1.9102796196865486,2.31617809867543,26,29,1.0173660915295555,12,13
55,2.0684741547837837,11.000000000000002,56.36363636363636,1.5627969078734882,50.90909090909091,12.727272727272727,36.36363636363637,-15.000000000000009,102.0,1.7564334658403948,2.3482347724571673,26,29,0.9547057556044621,12,14
55,2.109808267649873,11.000000000000002,56.36363636363636,1.5805725235874295,50.90909090909091,10.909090909090908,38.18181818181819,-16.415662850380002,108.0,1.9592556276725068,2.2447864965950997,26,29,1.0011011884133385,12,15
55,2.008274864929509,11.000000000000002,56.36363636363636,1.5376120362253827,50.90909090909091,10.909090909090908,38.18181818181819,-17.00000000000001,108.0,1.8598580449948143,2.14133822073303,26,29,0.8871351241353789,12,16
55,2.0571265008609108,11.000000000000002,56.36363636363636,1.557986616222078,50.90909090909091,9.090909090909092,40.0,-18.00000000000001,113.0,2.078582659465088,2.0378899448709613,26,29,0.9419685930379729,12,17
55,2.277004788003477,11.000000000000002,56.36363636363636,1.6567998651292408,50.90909090909091,5.454545454545454,43.63636363636363,-18.999999999999993,157.0,2.3628168657316033,2.2000698217644694,26,29,1.1887707520755473,12,18
55,2.2224593334580227,11.000000000000002,56.36363636363636,1.6311362452199416,50.90909090909091,5.454545454545454,43.63636363636363,-20.000000000000004,157.0,2.3243553272700654,2.1311043045230895,26,29,1.1275462622796286,12,19
55,2.2588229409224367,11.000000000000002,56.36363636363636,1.648156050572087,50.90909090909091,3.6363636363636362,45.45454545454545,-21.0,201.0,2.47820141998325,2.06213878728171,26,29,1.1683625563723385,12,20
55,-0.03945507367204382,-5.000000000000002,32.72727272727273,0.9885145963631116,27.27272727272727,65.45454545454545,7.2727272727272725,-8.692300638503319,7.0,-0.4942373182922416,0.3682807318495123,26,29,-1.513674062284947,13,4
55,0.45403578495159524,-5.999999999999999,38.18181818181819,1.126251134325503,32.72727272727273,54.54545454545454,12.727272727272727,-8.692300638503319,10.0,-0.11315235308842354,0.9625492880219575,26,29,-0.9597557515849436,13,5
55,1.074252486695585,-4.137752558978047,43.63636363636363,1.2958868285748484,38.18181818181819,47.27272727272727,14.545454545454545,-8.692300638503319,18.0,0.9751983386161819,1.1630596539391878,26,29,-0.26359414758658783,13,6
55,1.1869183247046984,-2.35655886641702,45.45454545454545,1.3176861048375261,40.0,41.81818181818181,18.181818181818183,-9.12720937364152,26.0,0.8742775871436966,1.4672169170007687,26,29,-0.13713249267839964,13,7
55,1.3173492837320049,-0.6239395382846239,47.27272727272727,1.344505346193221,41.81818181818181,34.54545454545455,23.636363636363637,-9.461530702353649,33.0,0.7079593790876325,1.8636988534131669,26,29,0.009269604188985576,13,8
55,1.0445516920577023,-0.6239395382846239,47.27272727272727,1.2549749290323735,41.81818181818181,32.72727272727273,25.454545454545453,-11.687612658629634,38.0,0.44271305955019713,1.5841311556851208,26,29,-0.29693177422094635,13,9
55,1.3660427522101517,-0.09214360672830346,49.09090909090909,1.3420772809874089,43.63636363636363,27.27272727272727,29.09090909090909,-11.769230063850333,40.0,1.0580976749348108,1.6421314421811477,26,29,0.06392553819506859,13,10
55,1.1163070953828005,-0.09214360672830346,49.09090909090909,1.2630869826588442,43.63636363636363,27.27272727272727,29.09090909090909,-12.19230384798431,40.0,0.8273284441655806,1.3753914033706525,26,29,-0.21638999497848904,13,11
55,1.6269205122051016,2.3446018971901554,52.72727272727272,1.407121217918809,45.45454545454545,21.818181818181817,32.72727272727273,-14.148367681139165,53.0,1.192764308040007,2.0161640055944967,26,29,0.35674751369960395,13,12
55,1.8411859051320583,2.5013324607351253,54.54545454545454,1.475259033082406,45.45454545454545,18.181818181818183,36.36363636363637,-14.148367681139165,82.0,1.7339060157371349,1.9373678749344045,26,29,0.597249485352311,13,13
55,1.7671794240351573,2.5013324607351253,54.54545454545454,1.4476053692937685,45.45454545454545,14.545454545454545,40.0,-15.000000000000009,108.0,1.5800598618909807,1.9349417900954529,26,29,0.5141809861619112,13,14
55,1.7903317187194283,2.5013324607351253,54.54545454545454,1.4561444900271887,45.45454545454545,12.727272727272727,41.81818181818181,-16.415662850380002,113.0,1.7828820237230927,1.7970107556126953,26,29,0.5401682557054815,13,15
55,1.6706164978172462,2.5013324607351253,54.54545454545454,1.4130447920152902,45.45454545454545,12.727272727272727,41.81818181818181,-17.00000000000001,113.0,1.6834844410454002,1.6590797211299355,26,29,0.4057940281622154,13,16
55,2.094804055284229,3.643475684456967,56.36363636363636,1.568206488987021,45.45454545454545,9.090909090909092,45.45454545454545,-18.00000000000001,220.0,1.9022090555156739,2.2674754343870736,26,29,0.8819229191965845,13,17
55,2.3146823424267957,3.643475684456967,56.36363636363636,1.6676679198623776,45.45454545454545,5.454545454545454,49.09090909090909,-18.999999999999993,295.0,2.1864432617821903,2.4296553112805808,26,29,1.1287250782341587,13,18
55,2.260136887881341,3.643475684456967,56.36363636363636,1.6418359551628023,45.45454545454545,5.454545454545454,49.09090909090909,-20.000000000000004,295.0,2.1479817233206515,2.3606897940392004,26,29,1.0675005884382402,13,19
55,2.296500495345755,3.643475684456967,56.36363636363636,1.6589674047636027,45.45454545454545,3.6363636363636362,50.90909090909091,-21.0,295.0,2.301827816033836,2.2917242767978214,26,29,1.10831688253095,13,20
55,0.23327219905523436,-5.000000000000002,32.72727272727273,1.0679057245130001,27.27272727272727,65.45454545454545,7.2727272727272725,-8.692300638503319,7.0,-0.2634680875230071,0.6786255594357263,26,29,-1.3300005928971883,14,4
55,0.7813085122243301,-5.999999999999999,38.18181818181819,1.217253990094655,32.72727272727273,54.54545454545454,12.727272727272727,-8.692300638503319,10.0,0.1560784161423508,1.3418596328495527,26,29,-0.7148577924012647,14,5
55,1.4560706685137748,-4.137752558978047,43.63636363636363,1.4010529532146072,38.18181818181819,47.27272727272727,14.545454545454545,-8.692300638503319,18.0,1.3213521847700345,1.5768527573874729,26,29,0.042528301393010566,14,6
55,1.5869183247047067,-2.35655886641702,45.45454545454545,1.424748603823401,40.0,41.81818181818181,18.181818181818183,-9.12720937364152,26.0,1.2204314332975492,1.915492779069744,26,29,0.18939811956650532,14,7
55,1.7355311019138324,-0.6239395382846239,47.27272727272727,1.4538657670197366,41.81818181818181,34.54545454545455,23.636363636363637,-9.461530702353649,33.0,1.0541132252414853,2.3464574741028335,26,29,0.3562083796991972,14,8
55,1.4627335102395291,-0.6239395382846239,47.27272727272727,1.3570530552029354,41.81818181818181,32.72727272727273,25.454545454545453,-11.687612658629634,40.0,0.7888669057040498,2.0668897763747873,26,29,0.05000700128926519,14,9
55,1.802406388573798,-0.09214360672830346,49.09090909090909,1.4513491804265342,43.63636363636363,27.27272727272727,29.09090909090909,-11.769230063850333,54.0,1.4427130595502033,2.124890062870814,26,29,0.43127247697058696,14,10
55,1.552670731746446,-0.09214360672830346,49.09090909090909,1.3659274939373154,43.63636363636363,27.27272727272727,29.09090909090909,-12.19230384798431,54.0,1.211943828780973,1.8581500240603186,26,29,0.1509569437970294,14,11
55,2.081465966750566,2.3446018971901554,52.72727272727272,1.52086684818515,45.45454545454545,21.818181818181817,32.72727272727273,-14.148367681139165,73.0,1.577379692655399,2.533405384904853,26,29,0.744502615740429,14,12
55,2.2957313596775233,2.5013324607351253,54.54545454545454,1.5925892997421351,45.45454545454545,18.181818181818183,36.36363636363637,-14.148367681139165,93.0,2.118521400352527,2.4546092542447613,26,29,0.9850045873931361,14,13
55,2.221724878580621,2.5013324607351253,54.54545454545454,1.5627362854166227,45.45454545454545,14.545454545454545,40.0,-15.000000000000009,108.0,1.9646752465063733,2.45218316940581,26,29,0.9019360882027363,14,14
55,2.244877173264892,2.5013324607351253,54.54545454545454,1.5719545392990184,45.45454545454545,12.727272727272727,41.81818181818181,-16.415662850380002,118.0,2.167497408338485,2.3142521349230516,26,29,0.9279233577463062,14,15
55,2.12516195236271,2.5013324607351253,54.54545454545454,1.5254270371203333,45.45454545454545,12.727272727272727,41.81818181818181,-17.00000000000001,118.0,2.0680998256607923,2.1763211004402923,26,29,0.7935491302030404,14,16
55,2.5493495098296934,3.643475684456967,56.36363636363636,1.6914999665611055,45.45454545454545,9.090909090909092,45.45454545454545,-18.00000000000001,220.0,2.2868244401310664,2.784716813697429,26,29,1.2696780212374092,14,17
55,2.769227796972259,3.643475684456967,56.36363636363636,1.7987811238457296,45.45454545454545,5.454545454545454,49.09090909090909,-18.999999999999993,295.0,2.571058646397582,2.9468966905909375,26,29,1.5164801802749837,14,18
55,2.714682342426805,3.643475684456967,56.36363636363636,1.7709182322352226,45.45454545454545,5.454545454545454,49.09090909090909,-20.000000000000004,295.0,2.5325971079360436,2.877931173349557,26,29,1.455255690479065,14,19
55,2.751045949891219,3.643475684456967,56.36363636363636,1.7893965682390582,45.45454545454545,3.6363636363636362,50.90909090909091,-21.0,295.0,2.6864432006492276,2.808965656108179,26,29,1.496071984571775,14,20
55,0.022321300695818475,-5.000000000000002,30.909090909090907,1.006458581965478,23.636363636363637,65.45454545454545,10.909090909090908,-8.692300638503319,7.0,-1.063556702423175,0.9958670965956056,26,29,-1.6933129191707488,15,4
55,0.2612667047740037,-6.0,34.54545454545455,1.0701158642974795,27.27272727272727,56.36363636363636,16.363636363636363,-8.692300638503319,27.0,-0.6055486602962797,1.0384115148370168,26,29,-1.42510889418503,15,5
55,0.9723924974270839,-4.978052895274468,40.0,1.2573335307471027,32.72727272727273,49.09090909090909,18.181818181818183,-8.692300638503319,29.0,0.6366481852544794,1.273404639374936,26,29,-0.6269064738601444,15,6
55,1.1032401536180154,-3.489159361930943,41.81818181818181,1.2827065066540106,34.54545454545455,43.63636363636363,21.818181818181817,-9.12720937364152,32.0,0.5357274337819941,1.6120446610572072,26,29,-0.48003665568664994,15,7
55,1.2518529308271407,-2.35655886641702,43.63636363636363,1.3123109012411676,36.36363636363637,36.36363636363637,27.27272727272727,-9.461530702353649,37.0,0.36940922572592994,2.0430093560902947,26,29,-0.31322639555395826,15,8
55,0.9608735209710191,-2.35655886641702,43.63636363636363,1.2234935578552821,36.36363636363637,34.54545454545455,29.09090909090909,-11.687612658629634,41.0,0.10416290618849469,1.7289588997415593,26,29,-0.6398359372291964,15,9
55,1.3005463993052873,-1.1457712943990095,45.45454545454545,1.3086100030080634,38.18181818181819,29.09090909090909,32.72727272727273,-11.769230063850333,73.0,0.7964705984961858,1.752476427616896,26,29,-0.2585704615478753,15,10
55,1.032628924296118,-1.1457712943990095,45.45454545454545,1.230388280526615,38.18181818181819,29.09090909090909,32.72727272727273,-12.19230384798431,73.0,0.5657013677269557,1.4512536301857113,26,29,-0.559294157986739,15,11
55,1.5614241593002371,-0.09214360672830346,49.09090909090909,1.3671042658390822,40.0,23.636363636363637,36.36363636363637,-14.148367681139165,85.0,0.931137231601382,2.1265089910302457,26,29,0.03425151395666036,15,12
55,1.7575077340453762,0.27794484990881596,50.90909090909091,1.4235523958852934,40.0,20.0,40.0,-14.148367681139165,94.0,1.4722789392985096,2.013230101749463,26,29,0.25434532234406093,15,13
55,1.6653194347666562,0.27794484990881596,50.90909090909091,1.3926126991796635,40.0,16.363636363636363,43.63636363636363,-15.000000000000009,161.0,1.3184327854523556,1.9763212582898224,26,29,0.15086865988835513,15,14
55,1.6702899112691092,0.27794484990881596,50.90909090909091,1.39424651985144,40.0,14.545454545454545,45.45454545454545,-16.415662850380002,256.0,1.5212549472844674,1.8039074651863742,26,29,0.15644776616661907,15,15
55,1.7755709291967379,0.27794484990881596,50.90909090909091,1.4297764392247507,40.0,12.727272727272727,47.27272727272727,-17.00000000000001,295.0,1.4218573646067751,2.092693435380842,26,29,0.27462033730987534,15,16
55,2.199758486663721,2.3434673069947305,52.72727272727272,1.582958366622691,40.0,9.090909090909092,50.90909090909091,-18.00000000000001,316.0,1.6405819790770484,2.7010891486379793,26,29,0.7507492283442445,15,17
55,2.4196367738062867,2.3434673069947305,52.72727272727272,1.6809046501034188,40.0,5.454545454545454,54.54545454545454,-18.999999999999993,325.0,1.924816185343565,2.863269025531488,26,29,0.9975513873818187,15,18
55,2.365091319260832,2.3434673069947305,52.72727272727272,1.6554936240496188,40.0,5.454545454545454,54.54545454545454,-20.000000000000004,325.0,1.8863546468820265,2.7943035082901075,26,29,0.9363268975859002,15,19
55,2.4014549267252465,2.3434673069947305,52.72727272727272,1.672348058679872,40.0,3.6363636363636362,56.36363636363636,-21.0,325.0,2.040200739595211,2.725337991048729,26,29,0.9771431916786101,15,20
55,0.2550484901933333,-5.000000000000002,30.909090909090907,1.073797293514965,23.636363636363637,65.45454545454545,10.909090909090908,-8.692300638503319,7.0,-0.9097105485770215,1.2993152146081342,26,29,-1.550455776313605,16,4
55,0.5303575306351556,-6.0,34.54545454545455,1.1423314795481772,27.27272727272727,56.36363636363636,16.363636363636363,-8.692300638503319,27.0,-0.4132409679885876,1.3763423914702355,26,29,-1.241435424797274,16,5
55,1.29602877783369,-4.978052895274468,40.0,1.3429804962833998,32.72727272727273,49.09090909090909,18.181818181818183,-8.692300638503319,29.0,0.9058789544852482,1.6458182746288443,26,29,-0.3820085146764698,16,6
55,1.4450582522064401,-3.489159361930943,41.81818181818181,1.3702977715713935,34.54545454545455,43.63636363636363,21.818181818181817,-9.12720937364152,32.0,0.8049582030127632,2.0189410549318048,26,29,-0.214730533237669,16,7
55,1.6118528475973837,-2.35655886641702,43.63636363636363,1.4021232870930518,36.36363636363637,36.36363636363637,27.27272727272727,-9.461530702353649,39.0,0.638639994956699,2.4843885085855826,26,29,-0.027512109839671412,16,8
55,1.3208734377412623,-2.35655886641702,43.63636363636363,1.3072274317425336,36.36363636363637,34.54545454545455,29.09090909090909,-11.687612658629634,53.0,0.37339367541926377,2.170338052236847,26,29,-0.3541216515149094,16,9
55,1.6787281342573488,-1.1457712943990095,45.45454545454545,1.398349720424907,38.18181818181819,29.09090909090909,32.72727272727273,-11.769230063850333,77.0,1.1041629061884934,2.193855580112184,26,29,0.04755198743171794,16,10
55,1.4108106592481795,-1.1457712943990095,45.45454545454545,1.3147638365392142,38.18181818181819,29.09090909090909,32.72727272727273,-12.19230384798431,83.0,0.8733936754192633,1.8926327826809999,26,29,-0.25317170900714586,16,11
55,1.957787712434116,-0.09214360672830346,49.09090909090909,1.4602927504106238,40.0,23.636363636363637,36.36363636363637,-14.148367681139165,94.0,1.2388295392936894,2.6023709021462236,26,29,0.36078212620155975,16,12
55,2.153871287179255,0.27794484990881596,50.90909090909091,1.5190744407214998,40.0,20.0,40.0,-14.148367681139165,98.0,1.7799712469908173,2.4890920128654406,26,29,0.5808759345889603,16,13
55,2.0616829879005354,0.27794484990881596,50.90909090909091,1.486058653873718,40.0,16.363636363636363,43.63636363636363,-15.000000000000009,161.0,1.6261250931446634,2.4521831694058003,26,29,0.47739927213325445,16,14
55,2.066653464402988,0.27794484990881596,50.90909090909091,1.4878021058396533,40.0,14.545454545454545,45.45454545454545,-16.415662850380002,256.0,1.8289472549767753,2.279769376302352,26,29,0.4829783784115182,16,15
55,2.171934482330617,0.27794484990881596,50.90909090909091,1.5257161247102597,40.0,12.727272727272727,47.27272727272727,-17.00000000000001,295.0,1.7295496722990826,2.5685553464968205,26,29,0.6011509495547747,16,16
55,2.5961220397976006,2.3434673069947305,52.72727272727272,1.6879987385201243,40.0,9.090909090909092,50.90909090909091,-18.00000000000001,316.0,1.9482742867693565,3.1769510597539563,26,29,1.0772798405891437,16,17
55,2.8160003269401663,2.3434673069947305,52.72727272727272,1.7924444437542728,40.0,5.454545454545454,54.54545454545454,-18.999999999999993,326.0,2.2325084930358727,3.339130936647465,26,29,1.3240819996267181,16,18
55,2.761454872394712,2.3434673069947305,52.72727272727272,1.765347218187417,40.0,5.454545454545454,54.54545454545454,-20.000000000000004,326.0,2.1940469545743344,3.2701654194060845,26,29,1.2628575098307993,16,19
55,2.797818479859126,2.3434673069947305,52.72727272727272,1.783320062574372,40.0,3.6363636363636362,56.36363636363636,-21.0,326.0,2.3478930472875184,3.2011999021647064,26,29,1.3036738039235092,16,20
55,0.03063358837022812,-5.000000000000002,29.09090909090909,1.0086365331915936,20.0,67.27272727272727,12.727272727272727,-8.692300638503319,8.0,-1.7536652366189123,1.6303497762915264,26,29,-1.9370439781317514,17,4
55,0.3241244469938679,-6.0,32.72727272727273,1.0845107409199002,23.636363636363637,58.18181818181818,18.181818181818183,-8.692300638503319,28.0,-1.257195656030479,1.7418597117743173,26,29,-1.6076154633501145,17,5
55,1.1261593305560391,-6.999999999999997,38.18181818181819,1.2883154511643475,29.09090909090909,50.90909090909091,20.0,-8.692300638503319,32.0,0.10038580490489518,2.0458183535536163,26,29,-0.7073722266986983,17,6
55,1.2751888049287885,-3.702882015680263,40.0,1.3150265876330367,30.909090909090907,45.45454545454545,23.636363636363637,-9.12720937364152,37.0,-0.03899648502912903,2.4534238924772667,26,29,-0.5400942452598976,17,7
55,1.4419834003197325,-3.489159361930943,41.81818181818181,1.3456343289657513,32.72727272727273,38.18181818181819,29.09090909090909,-9.461530702353649,45.0,-0.24377623154673067,2.9533541047517335,26,29,-0.3528758218618996,17,8
55,1.1328221722817928,-3.489159361930943,41.81818181818181,1.252797059412761,32.72727272727273,36.36363636363637,30.909090909090907,-11.687612658629634,54.0,-0.5474840895457048,2.6393036484029975,26,29,-0.6998935268024443,17,9
55,1.490676868797879,-2.35655886641702,43.63636363636363,1.3376998196502277,34.54545454545455,30.909090909090907,34.54545454545455,-11.769230063850333,77.0,0.18328514122352535,2.6628211762783347,26,29,-0.2982198878558163,17,10
55,1.2045775756068922,-2.35655886641702,43.63636363636363,1.2562764062736078,34.54545454545455,30.909090909090907,34.54545454545455,-12.19230384798431,83.0,-0.08594562800724326,2.361598378847151,26,29,-0.6193517475599862,17,11
55,1.751554628792829,-0.6239395382846239,47.27272727272727,1.390125843943775,36.36363636363637,25.454545454545453,38.18181818181819,-14.148367681139165,95.0,0.2410286974056443,3.1058192569330645,26,29,-0.005397912351280484,17,12
55,1.92945638535615,-0.09214360672830346,49.09090909090909,1.4381153933230806,36.36363636363637,21.818181818181817,41.81818181818181,-14.148367681139165,102.0,0.7437088666412337,2.992540367652282,26,29,0.19428773277081376,17,13
55,1.8190862678956121,-0.09214360672830346,49.09090909090909,1.4029553895434674,36.36363636363637,18.181818181818183,45.45454545454545,-15.000000000000009,256.0,0.551401174333541,2.955631524192641,26,29,0.07040290704980168,17,14
55,1.8058749262162466,-0.09214360672830346,49.09090909090909,1.3988616015573503,36.36363636363637,16.363636363636363,47.27272727272727,-16.415662850380002,295.0,0.7157617977041146,2.7832177310891932,26,29,0.05557385006275978,17,15
55,1.892974125962057,-0.09214360672830346,49.09090909090909,1.4263000547139038,36.36363636363637,14.545454545454545,49.09090909090909,-17.00000000000001,299.0,0.5779026765648838,3.07200370128366,26,29,0.1533382579407101,17,16
55,2.298979865247222,0.27794484990881596,50.90909090909091,1.5606293230042725,36.36363636363637,10.909090909090908,52.72727272727272,-18.00000000000001,325.0,0.7581657525736183,3.680399414540798,26,29,0.6090589857097726,17,17
55,2.50067633420797,0.27794484990881596,50.90909090909091,1.6413608187393713,36.36363636363637,7.2727272727272725,56.36363636363636,-18.999999999999993,326.0,1.0039384203785968,3.8425792914343067,26,29,0.8354529814820411,17,18
55,2.4279490614806973,0.27794484990881596,50.90909090909091,1.6113055819184927,36.36363636363637,7.2727272727272725,56.36363636363636,-20.000000000000004,326.0,0.9270153434555198,3.7736137741929268,26,29,0.7538203284208163,17,19
55,2.4461308507632933,0.27794484990881596,50.90909090909091,1.6187157147590017,36.36363636363637,5.454545454545454,58.18181818181818,-21.0,326.0,1.0423998977071658,3.7046482569515473,26,29,0.7742284592482204,17,20
55,-1.2368191426904016,-5.000000000000002,25.454545454545453,0.6683059977254014,10.909090909090908,70.9090909090909,18.181818181818183,-8.692300638503319,11.0,-2.522896005849682,-0.08378471365104682,26,29,-3.469899037713715,18,4
55,-0.9433282840667617,-6.000000000000003,29.09090909090909,0.7672797810792722,14.545454545454545,61.81818181818181,23.636363636363637,-8.692300638503319,28.0,-2.0264264252612483,0.027725221831743602,26,29,-3.1404705229320786,18,5
55,-0.12311158232277233,-7.000000000000001,34.54545454545455,0.9704097292051432,20.0,54.54545454545454,25.454545454545453,-8.692300638503319,32.0,-0.6303834258643358,0.33168386361104296,26,29,-2.219819123015356,18,6
55,0.007736073868158981,-4.978052895274468,36.36363636363637,1.001783004306341,21.818181818181817,49.09090909090909,29.09090909090909,-9.12720937364152,37.0,-0.8082272542598983,0.7392894025346932,26,29,-2.0729493048418615,18,7
55,0.156348851077285,-4.137752558978047,38.18181818181819,1.0347498727452542,23.636363636363637,41.81818181818181,34.54545454545455,-9.461530702353649,47.0,-1.051468539239038,1.239219614809161,26,29,-1.9061390447091693,18,8
55,-0.18917601332429101,-4.137752558978047,38.18181818181819,0.9609526815234218,23.636363636363637,40.0,36.36363636363637,-11.687612658629634,55.0,-1.3936379356995512,0.8906863998397357,26,29,-2.2939730761803263,18,9
55,0.1504968650099773,-3.489159361930943,40.0,1.031260988283284,25.454545454545453,34.54545454545455,40.0,-11.769230063850333,83.0,-0.6628687049303215,0.8797211690943831,26,29,-1.9127076004990051,18,10
55,-0.17196606454464727,-3.489159361930943,40.0,0.96652187686392,25.454545454545453,34.54545454545455,40.0,-12.19230384798431,90.0,-0.9705610126226285,0.5440156130425086,26,29,-2.274655786733787,18,11
55,0.35682917045947204,-2.35655886641702,43.63636363636363,1.0719059301731302,27.27272727272727,29.09090909090909,43.63636363636363,-14.148367681139165,149.0,-0.6820482256712797,1.2882364911284225,26,29,-1.6811101147903877,18,12
55,0.498367290659156,-1.1457712943990095,45.45454545454545,1.1014367902563713,27.27272727272727,25.454545454545453,47.27272727272727,-14.148367681139165,288.0,-0.2178295948972291,1.1404748432269498,26,29,-1.522240796198906,18,13
55,0.35163353683498183,-1.1457712943990095,45.45454545454545,1.0694953213034495,27.27272727272727,21.818181818181817,50.90909090909091,-15.000000000000009,303.0,-0.44859882566645987,1.0690832411466198,26,29,-1.6869419484505301,18,14
55,0.30205855879198085,-1.1457712943990095,45.45454545454545,1.059118310115517,27.27272727272727,20.0,52.72727272727272,-16.415662850380002,316.0,-0.32269974075742497,0.8621866894224821,26,29,-1.7425873319681842,18,15
55,0.3527941221741545,-1.1457712943990095,45.45454545454545,1.069740690970862,27.27272727272727,18.181818181818183,54.54545454545454,-17.00000000000001,323.0,-0.4990204003581941,1.11648990099626,26,29,-1.6856392506208464,18,16
55,0.7224362250956826,-0.6239395382846239,47.27272727272727,1.1519236558407822,27.27272727272727,14.545454545454545,58.18181818181818,-18.00000000000001,326.0,-0.3572188628109983,1.6904028556327073,26,29,-1.2707348493823964,18,17
55,0.8877690576927957,-0.6239395382846239,47.27272727272727,1.1934168788554762,27.27272727272727,10.909090909090908,61.81818181818181,-18.999999999999993,332.0,-0.1499077334675576,1.8180999739055268,26,29,-1.0851571801407387,18,18
55,0.8280900224856872,-0.6239395382846239,47.27272727272727,1.178099023773178,27.27272727272727,9.090909090909092,63.63636363636363,-20.000000000000004,333.0,-0.2652923488521734,1.808363872650666,26,29,-1.1521438523119834,18,19
55,0.8280899935864652,-0.6239395382846239,47.27272727272727,1.1780990164508038,27.27272727272727,7.2727272727272725,65.45454545454545,-21.0,333.0,-0.18836933306206566,1.7393983554092864,26,29,-1.1521438847498853,18,20
55,-1.5459100517813107,-5.000000000000002,23.636363636363637,0.5952802195480424,9.090909090909092,72.72727272727273,18.181818181818183,-8.692300638503319,11.0,-2.484434467388143,-0.7044743688234606,26,29,-3.7975965501812823,19,4
55,-1.2342373749758524,-6.000000000000003,27.27272727272727,0.7034920362456437,12.727272727272727,63.63636363636363,23.636363636363637,-8.692300638503319,29.0,-1.9495033483381705,-0.5929644333406701,26,29,-3.5894501147688134,19,5
55,-0.832202491413681,-7.000000000000001,30.909090909090907,0.8115094239863538,16.363636363636363,58.18181818181818,25.454545454545453,-8.692300638503319,34.0,-1.4380757335566428,-0.2890057915613706,26,29,-3.1381864699541318,19,6
55,-0.7195366534045682,-7.999999999999999,32.72727272727273,0.8445822756299617,18.181818181818183,52.72727272727272,29.09090909090909,-9.12720937364152,45.0,-1.6543811004137439,0.11859974736227877,26,29,-3.0117248150459432,19,7
55,-0.5891056943772597,-4.978052895274468,34.54545454545455,0.8779444291083244,20.0,45.45454545454545,34.54545454545455,-9.461530702353649,51.0,-1.9360839238544214,0.6185299596367477,26,29,-2.8653227181785557,19,8
55,-0.9709941951424724,-4.919090560012236,34.54545454545455,0.8135724034396203,20.0,43.63636363636363,36.36363636363637,-11.687612658629634,57.0,-2.316714858776473,0.23551398604663223,26,29,-3.293973076180326,19,9
55,-1.1767758622627493,-4.180209066982986,34.54545454545455,0.782650370153114,20.0,40.0,40.0,-11.769230063850333,94.0,-2.701330243391858,0.19006599668059043,26,29,-3.524952498458187,19,10
55,-1.5537842463628282,-4.180209066982986,34.54545454545455,0.7316997945518098,20.0,40.0,40.0,-12.19230384798431,94.0,-3.0859456280072424,-0.18012231799197437,26,29,-3.948125174488888,19,11
55,-1.061352647722345,-3.702882015680263,38.18181818181819,0.8128632520034961,21.818181818181817,34.54545454545455,43.63636363636363,-14.148367681139165,149.0,-2.87435591797897,0.5640985600939397,26,29,-3.395395829076101,19,12
55,-0.9743599820681154,-3.489159361930943,40.0,0.8283585899638637,21.818181818181817,30.909090909090907,47.27272727272727,-14.148367681139165,288.0,-2.487060364127996,0.38185415357177827,26,29,-3.297751000280537,19,13
55,-1.1756391904377443,-3.489159361930943,40.0,0.7999932575607481,21.818181818181817,27.27272727272727,50.90909090909091,-15.000000000000009,303.0,-2.794752671820304,0.27597979287075775,26,29,-3.5236766423280805,19,14
55,-1.2797596230261996,-3.489159361930943,40.0,0.7860691522658929,21.818181818181817,25.454545454545453,52.72727272727272,-16.415662850380002,316.0,-2.745776663834346,0.03460048252593097,26,29,-3.640546515641652,19,15
55,-1.2835695141894807,-3.489159361930943,40.0,0.7855688392218592,21.818181818181817,23.636363636363637,54.54545454545454,-17.00000000000001,323.0,-2.9990204003581926,0.25442093547901934,26,29,-3.6448229240902337,19,16
55,-0.9684728658134071,-2.554806237629323,41.81818181818181,0.8311905254837736,21.818181818181817,20.0,58.18181818181818,-18.00000000000001,326.0,-2.934141939734073,0.7938511314947768,26,29,-3.2911430126477015,19,17
55,-0.48007518021717005,-2.554806237629323,41.81818181818181,0.90853409037949,21.818181818181817,12.727272727272727,65.45454545454545,-18.999999999999993,343.0,-2.2517542718640793,1.108326764017991,26,29,-2.74294152881519,19,18
55,-0.5579360336060967,-2.554806237629323,41.81818181818181,0.8952535660071742,21.818181818181817,10.909090909090908,67.27272727272727,-20.000000000000004,345.0,-2.405600425710233,1.0985906627631297,26,29,-2.8303363642517407,19,19
55,-0.5761178806871367,-2.554806237629323,41.81818181818181,0.8922080633645878,21.818181818181817,9.090909090909092,69.0909090909091,-21.0,345.0,-2.3671389483816636,1.0296251455217513,26,29,-2.8507445599549484,19,20
55,-1.4550009608722194,-5.000000000000002,23.636363636363637,0.6190802506503821,9.090909090909092,72.72727272727273,18.181818181818183,-8.692300638503319,11.0,-2.4459729289266052,-0.5665433343407004,26,29,-3.7975965501812823,20,4
55,-1.1069646477031243,-6.000000000000003,27.27272727272727,0.7340674976359929,12.727272727272727,63.63636363636363,23.636363636363637,-8.692300638503319,29.0,-1.8725802714150943,-0.4205506402372197,26,29,-3.569041951503507,20,5
55,-0.6685661277773165,-7.000000000000001,30.909090909090907,0.8485724137716903,16.363636363636363,58.18181818181818,25.454545454545453,-8.692300638503319,34.0,-1.3226911181720276,-0.08210923983723047,26,29,-3.076961980158213,20,6
55,-0.5377184715863856,-7.999999999999999,32.72727272727273,0.8838544488174915,18.181818181818183,52.72727272727272,29.09090909090909,-9.12720937364152,45.0,-1.5389964850291291,0.3599790577071084,26,29,-2.9300921619847182,20,7
55,-0.38910569437725867,-4.978052895274468,34.54545454545455,0.919382008835236,20.0,45.45454545454545,34.54545454545455,-9.461530702353649,51.0,-1.8206993084698067,0.8943920286022669,26,29,-2.763281901852025,20,8
55,-0.7709941951424716,-4.919090560012236,34.54545454545455,0.8519717260087994,20.0,43.63636363636363,36.36363636363637,-11.687612658629634,57.0,-2.2013302433918582,0.5113760550121514,26,29,-3.191932259853795,20,9
55,-0.9767758622627484,-4.180209066982986,34.54545454545455,0.8195902219663488,20.0,40.0,40.0,-11.769230063850333,94.0,-2.5859456280072433,0.4659280656461096,26,29,-3.4229116821316565,20,10
55,-1.3537842463628273,-4.180209066982986,34.54545454545455,0.7662348602890564,20.0,40.0,40.0,-12.19230384798431,94.0,-2.970561012622628,0.09573975097354495,26,29,-3.8460843581623574,20,11
55,-0.843170829540526,-3.702882015680263,38.18181818181819,0.8513328747194995,21.818181818181817,34.54545454545455,43.63636363636363,-14.148367681139165,149.0,-2.7589713025943556,0.8744433876801485,26,29,-3.2729468494842644,20,12
55,-0.7561781638862967,-3.489159361930943,40.0,0.8667930860496824,21.818181818181817,30.909090909090907,47.27272727272727,-14.148367681139165,288.0,-2.371675748743381,0.6921989811579866,26,29,-3.1753020206887,20,13
55,-0.9574573722559254,-3.489159361930943,40.0,0.8371116481936518,21.818181818181817,27.27272727272727,50.90909090909091,-15.000000000000009,303.0,-2.679368056435689,0.5863246204569666,26,29,-3.401227662736243,20,14
55,-1.061577804844381,-3.489159361930943,40.0,0.8225414869793705,21.818181818181817,25.454545454545453,52.72727272727272,-16.415662850380002,316.0,-2.630392048449731,0.34494531011213975,26,29,-3.5180975360498152,20,15
55,-1.0653876960076618,-3.489159361930943,40.0,0.8220179602209314,21.818181818181817,23.636363636363637,54.54545454545454,-17.00000000000001,323.0,-2.8836357849735776,0.5647657630652282,26,29,-3.5223739444983964,20,16
55,-0.750291047631588,-2.554806237629323,41.81818181818181,0.8692206648675278,21.818181818181817,20.0,58.18181818181818,-18.00000000000001,326.0,-2.818757324349458,1.1041959590809856,26,29,-3.168694033055864,20,17
55,-0.2618933620353511,-2.554806237629323,41.81818181818181,0.9501029930951632,21.818181818181817,12.727272727272727,65.45454545454545,-18.999999999999993,343.0,-2.1363696564794643,1.4186715916041994,26,29,-2.6204925492233526,20,18
55,-0.33975421542427764,-2.554806237629323,41.81818181818181,0.9362148340380385,21.818181818181817,10.909090909090908,67.27272727272727,-20.000000000000004,345.0,-2.290215810325619,1.4089354903493385,26,29,-2.7078873846599034,20,19
55,-0.3579360625053176,-2.554806237629323,41.81818181818181,0.9330299880241791,21.818181818181817,9.090909090909092,69.0909090909091,-21.0,345.0,-2.251754332997049,1.3399699731079593,26,29,-2.728295580363112,20,20
55,-1.364091869963128,-5.000000000000002,23.636363636363637,0.6428802817527215,9.090909090909092,72.72727272727273,18.181818181818183,-8.692300638503319,11.0,-2.407511390465066,-0.42861229985794225,26,29,-3.7975965501812823,21,4
55,-0.9796919204303973,-6.000000000000003,27.27272727272727,0.7646429590263419,12.727272727272727,63.63636363636363,23.636363636363637,-8.692300638503319,29.0,-1.7956571944920168,-0.24813684713377263,26,29,-3.5486337882382006,21,5
55,-0.5049297641409531,-7.000000000000001,30.909090909090907,0.8856354035570266,16.363636363636363,58.18181818181818,25.454545454545453,-8.692300638503319,34.0,-1.2073065027874117,0.12478731188690624,26,29,-3.0157374903622944,21,6
55,-0.3559002897682038,-7.999999999999999,32.72727272727273,0.9231266220050213,18.181818181818183,52.72727272727272,29.09090909090909,-9.12720937364152,45.0,-1.423611869644513,0.6013583680519355,26,29,-2.8484595089234936,21,7
55,-0.1891056943772588,-4.978052895274468,34.54545454545455,0.9608195885621471,20.0,45.45454545454545,34.54545454545455,-9.461530702353649,51.0,-1.7053146930851908,1.1702540975677835,26,29,-2.6612410855254947,21,8
55,-0.5709941951424716,-4.919090560012236,34.54545454545455,0.8903710485779782,20.0,43.63636363636363,36.36363636363637,-11.687612658629634,57.0,-2.0859456280072424,0.7872381239776682,26,29,-3.089891443527264,21,9
55,-0.7767758622627485,-4.180209066982986,34.54545454545455,0.8565300737795832,20.0,40.0,40.0,-11.769230063850333,94.0,-2.4705610126226274,0.7417901346116265,26,29,-3.3208708658051256,21,10
55,-1.1537842463628276,-4.180209066982986,34.54545454545455,0.8007699260263027,20.0,40.0,40.0,-12.19230384798431,94.0,-2.8551763972380115,0.3716018199390618,26,29,-3.7440435418358264,21,11
55,-0.6249890113587079,-3.702882015680263,38.18181818181819,0.8898024974355032,21.818181818181817,34.54545454545455,43.63636363636363,-14.148367681139165,149.0,-2.6435866872097398,1.1847882152663556,26,29,-3.1504978698924275,21,12
55,-0.5379963457044782,-3.489159361930943,40.0,0.9052275821355011,21.818181818181817,30.909090909090907,47.27272727272727,-14.148367681139165,288.0,-2.256291133358765,1.0025438087441936,26,29,-3.0528530410968635,21,13
55,-0.7392755540741074,-3.489159361930943,40.0,0.8742300388265555,21.818181818181817,27.27272727272727,50.90909090909091,-15.000000000000009,303.0,-2.5639834410510733,0.8966694480431731,26,29,-3.2787786831444063,21,14
55,-0.8433959866625625,-3.489159361930943,40.0,0.859013821692848,21.818181818181817,25.454545454545453,52.72727272727272,-16.415662850380002,316.0,-2.515007433065115,0.6552901376983467,26,29,-3.395648556457979,21,15
55,-0.8472058778258437,-3.489159361930943,40.0,0.8584670812200036,21.818181818181817,23.636363636363637,54.54545454545454,-17.00000000000001,323.0,-2.768251169588962,0.8751105906514346,26,29,-3.3999249649065595,21,16
55,-0.5321092294497699,-2.554806237629323,41.81818181818181,0.9072508042512819,21.818181818181817,20.0,58.18181818181818,-18.00000000000001,326.0,-2.7033727089648423,1.414540786667192,26,29,-3.0462450534640273,21,17
55,-0.043711543853532896,-2.554806237629323,41.81818181818181,0.9916718958108364,21.818181818181817,12.727272727272727,65.45454545454545,-18.999999999999993,344.0,-2.0209850410948484,1.7290164191904063,26,29,-2.498043569631516,21,18
55,-0.12157239724245966,-2.554806237629323,41.81818181818181,0.9771761020689027,21.818181818181817,10.909090909090908,67.27272727272727,-20.000000000000004,345.0,-2.1748311949410026,1.719280317935545,26,29,-2.5854384050680665,21,19
55,-0.13975424432349964,-2.554806237629323,41.81818181818181,0.9738519126837701,21.818181818181817,9.090909090909092,69.0909090909091,-21.0,345.0,-2.1363697176124328,1.6503148006941661,26,29,-2.6058466007712746,21,20
55,-1.3749624365131772,-5.000000000000002,23.636363636363637,0.6400343637108181,7.2727272727272725,72.72727272727273,20.0,-8.692300638503319,11.0,-2.369049852003528,-0.48371165021148327,26,29,-3.7975965501812823,22,4
55,-0.95419885061681,-6.000000000000003,27.27272727272727,0.7707673062333954,10.909090909090908,63.63636363636363,25.454545454545453,-8.692300638503319,29.0,-1.7187341175689403,-0.268753438866624,26,29,-3.6424680976311126,22,5
55,-0.44307305796372914,-7.000000000000001,30.909090909090907,0.8996457030910326,14.545454545454545,58.18181818181818,27.27272727272727,-8.692300638503319,34.0,-1.0919218874027963,0.13865347877474477,26,29,-3.068755473224594,22,6
55,-0.2758617654091617,-7.999999999999999,32.72727272727273,0.9404146993516856,16.363636363636363,52.72727272727272,30.909090909090907,-9.12720937364152,45.0,-1.3082272542598976,0.6497072935604638,26,29,-2.881069328520488,22,7
55,-0.09088535183639876,-4.978052895274468,34.54545454545455,0.9811696549363543,18.181818181818183,45.45454545454545,36.36363636363637,-9.461530702353649,51.0,-1.5899300777005754,1.253085781697001,26,29,-2.673442741857182,22,8
55,-0.47277385260161137,-4.919090560012236,34.54545454545455,0.9092290216583868,18.181818181818183,43.63636363636363,38.18181818181819,-11.687612658629634,57.0,-1.970561012622627,0.8700698081068856,26,29,-3.1020930998589513,22,9
55,-0.6785555197218882,-4.180209066982986,34.54545454545455,0.8746712982721058,18.181818181818183,40.0,41.81818181818181,-11.769230063850333,94.0,-2.3551763972380115,0.8246218187408437,26,29,-3.3330725221368125,22,10
55,-1.0555639038219675,-4.180209066982986,34.54545454545455,0.81773015595822,18.181818181818183,40.0,41.81818181818181,-12.19230384798431,94.0,-2.739791781853396,0.4544335040682791,26,29,-3.7562451981675133,22,11
55,-0.5085868506360294,-3.702882015680263,38.18181818181819,0.9103264221311779,20.0,34.54545454545455,45.45454545454545,-14.148367681139165,149.0,-2.5282020718251244,1.302102658016262,26,29,-3.142291362958809,22,12
55,-0.42159418498180024,-3.489159361930943,40.0,0.925732766426102,20.0,30.909090909090907,49.09090909090909,-14.148367681139165,288.0,-2.1409065179741495,1.1198582514940996,26,29,-3.0446465341632445,22,13
55,-0.6228733933514289,-3.489159361930943,40.0,0.8940330678242229,20.0,27.27272727272727,52.72727272727272,-15.000000000000009,303.0,-2.448598825666458,1.01398389079308,26,29,-3.2705721762107878,22,14
55,-0.7269938259398845,-3.489159361930943,40.0,0.878472173459408,20.0,25.454545454545453,54.54545454545454,-16.415662850380002,316.0,-2.3996228176804997,0.7726045804482532,26,29,-3.38744204952436,22,15
55,-0.7308037171031654,-3.489159361930943,40.0,0.8779130482400358,20.0,23.636363636363637,56.36363636363636,-17.00000000000001,323.0,-2.6528665542043464,0.992425033401341,26,29,-3.391718457972941,22,16
55,-0.4157070687270915,-2.554806237629323,41.81818181818181,0.927540260236861,20.0,20.0,60.0,-18.00000000000001,326.0,-2.587988093580227,1.531855229417099,26,29,-3.0380385465304087,22,17
55,0.07269061686914559,-2.554806237629323,41.81818181818181,1.0138493170794727,20.0,12.727272727272727,67.27272727272727,-18.999999999999993,345.0,-1.905600425710233,1.8463308619403127,26,29,-2.489837062697897,22,18
55,-0.005170236519781181,-2.554806237629323,41.81818181818181,0.9990293442155974,20.0,10.909090909090908,69.0909090909091,-20.000000000000004,348.0,-2.059446579556387,1.836594760685452,26,29,-2.577231898134448,22,19
55,-0.023352083600821416,-2.554806237629323,41.81818181818181,0.9956308137619297,20.0,9.090909090909092,70.9090909090909,-21.0,348.0,-2.020985102227818,1.7676292434440726,26,29,-2.5976400938376565,22,20
55,-1.793144254694995,-5.000000000000002,21.818181818181817,0.5414673128555344,5.454545454545454,74.54545454545455,20.0,-8.692300638503319,11.0,-2.3305883135419894,-1.3112978571080345,26,29,-4.042494548290438,23,4
55,-1.3579027073555767,-6.000000000000003,25.454545454545453,0.6823895963451628,9.090909090909092,65.45454545454545,25.454545454545453,-8.692300638503319,29.0,-1.6418110406458628,-1.1033642016470442,26,29,-4.083403423353143,23,5
55,-0.8248912397819101,-7.000000000000002,29.09090909090909,0.8184003256073857,12.727272727272727,60.0,27.27272727272727,-8.692300638503319,34.0,-0.9765372720181801,-0.688932728121806,26,29,-3.6197758813878593,23,6
55,-0.6576799472273427,-7.999999999999999,30.909090909090907,0.8622702916261347,14.545454545454545,54.54545454545454,30.909090909090907,-9.12720937364152,45.0,-1.1928426388752815,-0.17787891333608716,26,29,-3.4320897366837526,23,7
55,-0.4727035336545794,-6.020245791212316,32.72727272727273,0.905273118576911,16.363636363636363,47.27272727272727,36.36363636363637,-9.461530702353649,51.0,-1.474545462315959,0.425499574800451,26,29,-3.224463150020447,23,8
55,-0.8727738526016103,-4.978052895274468,32.72727272727273,0.8380826638125776,16.363636363636363,45.45454545454545,38.18181818181819,-11.687612658629634,73.0,-1.855176397238011,0.008000842589645663,26,29,-3.673521671287523,23,9
55,-1.0967373379037053,-4.919090560012236,32.72727272727273,0.8046496396615437,16.363636363636363,41.81818181818181,41.81818181818181,-11.769230063850333,109.0,-2.2397917818533957,-0.07192990539708646,26,29,-3.9249092568306896,23,10
55,-1.4919275401856025,-4.919090560012236,32.72727272727273,0.7517342391194821,16.363636363636363,41.81818181818181,41.81818181818181,-12.19230384798431,133.0,-2.6244071664687803,-0.47660097869033996,26,29,-4.368490096126697,23,11
55,-0.944950486999665,-4.137752558978047,36.36363636363637,0.840053034405254,18.181818181818183,36.36363636363637,45.45454545454545,-14.148367681139165,149.0,-2.4128174564405076,0.37106817525764313,26,29,-3.754536260917992,23,12
55,-0.8761396395272533,-3.702882015680263,38.18181818181819,0.8522844989041123,18.181818181818183,32.72727272727273,49.09090909090909,-14.148367681139165,288.0,-2.0255219025895337,0.15434101011479165,26,29,-3.677299595387734,23,13
55,-0.9356681591811047,-3.702882015680263,38.18181818181819,0.8438156303772589,18.181818181818183,27.27272727272727,54.54545454545454,-15.000000000000009,316.0,-2.333214210281841,0.31730416249541876,26,29,-3.7441173215298114,23,14
55,-1.03978859176956,-3.702882015680263,38.18181818181819,0.8294005848141336,18.181818181818183,25.454545454545453,56.36363636363636,-16.415662850380002,323.0,-2.2842382022958834,0.07592485215059198,26,29,-3.8609871948433847,23,15
55,-1.043598482932841,-3.625206864360415,38.18181818181819,0.8288824556877128,18.181818181818183,23.636363636363637,58.18181818181818,-17.00000000000001,325.0,-2.53748193881973,0.29574530510368036,26,29,-3.865263603291965,23,16
55,-0.7285018345567672,-3.489159361930943,40.0,0.875467030987771,18.181818181818183,20.0,61.81818181818181,-18.00000000000001,327.0,-2.472603478195611,0.8351755011194378,26,29,-3.5115836918494328,23,17
55,-0.24010414896053034,-3.489159361930943,40.0,0.9552167615353665,18.181818181818183,12.727272727272727,69.0909090909091,-18.999999999999993,348.0,-1.7902158103256172,1.149651133642652,26,29,-2.9633822080169225,23,18
55,-0.31796500234945685,-3.489159361930943,40.0,0.9415433988457873,18.181818181818183,10.909090909090908,70.9090909090909,-20.000000000000004,349.0,-1.944061964171771,1.1399150323877911,26,29,-3.050777043453472,23,19
55,-0.336146849430497,-3.489159361930943,40.0,0.9384066242983824,18.181818181818183,9.090909090909092,72.72727272727273,-21.0,353.0,-1.9056004868432017,1.070949515146412,26,29,-3.0711852391566805,23,20
55,-1.738598800149541,-5.000000000000002,21.818181818181817,0.5554153673853122,5.454545454545454,74.54545454545455,20.0,-8.692300638503319,11.0,-2.2921267750804515,-1.2423323398666555,26,29,-4.042494548290438,24,4
55,-1.2669936164464863,-6.000000000000003,25.454545454545453,0.7036530292134573,9.090909090909092,65.45454545454545,25.454545454545453,-8.692300638503319,29.0,-1.564887963722786,-0.9999159257849756,26,29,-4.083403423353143,24,5
55,-0.6976185125091833,-7.000000000000002,29.09090909090909,0.8464193961431545,12.727272727272727,60.0,27.27272727272727,-8.692300638503319,34.0,-0.8611526566335651,-0.5510016936390476,26,29,-3.599367718122553,24,6
55,-0.5122254017727974,-7.999999999999999,30.909090909090907,0.8927310228854118,14.545454545454545,54.54545454545454,30.909090909090907,-9.12720937364152,45.0,-1.0774580234906665,-0.005465120232639377,26,29,-3.3912734101531403,24,7
55,-0.30906717001821626,-6.020245791212316,32.72727272727273,0.9380648396263546,16.363636363636363,47.27272727272727,36.36363636363637,-9.461530702353649,51.0,-1.359160846931344,0.6323961265245882,26,29,-3.163238660224529,24,8
55,-0.7091374889652471,-4.978052895274468,32.72727272727273,0.8684405440634775,16.363636363636363,45.45454545454545,38.18181818181819,-11.687612658629634,74.0,-1.7397917818533961,0.21489739431378355,26,29,-3.6122971814916047,24,9
55,-0.9331009742673423,-4.919090560012236,32.72727272727273,0.8337964750031202,16.363636363636363,41.81818181818181,41.81818181818181,-11.769230063850333,109.0,-2.1244071664687807,0.13496664632705163,26,29,-3.863684767034772,24,10
55,-1.3282911765492393,-4.919090560012236,32.72727272727273,0.7789643191546352,16.363636363636363,41.81818181818181,41.81818181818181,-12.19230384798431,133.0,-2.5090225510841653,-0.2697044269662024,26,29,-4.307265606330779,24,11
55,-0.7631323051814831,-4.137752558978047,36.36363636363637,0.8708284738297138,18.181818181818183,36.36363636363637,45.45454545454545,-14.148367681139165,149.0,-2.297432841055893,0.6124474856024702,26,29,-3.6729036078567674,24,12
55,-0.6943214577090719,-3.702882015680263,38.18181818181819,0.8829387035810147,18.181818181818183,32.72727272727273,49.09090909090909,-14.148367681139165,288.0,-1.9101372872049187,0.39572032045961925,26,29,-3.5956669423265093,24,13
55,-0.7538499773629229,-3.702882015680263,38.18181818181819,0.8741652343843878,18.181818181818183,27.27272727272727,54.54545454545454,-15.000000000000009,316.0,-2.2178295948972266,0.5586834728402459,26,29,-3.6624846684685872,24,14
55,-0.8579704099513785,-3.702882015680263,38.18181818181819,0.8592317213873397,18.181818181818183,25.454545454545453,56.36363636363636,-16.415662850380002,323.0,-2.1688535869112684,0.3173041624954195,26,29,-3.77935454178216,24,15
55,-0.8617803011146592,-3.625206864360415,38.18181818181819,0.8586949566570673,18.181818181818183,23.636363636363637,58.18181818181818,-17.00000000000001,325.0,-2.422097323435115,0.5371246154485079,26,29,-3.783630950230741,24,16
55,-0.5466836527385855,-3.489159361930943,40.0,0.9065477461324343,18.181818181818183,20.0,61.81818181818181,-18.00000000000001,327.0,-2.357218862810996,1.0765548114642653,26,29,-3.429951038788208,24,17
55,-0.058285967142348516,-3.489159361930943,40.0,0.9891287411026508,18.181818181818183,12.727272727272727,69.0909090909091,-18.999999999999993,348.0,-1.6748311949410022,1.3910304439874792,26,29,-2.8817495549556984,24,18
55,-0.13614682053127503,-3.489159361930943,40.0,0.9749699484930608,18.181818181818183,10.909090909090908,70.9090909090909,-20.000000000000004,349.0,-1.8286773487871562,1.3812943427326179,26,29,-2.9691443903922483,24,19
55,-0.154328667612315,-3.489159361930943,40.0,0.9717218125891114,18.181818181818183,9.090909090909092,72.72727272727273,-21.0,353.0,-1.7902158714585867,1.312328825491239,26,29,-2.989552586095456,24,20
